customer_id,invoice_id,invoice_date,purchase_amount,product_category,payment_method,customer_segment,region,customer_lifetime_value,purchase_count,avg_purchase_amount,customer_tenure_days
CUST_102,INV_0,2024-01-23,71.39,clothing,upi,loyal,north,1174.56,8,146.82,153
CUST_435,INV_1,2024-02-23,56.88,clothing,credit card,returning,south,852.01,12,71.00083333333333,173
CUST_860,INV_2,2024-03-05,89.96,electronics,cash on delivery,loyal,east,859.3199999999999,9,95.47999999999999,148
CUST_270,INV_3,2024-05-19,26.58,beauty,cash on delivery,new,south,965.77,12,80.48083333333334,160
CUST_106,INV_4,2024-01-24,283.46,books,credit card,returning,north,1046.54,8,130.8175,138
CUST_71,INV_5,2024-02-03,88.87,books,debit card,new,south,926.36,10,92.636,143
CUST_700,INV_6,2024-02-22,37.28,home,cash on delivery,new,south,734.36,10,73.436,142
CUST_20,INV_7,2024-05-15,59.73,clothing,debit card,returning,west,1237.24,11,112.47636363636364,158
CUST_614,INV_8,2024-01-18,163.83,clothing,cash on delivery,returning,west,929.96,9,103.3288888888889,114
CUST_121,INV_9,2024-02-26,17.63,electronics,upi,new,south,1001.52,11,91.04727272727273,157
CUST_466,INV_10,2024-04-21,34.65,electronics,cash on delivery,new,south,1071.0,12,89.25,111
CUST_214,INV_11,2024-01-05,113.79,electronics,debit card,new,north,1047.22,10,104.72200000000001,142
CUST_330,INV_12,2024-06-02,37.91,home,upi,loyal,south,870.25,13,66.9423076923077,171
CUST_458,INV_13,2024-06-06,157.26,beauty,cash on delivery,new,east,1730.79,13,133.1376923076923,145
CUST_87,INV_14,2024-01-13,13.98,electronics,upi,loyal,west,869.63,11,79.05727272727273,164
CUST_372,INV_15,2024-03-23,143.84,electronics,upi,returning,east,476.82,7,68.11714285714285,101
CUST_99,INV_16,2024-01-29,7.08,electronics,cash on delivery,new,south,591.23,7,84.46142857142857,164
CUST_871,INV_17,2024-01-03,1.27,home,credit card,returning,north,1672.77,14,119.48357142857142,177
CUST_663,INV_18,2024-03-30,228.5,books,credit card,new,east,2021.0,17,118.88235294117646,152
CUST_130,INV_19,2024-04-13,87.07,beauty,debit card,returning,south,663.9599999999999,10,66.39599999999999,143
CUST_661,INV_20,2024-05-02,43.36,books,debit card,new,west,1633.99,15,108.93266666666666,133
CUST_308,INV_21,2024-03-16,26.47,clothing,cash on delivery,loyal,south,595.39,9,66.15444444444444,148
CUST_769,INV_22,2024-05-09,95.94,clothing,upi,returning,west,996.21,11,90.56454545454545,137
CUST_343,INV_23,2024-04-17,71.13,electronics,upi,returning,north,1414.3899999999999,12,117.86583333333333,169
CUST_491,INV_24,2024-06-04,477.93,books,credit card,new,west,1204.84,10,120.484,111
CUST_413,INV_25,2024-03-22,408.73,home,credit card,loyal,south,1491.01,13,114.69307692307692,176
CUST_805,INV_26,2024-03-17,100.79,beauty,upi,loyal,north,875.45,12,72.95416666666667,171
CUST_385,INV_27,2024-01-02,58.5,books,upi,loyal,west,1210.29,13,93.09923076923077,157
CUST_191,INV_28,2024-05-06,67.56,books,debit card,new,west,1744.07,14,124.57642857142856,154
CUST_955,INV_29,2024-05-14,114.72,beauty,upi,returning,east,1447.9499999999998,15,96.52999999999999,151
CUST_276,INV_30,2024-01-26,10.71,books,upi,new,west,2147.64,14,153.40285714285713,156
CUST_160,INV_31,2024-03-28,39.8,books,cash on delivery,loyal,south,1260.26,17,74.13294117647058,158
CUST_459,INV_32,2024-01-16,7.83,beauty,upi,loyal,north,1002.65,10,100.265,162
CUST_313,INV_33,2024-05-30,7.62,home,credit card,returning,south,2380.87,15,158.72466666666665,132
CUST_21,INV_34,2024-06-16,21.8,beauty,credit card,new,west,1068.97,15,71.26466666666667,156
CUST_252,INV_35,2024-03-13,66.41,electronics,debit card,new,south,1610.4199999999998,14,115.02999999999999,170
CUST_747,INV_36,2024-02-01,153.61,electronics,debit card,loyal,east,1537.69,11,139.79,145
CUST_856,INV_37,2024-01-15,66.46,electronics,cash on delivery,returning,south,1079.73,8,134.96625,123
CUST_560,INV_38,2024-05-20,40.87,electronics,debit card,returning,north,1191.05,12,99.25416666666666,167
CUST_474,INV_39,2024-01-05,8.59,clothing,upi,loyal,north,412.5,6,68.75,137
CUST_58,INV_40,2024-03-14,79.92,home,upi,new,west,1328.9,14,94.92142857142858,150
CUST_510,INV_41,2024-02-21,31.65,clothing,cash on delivery,new,north,657.49,14,46.96357142857143,136
CUST_681,INV_42,2024-03-17,95.43,books,credit card,returning,south,1672.08,10,167.208,141
CUST_475,INV_43,2024-06-17,378.05,books,upi,returning,west,2205.11,13,169.62384615384616,162
CUST_699,INV_44,2024-04-19,11.8,beauty,upi,loyal,south,2424.12,16,151.5075,174
CUST_975,INV_45,2024-06-26,23.84,electronics,cash on delivery,returning,east,646.1899999999999,9,71.79888888888888,171
CUST_782,INV_46,2024-05-22,64.07,beauty,credit card,new,south,1358.75,16,84.921875,170
CUST_189,INV_47,2024-04-15,346.14,books,debit card,new,north,1748.28,14,124.87714285714286,171
CUST_957,INV_48,2024-05-06,147.76,electronics,upi,returning,north,1402.95,15,93.53,149
CUST_686,INV_49,2024-01-07,228.5,home,credit card,loyal,east,778.83,13,59.910000000000004,142
CUST_957,INV_50,2024-02-09,40.6,books,cash on delivery,new,west,1402.95,15,93.53,149
CUST_562,INV_51,2024-06-04,483.31,beauty,cash on delivery,new,north,1821.19,13,140.09153846153848,176
CUST_875,INV_52,2024-06-08,10.85,beauty,credit card,loyal,north,625.1,10,62.510000000000005,162
CUST_566,INV_53,2024-04-08,5.44,books,cash on delivery,returning,north,968.67,13,74.51307692307692,111
CUST_243,INV_54,2024-05-22,193.52,clothing,debit card,new,east,698.72,6,116.45333333333333,125
CUST_831,INV_55,2024-03-25,262.09,home,credit card,new,east,1121.82,13,86.29384615384615,139
CUST_504,INV_56,2024-03-05,9.5,books,debit card,loyal,north,1310.05,11,119.09545454545454,156
CUST_130,INV_57,2024-05-11,12.04,books,cash on delivery,returning,west,663.9599999999999,10,66.39599999999999,143
CUST_484,INV_58,2024-01-11,3.37,beauty,debit card,loyal,north,1281.8899999999999,16,80.11812499999999,162
CUST_818,INV_59,2024-04-17,11.04,electronics,debit card,loyal,south,736.22,10,73.622,148
CUST_646,INV_60,2024-01-26,23.5,electronics,debit card,returning,south,390.61,5,78.122,158
CUST_20,INV_61,2024-06-13,350.91,electronics,debit card,new,west,1237.24,11,112.47636363636364,158
CUST_840,INV_62,2024-05-30,110.22,beauty,credit card,loyal,north,174.72,6,29.12,156
CUST_166,INV_63,2024-03-25,150.76,electronics,cash on delivery,new,west,357.65999999999997,6,59.60999999999999,84
CUST_273,INV_64,2024-06-16,149.67,books,cash on delivery,new,south,952.6199999999999,10,95.26199999999999,152
CUST_387,INV_65,2024-05-30,76.59,clothing,upi,new,north,872.6700000000001,10,87.26700000000001,155
CUST_600,INV_66,2024-05-02,159.7,clothing,debit card,new,north,1760.6799999999998,14,125.76285714285713,168
CUST_315,INV_67,2024-05-23,90.59,clothing,debit card,loyal,south,536.5,7,76.64285714285714,135
CUST_13,INV_68,2024-03-08,37.77,electronics,upi,returning,west,778.9,10,77.89,76
CUST_241,INV_69,2024-04-13,82.35,clothing,upi,new,west,1114.7,12,92.89166666666667,155
CUST_776,INV_70,2024-03-20,76.25,electronics,debit card,new,east,447.11,5,89.422,90
CUST_345,INV_71,2024-06-07,173.42,books,cash on delivery,new,east,922.68,7,131.81142857142856,154
CUST_564,INV_72,2024-02-22,400.23,books,upi,returning,east,1502.43,8,187.80375,93
CUST_897,INV_73,2024-04-15,52.94,beauty,debit card,new,west,482.14,7,68.87714285714286,149
CUST_339,INV_74,2024-06-01,144.13,beauty,cash on delivery,returning,north,857.42,12,71.45166666666667,155
CUST_91,INV_75,2024-02-13,10.51,home,credit card,loyal,north,802.32,10,80.232,137
CUST_366,INV_76,2024-05-19,149.98,books,upi,returning,east,1142.62,13,87.89384615384614,141
CUST_955,INV_77,2024-03-30,46.43,electronics,upi,new,west,1447.9499999999998,15,96.52999999999999,151
CUST_454,INV_78,2024-04-10,4.02,home,cash on delivery,loyal,east,1356.76,14,96.91142857142857,178
CUST_427,INV_79,2024-04-06,45.14,books,credit card,returning,west,618.85,10,61.885000000000005,172
CUST_508,INV_80,2024-01-09,94.33,electronics,cash on delivery,new,west,749.6,11,68.14545454545454,169
CUST_775,INV_81,2024-01-12,12.7,books,upi,loyal,east,1331.75,19,70.09210526315789,129
CUST_942,INV_82,2024-03-09,257.75,books,credit card,loyal,north,1124.26,11,102.20545454545454,165
CUST_34,INV_83,2024-01-28,8.09,electronics,debit card,returning,north,905.3,11,82.3,164
CUST_205,INV_84,2024-02-25,265.94,books,upi,new,west,1322.57,13,101.73615384615384,175
CUST_80,INV_85,2024-04-08,122.81,books,cash on delivery,returning,south,786.99,8,98.37375,175
CUST_931,INV_86,2024-04-19,40.0,books,cash on delivery,loyal,south,970.01,9,107.77888888888889,112
CUST_561,INV_87,2024-03-17,49.55,beauty,cash on delivery,loyal,south,680.04,8,85.005,150
CUST_871,INV_88,2024-04-12,135.02,clothing,cash on delivery,new,east,1672.77,14,119.48357142857142,177
CUST_387,INV_89,2024-04-15,92.0,books,cash on delivery,loyal,north,872.6700000000001,10,87.26700000000001,155
CUST_1,INV_90,2024-04-18,111.37,electronics,upi,new,south,1418.52,9,157.61333333333334,158
CUST_389,INV_91,2024-04-21,49.29,books,credit card,returning,south,1622.9,15,108.19333333333334,171
CUST_565,INV_92,2024-02-27,66.91,beauty,cash on delivery,loyal,south,951.3399999999999,12,79.27833333333332,162
CUST_105,INV_93,2024-03-18,459.2,beauty,cash on delivery,loyal,south,1413.3799999999999,12,117.78166666666665,153
CUST_771,INV_94,2024-03-15,24.07,books,debit card,new,east,968.77,12,80.73083333333334,170
CUST_821,INV_95,2024-02-11,54.1,home,debit card,new,north,2552.8,18,141.82222222222222,162
CUST_476,INV_96,2024-06-14,34.51,clothing,credit card,returning,north,1088.04,15,72.536,158
CUST_702,INV_97,2024-03-08,144.86,electronics,upi,new,north,1241.85,8,155.23125,164
CUST_401,INV_98,2024-02-02,144.4,electronics,upi,loyal,south,584.6600000000001,8,73.08250000000001,166
CUST_729,INV_99,2024-03-11,34.59,electronics,credit card,returning,west,707.35,9,78.59444444444445,140
CUST_555,INV_100,2024-02-25,8.49,electronics,credit card,returning,east,1410.72,14,100.76571428571428,147
CUST_161,INV_101,2024-04-14,1.15,beauty,credit card,returning,east,788.74,12,65.72833333333334,173
CUST_201,INV_102,2024-04-10,55.77,clothing,cash on delivery,new,east,1577.01,9,175.22333333333333,175
CUST_957,INV_103,2024-02-20,52.82,books,upi,new,north,1402.95,15,93.53,149
CUST_995,INV_104,2024-03-14,445.59,books,credit card,loyal,north,1159.33,7,165.6185714285714,127
CUST_269,INV_105,2024-06-19,63.45,home,debit card,returning,east,1414.0900000000001,12,117.84083333333335,156
CUST_862,INV_106,2024-04-30,29.63,books,cash on delivery,returning,south,496.33,7,70.9042857142857,170
CUST_815,INV_107,2024-05-22,221.85,clothing,cash on delivery,returning,west,914.0699999999999,10,91.407,119
CUST_270,INV_108,2024-06-14,67.54,books,cash on delivery,loyal,north,965.77,12,80.48083333333334,160
CUST_455,INV_109,2024-05-22,91.42,beauty,cash on delivery,new,north,524.64,9,58.29333333333333,127
CUST_461,INV_110,2024-01-05,10.06,books,credit card,returning,south,875.0799999999999,8,109.38499999999999,151
CUST_726,INV_111,2024-03-23,48.28,electronics,cash on delivery,new,south,1882.9499999999998,14,134.49642857142857,160
CUST_251,INV_112,2024-02-20,288.64,electronics,debit card,new,north,1249.58,6,208.26333333333332,120
CUST_701,INV_113,2024-01-10,89.04,electronics,debit card,new,south,1062.53,11,96.59363636363636,125
CUST_295,INV_114,2024-05-19,42.24,electronics,credit card,new,south,1865.1,14,133.22142857142856,162
CUST_724,INV_115,2024-01-04,98.26,beauty,cash on delivery,new,south,611.95,10,61.19500000000001,167
CUST_719,INV_116,2024-04-04,241.25,beauty,debit card,loyal,west,1877.88,16,117.3675,140
CUST_748,INV_117,2024-05-25,32.02,beauty,upi,new,west,1357.18,13,104.39846153846155,125
CUST_337,INV_118,2024-03-20,70.34,books,cash on delivery,returning,west,1842.48,13,141.72923076923078,162
CUST_878,INV_119,2024-02-05,318.67,electronics,credit card,returning,south,642.09,6,107.015,65
CUST_52,INV_120,2024-01-25,18.92,home,upi,returning,south,946.78,11,86.07090909090908,140
CUST_791,INV_121,2024-04-07,127.18,home,cash on delivery,loyal,west,862.3,11,78.39090909090909,159
CUST_921,INV_122,2024-06-12,95.32,electronics,upi,new,west,1084.65,8,135.58125,156
CUST_216,INV_123,2024-04-10,113.84,clothing,cash on delivery,returning,east,1413.6200000000001,12,117.80166666666668,124
CUST_763,INV_124,2024-01-09,43.27,books,cash on delivery,returning,north,884.46,10,88.446,163
CUST_187,INV_125,2024-03-01,37.67,home,debit card,returning,west,1219.84,15,81.32266666666666,140
CUST_379,INV_126,2024-02-22,115.27,beauty,upi,new,east,961.96,11,87.4509090909091,168
CUST_492,INV_127,2024-05-25,24.28,clothing,upi,returning,east,636.61,10,63.661,159
CUST_40,INV_128,2024-06-19,54.41,beauty,credit card,new,west,1247.77,12,103.98083333333334,177
CUST_156,INV_129,2024-06-11,20.85,clothing,credit card,returning,east,1096.8,10,109.67999999999999,146
CUST_14,INV_130,2024-03-03,0.83,clothing,upi,returning,west,508.96,9,56.55111111111111,162
CUST_812,INV_131,2024-04-30,350.85,books,debit card,new,north,1181.57,10,118.157,147
CUST_64,INV_132,2024-04-14,56.51,beauty,debit card,returning,north,1123.87,14,80.27642857142857,167
CUST_856,INV_133,2024-01-04,348.51,beauty,cash on delivery,loyal,north,1079.73,8,134.96625,123
CUST_838,INV_134,2024-04-02,15.12,home,credit card,new,west,195.84,4,48.96,140
CUST_520,INV_135,2024-06-17,88.52,electronics,credit card,returning,east,1246.13,10,124.61300000000001,137
CUST_343,INV_136,2024-06-21,22.44,electronics,credit card,loyal,west,1414.3899999999999,12,117.86583333333333,169
CUST_128,INV_137,2024-06-26,156.1,home,cash on delivery,loyal,north,1228.05,16,76.753125,176
CUST_647,INV_138,2024-01-28,153.11,clothing,debit card,new,east,622.69,12,51.89083333333334,156
CUST_471,INV_139,2024-06-18,11.95,home,credit card,returning,south,462.12,7,66.01714285714286,144
CUST_62,INV_140,2024-03-20,243.12,home,cash on delivery,new,north,1103.34,10,110.33399999999999,145
CUST_138,INV_141,2024-03-16,21.65,beauty,upi,loyal,west,1076.78,10,107.678,169
CUST_498,INV_142,2024-04-25,94.93,home,debit card,loyal,west,1599.85,14,114.27499999999999,143
CUST_592,INV_143,2024-03-09,424.29,clothing,upi,new,west,1160.55,8,145.06875,97
CUST_391,INV_144,2024-04-07,214.04,electronics,credit card,new,south,759.66,10,75.966,149
CUST_674,INV_145,2024-01-01,313.65,books,cash on delivery,returning,east,1646.9099999999999,12,137.24249999999998,145
CUST_418,INV_146,2024-06-15,41.95,home,debit card,loyal,west,812.63,12,67.71916666666667,149
CUST_288,INV_147,2024-04-05,11.16,home,credit card,new,west,1444.41,15,96.29400000000001,150
CUST_378,INV_148,2024-01-17,20.87,beauty,debit card,loyal,west,932.3599999999999,7,133.1942857142857,111
CUST_772,INV_149,2024-04-21,69.41,beauty,cash on delivery,new,north,330.18999999999994,4,82.54749999999999,122
CUST_489,INV_150,2024-03-31,157.61,home,cash on delivery,returning,north,1291.16,15,86.07733333333334,149
CUST_230,INV_151,2024-03-28,16.27,home,credit card,loyal,south,415.83,9,46.20333333333333,125
CUST_40,INV_152,2024-06-11,107.8,clothing,debit card,returning,east,1247.77,12,103.98083333333334,177
CUST_27,INV_153,2024-06-22,39.09,electronics,cash on delivery,returning,east,947.5699999999999,9,105.28555555555555,161
CUST_134,INV_154,2024-06-18,41.73,electronics,debit card,loyal,west,611.79,7,87.39857142857143,125
CUST_200,INV_155,2024-06-15,108.45,books,debit card,new,west,1145.51,15,76.36733333333333,178
CUST_839,INV_156,2024-03-30,62.92,electronics,upi,returning,north,1780.11,16,111.256875,135
CUST_779,INV_157,2024-02-18,167.15,books,credit card,returning,north,603.65,9,67.07222222222222,153
CUST_929,INV_158,2024-02-07,16.95,beauty,credit card,loyal,north,589.29,11,53.57181818181818,138
CUST_32,INV_159,2024-05-30,156.04,books,debit card,loyal,north,724.78,6,120.79666666666667,152
CUST_47,INV_160,2024-05-29,6.64,books,upi,loyal,west,1064.54,8,133.0675,157
CUST_502,INV_161,2024-05-11,21.57,electronics,debit card,returning,north,948.38,12,79.03166666666667,165
CUST_406,INV_162,2024-06-25,106.75,home,credit card,new,east,1119.5,11,101.77272727272727,149
CUST_573,INV_163,2024-02-28,193.05,beauty,credit card,new,north,1355.1000000000001,14,96.79285714285716,132
CUST_727,INV_164,2024-03-08,29.13,clothing,debit card,loyal,south,1229.15,12,102.42916666666667,160
CUST_804,INV_165,2024-05-09,39.63,books,debit card,returning,north,1903.26,13,146.4046153846154,150
CUST_98,INV_166,2024-02-18,77.03,books,debit card,returning,west,1488.62,15,99.24133333333333,147
CUST_683,INV_167,2024-05-05,23.77,books,credit card,returning,west,555.6600000000001,5,111.13200000000002,94
CUST_871,INV_168,2024-06-07,166.68,home,debit card,loyal,west,1672.77,14,119.48357142857142,177
CUST_725,INV_169,2024-04-20,148.56,clothing,debit card,returning,north,1953.04,22,88.77454545454545,130
CUST_986,INV_170,2024-06-16,15.7,electronics,cash on delivery,returning,east,782.36,10,78.236,154
CUST_546,INV_171,2024-02-17,62.33,beauty,credit card,new,west,1600.3700000000001,13,123.10538461538462,158
CUST_960,INV_172,2024-02-20,149.09,home,debit card,loyal,east,334.91999999999996,5,66.984,129
CUST_738,INV_173,2024-02-12,41.15,clothing,upi,loyal,west,1133.27,11,103.02454545454545,169
CUST_612,INV_174,2024-04-07,100.27,beauty,credit card,loyal,west,1710.26,16,106.89125,177
CUST_942,INV_175,2024-06-25,5.15,electronics,debit card,returning,east,1124.26,11,102.20545454545454,165
CUST_461,INV_176,2024-05-03,93.83,beauty,debit card,returning,south,875.0799999999999,8,109.38499999999999,151
CUST_642,INV_177,2024-03-20,16.56,books,cash on delivery,new,west,751.1500000000001,7,107.30714285714286,150
CUST_768,INV_178,2024-04-20,177.54,books,cash on delivery,loyal,east,2004.6799999999998,9,222.7422222222222,169
CUST_4,INV_179,2024-05-22,43.92,home,credit card,returning,west,1444.3899999999999,9,160.48777777777775,176
CUST_217,INV_180,2024-01-27,33.07,beauty,cash on delivery,new,north,1137.8400000000001,13,87.52615384615386,138
CUST_502,INV_181,2024-06-06,183.82,books,cash on delivery,returning,east,948.38,12,79.03166666666667,165
CUST_766,INV_182,2024-06-12,5.14,home,credit card,returning,west,656.89,8,82.11125,160
CUST_397,INV_183,2024-04-22,50.52,home,upi,loyal,south,692.7,8,86.5875,90
CUST_870,INV_184,2024-03-26,46.2,home,debit card,loyal,north,1217.66,12,101.47166666666668,169
CUST_794,INV_185,2024-04-23,33.52,electronics,debit card,returning,west,537.71,9,59.74555555555556,177
CUST_392,INV_186,2024-05-03,242.76,books,cash on delivery,returning,north,828.34,10,82.834,126
CUST_206,INV_187,2024-02-18,139.0,books,debit card,returning,south,741.92,13,57.07076923076923,157
CUST_14,INV_188,2024-03-16,6.61,clothing,cash on delivery,returning,east,508.96,9,56.55111111111111,162
CUST_857,INV_189,2024-02-24,125.42,electronics,credit card,returning,west,1238.11,13,95.23923076923076,128
CUST_553,INV_190,2024-02-25,74.93,books,credit card,loyal,east,1940.8,15,129.38666666666666,147
CUST_891,INV_191,2024-04-04,231.13,books,credit card,loyal,west,1044.83,10,104.48299999999999,139
CUST_460,INV_192,2024-02-13,37.53,clothing,debit card,returning,west,1047.09,7,149.5842857142857,119
CUST_690,INV_193,2024-06-07,85.37,beauty,cash on delivery,returning,east,1153.93,12,96.16083333333334,166
CUST_574,INV_194,2024-03-27,69.47,beauty,cash on delivery,loyal,east,1145.9,15,76.39333333333335,157
CUST_863,INV_195,2024-03-24,67.25,electronics,debit card,returning,west,1743.0,12,145.25,141
CUST_742,INV_196,2024-05-30,60.9,home,credit card,loyal,south,989.5600000000001,7,141.3657142857143,149
CUST_240,INV_197,2024-06-04,23.02,clothing,upi,loyal,south,453.83,6,75.63833333333334,98
CUST_563,INV_198,2024-01-16,140.94,clothing,cash on delivery,loyal,west,1167.36,10,116.73599999999999,159
CUST_95,INV_199,2024-06-13,60.03,books,cash on delivery,loyal,east,922.15,11,83.83181818181818,172
CUST_899,INV_200,2024-05-28,318.25,books,debit card,new,south,1282.45,12,106.87083333333334,155
CUST_733,INV_201,2024-05-24,30.22,clothing,upi,returning,west,988.9300000000001,12,82.41083333333334,94
CUST_484,INV_202,2024-02-06,114.8,home,credit card,returning,north,1281.8899999999999,16,80.11812499999999,162
CUST_406,INV_203,2024-03-17,282.54,beauty,cash on delivery,returning,west,1119.5,11,101.77272727272727,149
CUST_230,INV_204,2024-05-26,108.9,electronics,debit card,loyal,east,415.83,9,46.20333333333333,125
CUST_748,INV_205,2024-06-06,205.01,beauty,upi,loyal,west,1357.18,13,104.39846153846155,125
CUST_654,INV_206,2024-02-14,175.72,electronics,debit card,loyal,north,1045.21,10,104.521,156
CUST_170,INV_207,2024-05-25,44.65,home,upi,returning,north,2201.4,13,169.33846153846156,157
CUST_540,INV_208,2024-03-02,91.66,clothing,debit card,loyal,west,1001.1500000000001,9,111.2388888888889,169
CUST_35,INV_209,2024-06-12,16.99,home,upi,new,north,470.48,6,78.41333333333334,153
CUST_524,INV_210,2024-04-09,76.68,clothing,cash on delivery,returning,west,1104.35,12,92.02916666666665,130
CUST_159,INV_211,2024-02-21,26.19,books,upi,new,east,1512.87,10,151.28699999999998,156
CUST_838,INV_212,2024-01-19,136.16,electronics,credit card,new,east,195.84,4,48.96,140
CUST_698,INV_213,2024-04-18,75.09,books,cash on delivery,returning,east,1683.8300000000002,15,112.25533333333334,111
CUST_242,INV_214,2024-02-13,52.97,clothing,credit card,new,south,565.77,6,94.295,126
CUST_85,INV_215,2024-01-07,31.31,electronics,cash on delivery,new,west,780.99,11,70.99909090909091,156
CUST_795,INV_216,2024-06-20,664.42,electronics,upi,loyal,east,1477.78,11,134.34363636363636,157
CUST_577,INV_217,2024-04-26,7.44,books,cash on delivery,new,west,526.32,8,65.79,137
CUST_681,INV_218,2024-03-08,4.45,electronics,debit card,loyal,north,1672.08,10,167.208,141
CUST_556,INV_219,2024-02-03,24.5,clothing,upi,new,east,779.64,11,70.87636363636364,134
CUST_573,INV_220,2024-03-09,354.3,clothing,debit card,returning,south,1355.1000000000001,14,96.79285714285716,132
CUST_952,INV_221,2024-02-24,387.46,books,debit card,returning,east,1082.96,10,108.296,141
CUST_645,INV_222,2024-01-10,106.4,home,debit card,returning,south,1134.8,12,94.56666666666666,158
CUST_795,INV_223,2024-02-11,212.12,clothing,debit card,returning,north,1477.78,11,134.34363636363636,157
CUST_27,INV_224,2024-02-10,24.07,clothing,credit card,loyal,west,947.5699999999999,9,105.28555555555555,161
CUST_619,INV_225,2024-05-01,357.71,electronics,upi,new,north,1679.21,13,129.17000000000002,165
CUST_555,INV_226,2024-05-17,15.41,electronics,debit card,new,north,1410.72,14,100.76571428571428,147
CUST_339,INV_227,2024-01-10,10.66,clothing,credit card,returning,north,857.42,12,71.45166666666667,155
CUST_797,INV_228,2024-04-11,11.9,books,cash on delivery,loyal,north,1604.42,11,145.85636363636365,161
CUST_957,INV_229,2024-05-07,85.13,home,debit card,loyal,north,1402.95,15,93.53,149
CUST_330,INV_230,2024-06-27,151.86,electronics,debit card,returning,west,870.25,13,66.9423076923077,171
CUST_639,INV_231,2024-05-28,45.68,electronics,credit card,new,south,288.77,8,36.09625,117
CUST_505,INV_232,2024-05-15,381.2,home,cash on delivery,returning,north,1616.42,10,161.642,94
CUST_347,INV_233,2024-04-01,56.99,electronics,cash on delivery,new,east,974.64,11,88.60363636363637,136
CUST_472,INV_234,2024-04-22,16.3,books,credit card,returning,south,579.6500000000001,6,96.60833333333335,86
CUST_230,INV_235,2024-03-18,62.73,electronics,debit card,new,south,415.83,9,46.20333333333333,125
CUST_189,INV_236,2024-03-25,113.64,electronics,upi,loyal,east,1748.28,14,124.87714285714286,171
CUST_224,INV_237,2024-01-30,178.51,clothing,credit card,returning,east,835.81,11,75.98272727272727,150
CUST_384,INV_238,2024-02-18,61.39,books,upi,new,east,1124.32,8,140.54,160
CUST_376,INV_239,2024-01-09,90.04,books,debit card,new,east,609.5400000000001,8,76.19250000000001,73
CUST_282,INV_240,2024-05-24,31.11,clothing,debit card,new,east,2115.36,18,117.52000000000001,148
CUST_957,INV_241,2024-03-09,103.82,beauty,cash on delivery,new,north,1402.95,15,93.53,149
CUST_632,INV_242,2024-02-27,426.67,home,debit card,loyal,south,1241.67,7,177.3814285714286,168
CUST_627,INV_243,2024-03-02,5.03,books,cash on delivery,new,east,745.88,13,57.37538461538462,174
CUST_972,INV_244,2024-02-21,217.62,beauty,cash on delivery,loyal,east,2206.61,18,122.58944444444445,154
CUST_744,INV_245,2024-02-09,82.62,home,debit card,new,west,852.41,7,121.77285714285713,140
CUST_258,INV_246,2024-06-14,29.05,books,cash on delivery,loyal,south,754.65,7,107.80714285714285,159
CUST_358,INV_247,2024-06-19,309.86,electronics,debit card,loyal,south,1136.22,8,142.0275,133
CUST_709,INV_248,2024-03-03,66.04,books,cash on delivery,new,north,1134.6100000000001,11,103.14636363636365,147
CUST_455,INV_249,2024-05-26,40.3,home,cash on delivery,loyal,south,524.64,9,58.29333333333333,127
CUST_410,INV_250,2024-02-19,20.03,beauty,debit card,returning,east,542.35,6,90.39166666666667,118
CUST_648,INV_251,2024-06-09,28.03,electronics,upi,new,west,1229.63,9,136.62555555555556,135
CUST_317,INV_252,2024-05-20,178.89,home,credit card,returning,south,2119.2799999999997,16,132.45499999999998,166
CUST_676,INV_253,2024-03-18,95.3,home,debit card,loyal,west,487.63,7,69.66142857142857,144
CUST_224,INV_254,2024-04-06,244.47,books,cash on delivery,loyal,east,835.81,11,75.98272727272727,150
CUST_818,INV_255,2024-02-12,26.39,clothing,credit card,returning,west,736.22,10,73.622,148
CUST_233,INV_256,2024-06-25,12.91,clothing,upi,new,south,438.78,5,87.756,136
CUST_683,INV_257,2024-02-05,0.61,electronics,debit card,returning,south,555.6600000000001,5,111.13200000000002,94
CUST_663,INV_258,2024-05-01,70.9,home,cash on delivery,loyal,north,2021.0,17,118.88235294117646,152
CUST_974,INV_259,2024-04-17,638.12,beauty,cash on delivery,new,east,1943.69,10,194.369,172
CUST_826,INV_260,2024-01-10,118.73,electronics,debit card,returning,north,1230.2,9,136.6888888888889,163
CUST_373,INV_261,2024-04-04,36.87,electronics,cash on delivery,returning,north,597.16,8,74.645,112
CUST_671,INV_262,2024-01-06,209.44,books,credit card,new,east,1361.11,14,97.22214285714286,172
CUST_607,INV_263,2024-02-26,152.2,beauty,cash on delivery,returning,south,1399.46,12,116.62166666666667,143
CUST_471,INV_264,2024-05-08,1.55,home,credit card,new,west,462.12,7,66.01714285714286,144
CUST_232,INV_265,2024-03-11,169.75,home,credit card,new,north,1707.56,16,106.7225,153
CUST_691,INV_266,2024-01-21,35.74,home,debit card,returning,south,422.05,9,46.894444444444446,147
CUST_112,INV_267,2024-04-01,16.21,electronics,cash on delivery,new,south,2010.72,18,111.70666666666666,160
CUST_829,INV_268,2024-05-06,25.66,books,credit card,new,north,2524.41,11,229.49181818181816,150
CUST_496,INV_269,2024-03-20,63.22,electronics,cash on delivery,loyal,north,876.26,11,79.66,159
CUST_441,INV_270,2024-02-25,55.32,clothing,credit card,loyal,north,1047.24,12,87.27,141
CUST_563,INV_271,2024-04-25,34.09,clothing,upi,loyal,south,1167.36,10,116.73599999999999,159
CUST_267,INV_272,2024-05-27,18.9,home,debit card,returning,east,1714.25,16,107.140625,141
CUST_509,INV_273,2024-01-25,143.65,books,debit card,returning,east,435.35,5,87.07000000000001,129
CUST_806,INV_274,2024-06-04,461.62,home,debit card,returning,north,1409.26,10,140.926,157
CUST_385,INV_275,2024-01-05,150.41,home,credit card,returning,west,1210.29,13,93.09923076923077,157
CUST_386,INV_276,2024-04-29,35.09,electronics,upi,new,south,2344.88,16,146.555,158
CUST_112,INV_277,2024-01-21,28.08,home,credit card,new,west,2010.72,18,111.70666666666666,160
CUST_612,INV_278,2024-01-18,24.55,home,debit card,loyal,north,1710.26,16,106.89125,177
CUST_624,INV_279,2024-06-23,14.7,books,credit card,new,south,621.58,10,62.158,142
CUST_951,INV_280,2024-02-26,80.15,books,debit card,returning,east,1323.99,12,110.3325,141
CUST_80,INV_281,2024-04-02,92.99,books,cash on delivery,new,east,786.99,8,98.37375,175
CUST_698,INV_282,2024-01-19,122.25,home,credit card,loyal,west,1683.8300000000002,15,112.25533333333334,111
CUST_112,INV_283,2024-05-07,114.01,books,cash on delivery,returning,north,2010.72,18,111.70666666666666,160
CUST_1,INV_284,2024-04-06,34.58,books,credit card,new,west,1418.52,9,157.61333333333334,158
CUST_641,INV_285,2024-05-10,40.09,beauty,debit card,loyal,north,1177.91,8,147.23875,167
CUST_219,INV_286,2024-06-18,114.42,beauty,cash on delivery,new,east,1823.3,14,130.2357142857143,164
CUST_565,INV_287,2024-01-21,42.99,clothing,credit card,loyal,south,951.3399999999999,12,79.27833333333332,162
CUST_854,INV_288,2024-02-09,23.9,electronics,debit card,loyal,east,992.4300000000001,13,76.34076923076924,171
CUST_996,INV_289,2024-03-07,46.89,electronics,credit card,loyal,west,892.71,10,89.271,139
CUST_735,INV_290,2024-06-01,31.76,books,cash on delivery,returning,south,1179.4,14,84.24285714285715,156
CUST_224,INV_291,2024-05-06,9.25,clothing,credit card,new,north,835.81,11,75.98272727272727,150
CUST_384,INV_292,2024-02-24,177.28,clothing,credit card,new,east,1124.32,8,140.54,160
CUST_402,INV_293,2024-06-28,191.81,beauty,cash on delivery,returning,north,1076.0,7,153.71428571428572,163
CUST_637,INV_294,2024-06-20,24.81,clothing,debit card,returning,east,1027.08,13,79.00615384615384,145
CUST_129,INV_295,2024-04-18,6.7,home,credit card,new,north,1389.36,17,81.7270588235294,163
CUST_52,INV_296,2024-04-07,134.26,books,credit card,returning,east,946.78,11,86.07090909090908,140
CUST_683,INV_297,2024-04-21,23.77,home,upi,returning,east,555.6600000000001,5,111.13200000000002,94
CUST_729,INV_298,2024-04-24,49.99,electronics,upi,new,north,707.35,9,78.59444444444445,140
CUST_671,INV_299,2024-04-26,6.63,beauty,debit card,loyal,east,1361.11,14,97.22214285714286,172
CUST_709,INV_300,2024-03-27,25.65,home,cash on delivery,returning,east,1134.6100000000001,11,103.14636363636365,147
CUST_415,INV_301,2024-03-21,157.46,books,debit card,new,east,1779.05,10,177.905,132
CUST_246,INV_302,2024-03-06,163.17,home,debit card,new,west,1430.28,15,95.352,149
CUST_835,INV_303,2024-01-19,23.2,home,debit card,new,east,915.88,11,83.26181818181819,162
CUST_438,INV_304,2024-05-14,40.93,clothing,credit card,returning,north,1688.78,15,112.58533333333334,163
CUST_202,INV_305,2024-04-27,14.41,beauty,credit card,loyal,north,498.48,8,62.31,155
CUST_183,INV_306,2024-02-11,7.71,electronics,debit card,loyal,west,781.65,10,78.16499999999999,119
CUST_122,INV_307,2024-02-11,485.0,books,debit card,new,east,1014.54,7,144.93428571428572,145
CUST_400,INV_308,2024-02-28,106.59,books,upi,returning,west,2887.32,18,160.40666666666667,165
CUST_766,INV_309,2024-01-20,78.11,electronics,cash on delivery,returning,west,656.89,8,82.11125,160
CUST_293,INV_310,2024-03-13,145.03,books,debit card,loyal,east,1691.33,13,130.10230769230768,168
CUST_279,INV_311,2024-01-17,183.31,clothing,upi,loyal,north,696.17,7,99.45285714285714,162
CUST_836,INV_312,2024-01-27,164.36,home,debit card,returning,east,1783.42,12,148.61833333333334,164
CUST_883,INV_313,2024-06-23,1.67,clothing,cash on delivery,loyal,west,1316.5900000000001,13,101.27615384615386,174
CUST_609,INV_314,2024-01-02,20.68,clothing,debit card,new,south,2235.26,16,139.70375,177
CUST_197,INV_315,2024-03-03,106.39,clothing,cash on delivery,loyal,west,939.88,9,104.43111111111111,139
CUST_981,INV_316,2024-03-02,47.12,electronics,credit card,returning,north,770.97,8,96.37125,93
CUST_906,INV_317,2024-04-09,404.46,beauty,cash on delivery,new,east,992.6,7,141.8,172
CUST_510,INV_318,2024-01-19,109.48,electronics,debit card,returning,south,657.49,14,46.96357142857143,136
CUST_751,INV_319,2024-01-17,313.61,electronics,upi,loyal,west,1251.49,10,125.149,114
CUST_143,INV_320,2024-03-09,22.5,clothing,credit card,loyal,west,1385.37,14,98.955,149
CUST_608,INV_321,2024-06-15,199.48,beauty,upi,new,west,732.59,9,81.39888888888889,158
CUST_200,INV_322,2024-04-26,38.77,electronics,debit card,new,east,1145.51,15,76.36733333333333,178
CUST_123,INV_323,2024-03-21,456.26,beauty,credit card,new,east,2252.29,12,187.69083333333333,151
CUST_186,INV_324,2024-02-08,17.16,clothing,upi,new,west,943.8199999999999,12,78.65166666666666,161
CUST_325,INV_325,2024-02-05,72.64,electronics,debit card,loyal,east,849.9300000000001,9,94.43666666666667,159
CUST_463,INV_326,2024-06-16,157.43,beauty,upi,returning,south,914.48,6,152.41333333333333,162
CUST_348,INV_327,2024-06-21,56.68,books,cash on delivery,loyal,south,1574.46,13,121.1123076923077,126
CUST_770,INV_328,2024-05-11,63.13,electronics,cash on delivery,loyal,north,1317.23,8,164.65375,82
CUST_659,INV_329,2024-06-01,429.44,electronics,debit card,new,east,1856.52,14,132.60857142857142,164
CUST_763,INV_330,2024-06-06,55.39,electronics,upi,new,east,884.46,10,88.446,163
CUST_954,INV_331,2024-01-29,92.65,beauty,debit card,returning,west,1420.93,11,129.17545454545456,150
CUST_931,INV_332,2024-02-20,5.61,home,upi,returning,south,970.01,9,107.77888888888889,112
CUST_402,INV_333,2024-05-31,184.65,electronics,credit card,loyal,east,1076.0,7,153.71428571428572,163
CUST_345,INV_334,2024-01-14,104.46,books,debit card,returning,east,922.68,7,131.81142857142856,154
CUST_962,INV_335,2024-03-09,51.75,books,debit card,new,east,1727.8,16,107.9875,166
CUST_510,INV_336,2024-05-25,1.63,clothing,upi,new,west,657.49,14,46.96357142857143,136
CUST_146,INV_337,2024-06-18,89.57,home,debit card,new,south,1396.88,13,107.4523076923077,172
CUST_147,INV_338,2024-02-26,1.27,home,credit card,loyal,east,897.03,11,81.54818181818182,162
CUST_863,INV_339,2024-01-12,0.12,beauty,upi,returning,east,1743.0,12,145.25,141
CUST_710,INV_340,2024-01-17,95.74,clothing,upi,new,west,477.51,6,79.585,132
CUST_819,INV_341,2024-01-30,20.95,beauty,upi,loyal,north,963.63,11,87.60272727272728,167
CUST_488,INV_342,2024-03-28,21.31,clothing,credit card,loyal,west,1247.72,11,113.42909090909092,117
CUST_928,INV_343,2024-04-08,105.92,home,credit card,loyal,east,1642.5,21,78.21428571428571,169
CUST_935,INV_344,2024-01-23,5.52,beauty,debit card,returning,south,2032.24,18,112.90222222222222,169
CUST_639,INV_345,2024-05-08,37.6,clothing,upi,returning,south,288.77,8,36.09625,117
CUST_550,INV_346,2024-03-19,16.19,home,credit card,returning,east,1213.02,12,101.085,156
CUST_337,INV_347,2024-02-01,86.79,home,cash on delivery,loyal,north,1842.48,13,141.72923076923078,162
CUST_871,INV_348,2024-01-09,108.4,electronics,debit card,loyal,west,1672.77,14,119.48357142857142,177
CUST_640,INV_349,2024-01-15,127.7,beauty,credit card,returning,east,1006.74,7,143.82,112
CUST_778,INV_350,2024-06-04,29.47,electronics,credit card,new,east,1093.84,13,84.14153846153846,154
CUST_987,INV_351,2024-05-31,9.35,home,credit card,returning,east,1846.98,17,108.64588235294117,171
CUST_952,INV_352,2024-06-11,8.2,beauty,debit card,loyal,west,1082.96,10,108.296,141
CUST_472,INV_353,2024-01-27,55.54,beauty,credit card,loyal,south,579.6500000000001,6,96.60833333333335,86
CUST_945,INV_354,2024-04-18,291.59,books,credit card,loyal,west,1503.4,13,115.64615384615385,168
CUST_150,INV_355,2024-03-16,24.56,clothing,cash on delivery,loyal,east,671.38,7,95.91142857142857,151
CUST_414,INV_356,2024-05-27,29.67,books,cash on delivery,loyal,south,542.9,7,77.55714285714285,155
CUST_989,INV_357,2024-03-05,10.63,books,cash on delivery,loyal,north,1160.0,12,96.66666666666667,120
CUST_297,INV_358,2024-06-25,93.03,home,credit card,returning,east,943.38,9,104.82,163
CUST_610,INV_359,2024-04-18,113.9,clothing,cash on delivery,loyal,south,779.24,12,64.93666666666667,174
CUST_262,INV_360,2024-05-08,102.98,books,upi,loyal,south,639.98,7,91.42571428571429,147
CUST_763,INV_361,2024-01-10,197.42,books,cash on delivery,loyal,south,884.46,10,88.446,163
CUST_143,INV_362,2024-02-16,66.64,beauty,cash on delivery,loyal,east,1385.37,14,98.955,149
CUST_345,INV_363,2024-05-02,14.44,home,credit card,loyal,north,922.68,7,131.81142857142856,154
CUST_623,INV_364,2024-02-28,34.17,books,upi,new,south,1397.65,9,155.29444444444445,144
CUST_571,INV_365,2024-04-05,108.6,clothing,cash on delivery,returning,east,964.01,9,107.11222222222221,119
CUST_880,INV_366,2024-04-12,94.96,electronics,credit card,returning,south,1739.45,16,108.715625,135
CUST_1,INV_367,2024-05-03,75.72,electronics,upi,new,west,1418.52,9,157.61333333333334,158
CUST_896,INV_368,2024-03-26,114.87,home,cash on delivery,new,south,1162.97,13,89.45923076923077,154
CUST_303,INV_369,2024-05-25,101.44,electronics,credit card,loyal,east,1490.35,11,135.48636363636362,146
CUST_253,INV_370,2024-04-21,213.14,beauty,upi,returning,south,1062.94,12,88.57833333333333,111
CUST_651,INV_371,2024-06-22,88.19,beauty,cash on delivery,returning,south,474.01,8,59.25125,155
CUST_452,INV_372,2024-06-08,150.78,clothing,upi,new,west,1422.5,11,129.3181818181818,156
CUST_36,INV_373,2024-01-27,28.6,home,upi,returning,west,435.09000000000003,6,72.515,163
CUST_159,INV_374,2024-01-18,113.38,home,credit card,returning,east,1512.87,10,151.28699999999998,156
CUST_8,INV_375,2024-06-15,232.48,electronics,debit card,loyal,north,779.15,6,129.85833333333332,156
CUST_232,INV_376,2024-06-25,48.73,books,upi,loyal,north,1707.56,16,106.7225,153
CUST_98,INV_377,2024-03-22,151.01,books,upi,loyal,north,1488.62,15,99.24133333333333,147
CUST_658,INV_378,2024-06-20,129.02,books,upi,returning,north,1108.12,15,73.87466666666666,158
CUST_815,INV_379,2024-03-12,6.14,clothing,upi,returning,east,914.0699999999999,10,91.407,119
CUST_207,INV_380,2024-02-23,87.11,home,upi,loyal,east,991.4,8,123.925,109
CUST_130,INV_381,2024-06-10,13.95,electronics,debit card,loyal,west,663.9599999999999,10,66.39599999999999,143
CUST_403,INV_382,2024-03-11,342.1,clothing,credit card,returning,west,1055.5900000000001,8,131.94875000000002,91
CUST_151,INV_383,2024-06-12,166.82,beauty,debit card,returning,north,537.1,7,76.72857142857143,173
CUST_53,INV_384,2024-05-25,11.62,beauty,credit card,new,west,1002.76,12,83.56333333333333,144
CUST_119,INV_385,2024-02-07,12.98,beauty,debit card,loyal,east,1011.79,11,91.9809090909091,163
CUST_672,INV_386,2024-05-16,90.26,home,credit card,loyal,north,832.29,10,83.229,127
CUST_919,INV_387,2024-06-27,42.3,beauty,cash on delivery,loyal,south,1715.16,15,114.34400000000001,174
CUST_627,INV_388,2024-02-04,3.55,books,upi,returning,south,745.88,13,57.37538461538462,174
CUST_586,INV_389,2024-03-22,78.01,beauty,credit card,returning,south,725.16,7,103.5942857142857,129
CUST_624,INV_390,2024-05-12,49.08,clothing,credit card,new,west,621.58,10,62.158,142
CUST_967,INV_391,2024-05-21,10.66,beauty,upi,new,north,663.1800000000001,11,60.289090909090916,140
CUST_419,INV_392,2024-06-06,161.91,books,cash on delivery,loyal,south,1069.12,15,71.27466666666666,166
CUST_421,INV_393,2024-01-04,246.6,beauty,upi,new,north,1688.19,15,112.546,170
CUST_103,INV_394,2024-06-15,141.3,electronics,credit card,returning,east,1251.99,14,89.42785714285715,172
CUST_851,INV_395,2024-06-01,172.83,books,credit card,new,south,1729.42,13,133.0323076923077,160
CUST_253,INV_396,2024-06-04,24.4,home,upi,new,south,1062.94,12,88.57833333333333,111
CUST_226,INV_397,2024-05-29,30.59,beauty,debit card,returning,south,1139.4,13,87.64615384615385,178
CUST_111,INV_398,2024-06-07,23.39,clothing,upi,loyal,east,1059.83,13,81.52538461538461,177
CUST_509,INV_399,2024-01-23,144.84,beauty,credit card,loyal,north,435.35,5,87.07000000000001,129
CUST_472,INV_400,2024-02-17,295.49,clothing,credit card,new,south,579.6500000000001,6,96.60833333333335,86
CUST_98,INV_401,2024-05-27,126.17,electronics,credit card,returning,south,1488.62,15,99.24133333333333,147
CUST_152,INV_402,2024-05-04,213.26,home,cash on delivery,returning,north,595.8299999999999,8,74.47874999999999,124
CUST_860,INV_403,2024-06-14,101.8,books,upi,new,west,859.3199999999999,9,95.47999999999999,148
CUST_913,INV_404,2024-02-24,49.05,books,cash on delivery,loyal,west,1886.23,11,171.47545454545454,176
CUST_895,INV_405,2024-03-08,55.47,home,upi,loyal,south,236.4,6,39.4,139
CUST_877,INV_406,2024-03-28,7.83,electronics,cash on delivery,loyal,south,579.99,9,64.44333333333333,92
CUST_337,INV_407,2024-01-01,3.2,electronics,debit card,returning,west,1842.48,13,141.72923076923078,162
CUST_705,INV_408,2024-05-14,118.9,beauty,credit card,returning,west,325.53,2,162.765,37
CUST_821,INV_409,2024-04-04,57.7,electronics,credit card,returning,south,2552.8,18,141.82222222222222,162
CUST_162,INV_410,2024-05-19,80.34,beauty,upi,loyal,north,1730.47,10,173.047,153
CUST_719,INV_411,2024-04-15,81.57,clothing,credit card,new,west,1877.88,16,117.3675,140
CUST_956,INV_412,2024-05-12,32.49,home,cash on delivery,returning,south,1002.25,9,111.36111111111111,128
CUST_680,INV_413,2024-04-17,64.61,clothing,debit card,returning,east,853.41,11,77.58272727272727,169
CUST_995,INV_414,2024-06-26,63.63,clothing,cash on delivery,new,north,1159.33,7,165.6185714285714,127
CUST_160,INV_415,2024-02-11,49.17,clothing,cash on delivery,loyal,south,1260.26,17,74.13294117647058,158
CUST_579,INV_416,2024-04-11,171.86,clothing,upi,returning,east,1594.01,11,144.91,165
CUST_800,INV_417,2024-05-03,60.0,books,credit card,loyal,west,509.39,7,72.77,148
CUST_397,INV_418,2024-05-19,92.54,electronics,cash on delivery,returning,east,692.7,8,86.5875,90
CUST_276,INV_419,2024-04-12,225.88,home,upi,returning,east,2147.64,14,153.40285714285713,156
CUST_815,INV_420,2024-05-25,201.17,home,cash on delivery,new,east,914.0699999999999,10,91.407,119
CUST_915,INV_421,2024-03-14,221.11,clothing,cash on delivery,new,west,779.0500000000001,9,86.56111111111112,125
CUST_503,INV_422,2024-04-17,31.47,home,cash on delivery,new,east,1643.37,11,149.3972727272727,159
CUST_895,INV_423,2024-05-01,3.56,beauty,upi,new,west,236.4,6,39.4,139
CUST_391,INV_424,2024-01-17,30.25,home,debit card,loyal,south,759.66,10,75.966,149
CUST_134,INV_425,2024-03-11,32.67,clothing,cash on delivery,loyal,east,611.79,7,87.39857142857143,125
CUST_194,INV_426,2024-03-02,240.09,home,cash on delivery,loyal,north,1282.82,14,91.63,161
CUST_400,INV_427,2024-02-10,104.77,electronics,upi,new,south,2887.32,18,160.40666666666667,165
CUST_639,INV_428,2024-04-28,8.52,clothing,credit card,returning,west,288.77,8,36.09625,117
CUST_32,INV_429,2024-06-10,14.55,books,debit card,loyal,south,724.78,6,120.79666666666667,152
CUST_687,INV_430,2024-02-14,16.92,electronics,upi,new,east,1128.25,12,94.02083333333333,89
CUST_459,INV_431,2024-02-27,99.54,home,credit card,new,west,1002.65,10,100.265,162
CUST_954,INV_432,2024-06-27,132.96,books,upi,new,east,1420.93,11,129.17545454545456,150
CUST_882,INV_433,2024-05-05,196.36,electronics,upi,loyal,south,1199.94,15,79.99600000000001,156
CUST_469,INV_434,2024-06-10,282.41,beauty,debit card,returning,north,538.1700000000001,5,107.63400000000001,135
CUST_374,INV_435,2024-02-13,22.53,electronics,debit card,loyal,south,1235.58,13,95.04461538461538,162
CUST_21,INV_436,2024-01-15,37.07,books,debit card,new,south,1068.97,15,71.26466666666667,156
CUST_749,INV_437,2024-03-18,27.49,beauty,debit card,new,east,1129.43,8,141.17875,158
CUST_669,INV_438,2024-03-10,44.44,home,credit card,new,north,1120.45,16,70.028125,153
CUST_37,INV_439,2024-06-26,246.12,clothing,cash on delivery,loyal,east,855.48,6,142.58,158
CUST_229,INV_440,2024-04-10,85.59,home,upi,returning,east,1002.8299999999999,8,125.35374999999999,111
CUST_364,INV_441,2024-06-08,134.01,clothing,debit card,loyal,east,1129.3899999999999,9,125.48777777777777,175
CUST_562,INV_442,2024-01-03,67.36,clothing,cash on delivery,new,west,1821.19,13,140.09153846153848,176
CUST_437,INV_443,2024-03-26,2.93,books,credit card,new,east,766.99,12,63.91583333333333,121
CUST_775,INV_444,2024-03-14,6.63,beauty,debit card,new,north,1331.75,19,70.09210526315789,129
CUST_282,INV_445,2024-02-20,77.2,beauty,upi,loyal,east,2115.36,18,117.52000000000001,148
CUST_26,INV_446,2024-03-07,126.87,electronics,cash on delivery,loyal,east,591.45,8,73.93125,155
CUST_225,INV_447,2024-03-16,24.25,home,debit card,loyal,north,1552.4299999999998,13,119.41769230769229,158
CUST_276,INV_448,2024-04-02,127.98,books,upi,new,south,2147.64,14,153.40285714285713,156
CUST_797,INV_449,2024-06-24,166.42,home,cash on delivery,loyal,east,1604.42,11,145.85636363636365,161
CUST_608,INV_450,2024-05-24,53.09,electronics,upi,returning,south,732.59,9,81.39888888888889,158
CUST_283,INV_451,2024-01-07,137.21,electronics,credit card,returning,east,1223.8,10,122.38,171
CUST_878,INV_452,2024-01-13,51.76,books,debit card,returning,east,642.09,6,107.015,65
CUST_959,INV_453,2024-04-29,113.43,electronics,debit card,loyal,west,1104.43,9,122.71444444444445,66
CUST_480,INV_454,2024-03-06,144.39,books,upi,new,north,1189.1399999999999,12,99.09499999999998,172
CUST_452,INV_455,2024-01-04,481.92,electronics,cash on delivery,new,north,1422.5,11,129.3181818181818,156
CUST_828,INV_456,2024-05-17,42.37,beauty,debit card,new,south,408.52,7,58.36,141
CUST_815,INV_457,2024-03-28,52.94,books,upi,new,west,914.0699999999999,10,91.407,119
CUST_658,INV_458,2024-01-17,18.11,beauty,credit card,new,east,1108.12,15,73.87466666666666,158
CUST_515,INV_459,2024-02-21,22.82,beauty,debit card,loyal,west,884.47,13,68.03615384615385,165
CUST_546,INV_460,2024-05-13,118.22,books,upi,returning,north,1600.3700000000001,13,123.10538461538462,158
CUST_191,INV_461,2024-03-09,248.95,home,cash on delivery,loyal,east,1744.07,14,124.57642857142856,154
CUST_48,INV_462,2024-05-16,50.19,clothing,debit card,new,east,818.66,11,74.42363636363636,164
CUST_511,INV_463,2024-01-21,19.83,electronics,debit card,loyal,south,820.69,8,102.58625,138
CUST_16,INV_464,2024-01-24,33.56,electronics,credit card,loyal,west,875.55,13,67.35,151
CUST_171,INV_465,2024-01-04,60.71,home,upi,loyal,east,550.38,10,55.038,125
CUST_219,INV_466,2024-05-31,34.34,clothing,cash on delivery,new,north,1823.3,14,130.2357142857143,164
CUST_157,INV_467,2024-01-03,26.6,home,credit card,new,south,180.45,5,36.089999999999996,165
CUST_476,INV_468,2024-03-08,133.17,clothing,credit card,new,north,1088.04,15,72.536,158
CUST_45,INV_469,2024-04-10,0.79,books,credit card,loyal,south,607.77,7,86.82428571428571,148
CUST_372,INV_470,2024-06-16,77.49,books,upi,loyal,west,476.82,7,68.11714285714285,101
CUST_517,INV_471,2024-06-24,157.87,beauty,upi,returning,south,1311.9299999999998,10,131.19299999999998,153
CUST_98,INV_472,2024-02-23,30.96,beauty,debit card,returning,west,1488.62,15,99.24133333333333,147
CUST_891,INV_473,2024-02-04,92.46,books,upi,new,west,1044.83,10,104.48299999999999,139
CUST_744,INV_474,2024-02-25,110.53,beauty,credit card,returning,east,852.41,7,121.77285714285713,140
CUST_36,INV_475,2024-04-17,106.43,books,upi,new,west,435.09000000000003,6,72.515,163
CUST_279,INV_476,2024-02-09,59.03,home,cash on delivery,new,south,696.17,7,99.45285714285714,162
CUST_348,INV_477,2024-03-08,42.55,electronics,debit card,loyal,south,1574.46,13,121.1123076923077,126
CUST_496,INV_478,2024-02-15,180.74,books,credit card,returning,east,876.26,11,79.66,159
CUST_301,INV_479,2024-03-18,142.07,books,debit card,new,south,731.7,15,48.78,158
CUST_180,INV_480,2024-05-20,38.75,books,upi,new,west,722.1800000000001,8,90.27250000000001,171
CUST_606,INV_481,2024-06-03,10.87,beauty,debit card,returning,south,1199.92,13,92.30153846153847,152
CUST_98,INV_482,2024-01-06,7.45,beauty,debit card,returning,north,1488.62,15,99.24133333333333,147
CUST_699,INV_483,2024-01-17,9.9,beauty,upi,returning,north,2424.12,16,151.5075,174
CUST_992,INV_484,2024-06-12,87.44,beauty,debit card,returning,east,1168.02,12,97.335,121
CUST_115,INV_485,2024-04-08,5.3,home,upi,returning,west,515.52,10,51.552,133
CUST_190,INV_486,2024-03-21,41.09,books,credit card,returning,south,897.22,13,69.01692307692308,127
CUST_252,INV_487,2024-01-02,139.92,home,debit card,returning,east,1610.4199999999998,14,115.02999999999999,170
CUST_980,INV_488,2024-03-17,34.86,beauty,cash on delivery,new,east,1345.78,11,122.34363636363636,143
CUST_927,INV_489,2024-06-28,144.1,home,cash on delivery,loyal,west,718.8000000000001,9,79.86666666666667,179
CUST_982,INV_490,2024-03-06,136.83,books,credit card,new,east,1381.64,11,125.60363636363637,138
CUST_160,INV_491,2024-02-21,28.21,books,upi,new,north,1260.26,17,74.13294117647058,158
CUST_255,INV_492,2024-04-01,130.5,beauty,upi,loyal,east,1107.01,10,110.701,101
CUST_322,INV_493,2024-06-19,137.74,books,debit card,loyal,south,620.87,7,88.69571428571429,150
CUST_127,INV_494,2024-01-22,50.66,home,debit card,loyal,north,1051.28,13,80.86769230769231,162
CUST_17,INV_495,2024-04-20,23.63,clothing,cash on delivery,returning,north,1537.6100000000001,7,219.65857142857143,122
CUST_792,INV_496,2024-04-16,73.66,books,cash on delivery,returning,north,743.33,8,92.91625,119
CUST_734,INV_497,2024-03-07,254.34,home,upi,returning,south,1246.28,10,124.628,150
CUST_565,INV_498,2024-05-19,102.06,home,cash on delivery,new,west,951.3399999999999,12,79.27833333333332,162
CUST_569,INV_499,2024-03-09,18.99,home,upi,loyal,east,1196.6599999999999,9,132.9622222222222,129
CUST_322,INV_500,2024-03-24,114.81,books,credit card,loyal,east,620.87,7,88.69571428571429,150
CUST_871,INV_501,2024-04-12,55.72,clothing,credit card,new,north,1672.77,14,119.48357142857142,177
CUST_685,INV_502,2024-02-08,89.53,beauty,cash on delivery,returning,north,1553.76,10,155.376,168
CUST_791,INV_503,2024-01-13,132.45,beauty,debit card,loyal,east,862.3,11,78.39090909090909,159
CUST_625,INV_504,2024-02-10,72.35,books,cash on delivery,new,south,590.19,7,84.31285714285715,94
CUST_287,INV_505,2024-02-26,168.19,books,cash on delivery,returning,north,1150.8600000000001,13,88.52769230769232,152
CUST_942,INV_506,2024-01-12,128.07,electronics,cash on delivery,new,north,1124.26,11,102.20545454545454,165
CUST_853,INV_507,2024-01-13,95.47,clothing,debit card,returning,south,665.79,9,73.97666666666666,154
CUST_662,INV_508,2024-04-29,16.35,home,cash on delivery,new,west,1397.85,14,99.84642857142856,118
CUST_961,INV_509,2024-04-06,180.76,home,debit card,returning,north,792.14,15,52.809333333333335,165
CUST_638,INV_510,2024-02-26,274.74,beauty,cash on delivery,new,west,1112.73,10,111.273,162
CUST_154,INV_511,2024-02-09,14.73,books,debit card,new,south,894.68,11,81.33454545454545,146
CUST_489,INV_512,2024-04-27,66.99,clothing,debit card,new,east,1291.16,15,86.07733333333334,149
CUST_385,INV_513,2024-03-20,29.96,beauty,debit card,new,east,1210.29,13,93.09923076923077,157
CUST_985,INV_514,2024-05-07,140.46,clothing,debit card,loyal,west,935.9300000000001,11,85.08454545454546,177
CUST_784,INV_515,2024-06-21,127.88,books,debit card,loyal,north,1441.15,13,110.85769230769232,156
CUST_103,INV_516,2024-02-04,15.19,home,credit card,loyal,east,1251.99,14,89.42785714285715,172
CUST_928,INV_517,2024-01-03,209.58,electronics,upi,loyal,south,1642.5,21,78.21428571428571,169
CUST_392,INV_518,2024-04-29,19.96,clothing,upi,new,north,828.34,10,82.834,126
CUST_810,INV_519,2024-01-05,159.58,home,debit card,loyal,west,346.98,8,43.3725,116
CUST_245,INV_520,2024-01-11,61.06,clothing,upi,loyal,west,731.02,10,73.102,168
CUST_175,INV_521,2024-05-05,39.79,clothing,debit card,new,west,253.44,5,50.688,122
CUST_38,INV_522,2024-03-11,17.23,clothing,cash on delivery,loyal,west,1482.14,19,78.00736842105263,161
CUST_476,INV_523,2024-04-26,18.35,books,credit card,loyal,south,1088.04,15,72.536,158
CUST_681,INV_524,2024-05-17,108.44,beauty,cash on delivery,returning,east,1672.08,10,167.208,141
CUST_758,INV_525,2024-04-15,79.95,clothing,cash on delivery,loyal,west,1520.67,12,126.72250000000001,150
CUST_537,INV_526,2024-04-25,13.02,books,debit card,returning,east,949.47,11,86.31545454545454,160
CUST_866,INV_527,2024-06-10,11.96,electronics,cash on delivery,loyal,east,927.96,11,84.36,149
CUST_817,INV_528,2024-03-07,7.51,beauty,credit card,new,west,212.51,5,42.501999999999995,118
CUST_920,INV_529,2024-01-31,136.17,books,cash on delivery,loyal,north,1876.07,18,104.22611111111111,169
CUST_407,INV_530,2024-03-15,124.44,electronics,credit card,new,west,917.11,9,101.9011111111111,106
CUST_524,INV_531,2024-03-11,6.02,beauty,credit card,loyal,south,1104.35,12,92.02916666666665,130
CUST_827,INV_532,2024-03-06,82.16,books,debit card,loyal,north,1576.78,15,105.11866666666667,163
CUST_505,INV_533,2024-03-10,8.85,electronics,credit card,new,west,1616.42,10,161.642,94
CUST_902,INV_534,2024-02-10,234.08,books,cash on delivery,new,east,1227.18,10,122.718,167
CUST_824,INV_535,2024-06-08,237.64,electronics,debit card,new,east,2560.0699999999997,19,134.74052631578945,159
CUST_35,INV_536,2024-01-20,119.81,clothing,credit card,new,north,470.48,6,78.41333333333334,153
CUST_684,INV_537,2024-06-26,260.62,clothing,credit card,returning,south,2119.79,18,117.76611111111112,175
CUST_19,INV_538,2024-06-01,166.84,beauty,upi,returning,east,2104.34,10,210.43400000000003,153
CUST_320,INV_539,2024-05-19,176.34,electronics,debit card,new,south,622.88,8,77.86,121
CUST_775,INV_540,2024-02-08,84.33,clothing,upi,returning,east,1331.75,19,70.09210526315789,129
CUST_511,INV_541,2024-05-24,36.54,beauty,credit card,loyal,north,820.69,8,102.58625,138
CUST_399,INV_542,2024-02-14,24.56,home,upi,loyal,west,1224.99,9,136.11,155
CUST_653,INV_543,2024-05-18,39.63,clothing,cash on delivery,loyal,east,955.4,9,106.15555555555555,153
CUST_971,INV_544,2024-03-10,99.02,clothing,cash on delivery,returning,north,658.75,8,82.34375,161
CUST_882,INV_545,2024-05-04,18.95,books,credit card,returning,north,1199.94,15,79.99600000000001,156
CUST_470,INV_546,2024-05-30,29.93,home,upi,loyal,west,1379.5900000000001,17,81.15235294117647,166
CUST_142,INV_547,2024-03-31,63.12,electronics,upi,new,west,1343.5,12,111.95833333333333,138
CUST_91,INV_548,2024-03-10,26.53,beauty,debit card,loyal,north,802.32,10,80.232,137
CUST_353,INV_549,2024-06-14,88.83,home,cash on delivery,returning,east,1307.47,9,145.27444444444444,129
CUST_833,INV_550,2024-05-09,256.62,electronics,cash on delivery,loyal,south,1352.11,9,150.23444444444442,143
CUST_799,INV_551,2024-03-24,137.87,clothing,debit card,loyal,south,1536.08,16,96.005,175
CUST_726,INV_552,2024-03-29,109.79,beauty,cash on delivery,returning,west,1882.9499999999998,14,134.49642857142857,160
CUST_958,INV_553,2024-03-19,87.4,beauty,upi,returning,east,897.02,9,99.66888888888889,134
CUST_853,INV_554,2024-04-22,66.93,home,upi,returning,north,665.79,9,73.97666666666666,154
CUST_50,INV_555,2024-04-02,20.65,books,cash on delivery,returning,south,1402.2,8,175.275,128
CUST_664,INV_556,2024-03-12,225.1,electronics,debit card,loyal,south,1203.96,10,120.396,136
CUST_697,INV_557,2024-06-13,28.57,home,credit card,returning,east,807.16,10,80.716,150
CUST_574,INV_558,2024-02-18,9.58,books,credit card,new,north,1145.9,15,76.39333333333335,157
CUST_189,INV_559,2024-02-21,138.64,books,credit card,returning,west,1748.28,14,124.87714285714286,171
CUST_124,INV_560,2024-02-02,19.31,books,credit card,returning,south,965.91,10,96.591,165
CUST_149,INV_561,2024-01-22,46.5,beauty,upi,loyal,east,523.62,5,104.724,138
CUST_313,INV_562,2024-04-23,2.87,electronics,credit card,new,west,2380.87,15,158.72466666666665,132
CUST_569,INV_563,2024-05-12,14.74,electronics,upi,new,east,1196.6599999999999,9,132.9622222222222,129
CUST_341,INV_564,2024-01-18,19.02,home,upi,new,north,1885.17,11,171.3790909090909,147
CUST_304,INV_565,2024-06-14,5.59,clothing,credit card,returning,east,751.09,11,68.28090909090909,165
CUST_691,INV_566,2024-04-27,106.9,home,credit card,loyal,west,422.05,9,46.894444444444446,147
CUST_681,INV_567,2024-04-26,181.41,electronics,credit card,loyal,north,1672.08,10,167.208,141
CUST_837,INV_568,2024-02-06,46.73,beauty,cash on delivery,returning,south,747.28,9,83.0311111111111,122
CUST_782,INV_569,2024-03-04,207.61,home,cash on delivery,new,west,1358.75,16,84.921875,170
CUST_53,INV_570,2024-05-17,24.0,clothing,debit card,new,east,1002.76,12,83.56333333333333,144
CUST_443,INV_571,2024-03-19,39.36,home,upi,loyal,south,1208.88,8,151.11,126
CUST_612,INV_572,2024-06-18,16.34,books,credit card,returning,north,1710.26,16,106.89125,177
CUST_992,INV_573,2024-05-02,96.91,clothing,cash on delivery,new,west,1168.02,12,97.335,121
CUST_263,INV_574,2024-06-24,54.45,books,debit card,returning,north,1411.37,8,176.42125,87
CUST_52,INV_575,2024-02-13,95.01,beauty,upi,loyal,north,946.78,11,86.07090909090908,140
CUST_571,INV_576,2024-03-22,143.41,electronics,upi,returning,east,964.01,9,107.11222222222221,119
CUST_619,INV_577,2024-03-27,78.9,home,upi,returning,east,1679.21,13,129.17000000000002,165
CUST_4,INV_578,2024-01-16,98.79,home,cash on delivery,returning,east,1444.3899999999999,9,160.48777777777775,176
CUST_102,INV_579,2024-02-23,273.72,books,credit card,returning,south,1174.56,8,146.82,153
CUST_195,INV_580,2024-04-11,35.53,books,credit card,new,south,1024.49,10,102.449,164
CUST_773,INV_581,2024-06-11,44.5,electronics,upi,loyal,east,730.25,10,73.025,139
CUST_876,INV_582,2024-04-07,126.48,home,upi,new,south,1446.61,14,103.3292857142857,158
CUST_991,INV_583,2024-06-04,94.5,electronics,debit card,new,west,640.42,9,71.15777777777777,167
CUST_883,INV_584,2024-01-02,19.67,books,debit card,new,north,1316.5900000000001,13,101.27615384615386,174
CUST_349,INV_585,2024-04-03,47.18,books,upi,new,east,406.13,10,40.613,159
CUST_46,INV_586,2024-05-20,63.08,clothing,debit card,loyal,north,1456.6399999999999,12,121.38666666666666,150
CUST_866,INV_587,2024-06-17,54.37,books,cash on delivery,loyal,north,927.96,11,84.36,149
CUST_822,INV_588,2024-02-28,19.63,books,upi,new,north,404.05,7,57.721428571428575,97
CUST_935,INV_589,2024-03-09,258.27,electronics,debit card,returning,west,2032.24,18,112.90222222222222,169
CUST_819,INV_590,2024-04-28,143.68,clothing,upi,returning,west,963.63,11,87.60272727272728,167
CUST_655,INV_591,2024-04-01,65.65,clothing,credit card,returning,south,409.7,8,51.2125,142
CUST_268,INV_592,2024-02-14,113.96,home,cash on delivery,returning,north,725.07,8,90.63375,79
CUST_369,INV_593,2024-05-27,227.58,beauty,upi,returning,south,556.19,7,79.4557142857143,157
CUST_635,INV_594,2024-01-24,14.64,home,credit card,loyal,north,338.47,5,67.694,111
CUST_105,INV_595,2024-03-31,28.82,home,upi,returning,east,1413.3799999999999,12,117.78166666666665,153
CUST_669,INV_596,2024-04-03,78.24,home,credit card,loyal,north,1120.45,16,70.028125,153
CUST_658,INV_597,2024-02-27,160.45,clothing,debit card,returning,north,1108.12,15,73.87466666666666,158
CUST_656,INV_598,2024-06-03,3.69,electronics,credit card,returning,west,1419.27,11,129.02454545454546,135
CUST_119,INV_599,2024-06-02,413.63,books,cash on delivery,new,east,1011.79,11,91.9809090909091,163
CUST_830,INV_600,2024-05-07,60.68,clothing,cash on delivery,new,south,1706.6100000000001,14,121.9007142857143,146
CUST_786,INV_601,2024-01-07,44.51,books,debit card,new,east,1196.88,13,92.06769230769231,155
CUST_603,INV_602,2024-06-18,34.63,books,upi,loyal,west,534.06,10,53.40599999999999,117
CUST_57,INV_603,2024-02-16,19.16,beauty,cash on delivery,loyal,west,1066.52,12,88.87666666666667,125
CUST_950,INV_604,2024-02-22,156.82,home,debit card,new,north,1161.93,8,145.24125,109
CUST_345,INV_605,2024-02-07,311.03,beauty,cash on delivery,new,west,922.68,7,131.81142857142856,154
CUST_740,INV_606,2024-02-22,53.38,home,debit card,returning,west,683.99,8,85.49875,81
CUST_473,INV_607,2024-05-22,304.54,clothing,cash on delivery,loyal,north,1449.27,12,120.7725,163
CUST_116,INV_608,2024-06-02,173.61,books,debit card,returning,west,1609.68,13,123.82153846153847,148
CUST_829,INV_609,2024-02-17,65.59,beauty,cash on delivery,returning,west,2524.41,11,229.49181818181816,150
CUST_790,INV_610,2024-04-04,112.09,clothing,upi,new,south,1002.99,11,91.1809090909091,137
CUST_126,INV_611,2024-05-26,57.09,clothing,credit card,returning,north,547.5600000000001,11,49.77818181818182,167
CUST_392,INV_612,2024-05-16,81.81,home,cash on delivery,returning,north,828.34,10,82.834,126
CUST_907,INV_613,2024-03-04,5.98,books,debit card,new,south,277.95,6,46.324999999999996,143
CUST_640,INV_614,2024-04-02,119.16,home,upi,new,south,1006.74,7,143.82,112
CUST_57,INV_615,2024-05-04,5.43,home,cash on delivery,returning,south,1066.52,12,88.87666666666667,125
CUST_633,INV_616,2024-06-27,169.87,clothing,debit card,returning,south,1314.47,13,101.11307692307693,161
CUST_512,INV_617,2024-02-08,174.27,home,credit card,returning,north,651.4,8,81.425,137
CUST_750,INV_618,2024-01-04,27.06,electronics,debit card,loyal,south,1289.12,13,99.16307692307691,171
CUST_801,INV_619,2024-05-05,39.11,books,cash on delivery,returning,south,1939.41,12,161.6175,136
CUST_95,INV_620,2024-01-03,65.64,home,debit card,new,west,922.15,11,83.83181818181818,172
CUST_637,INV_621,2024-03-04,90.8,home,debit card,returning,north,1027.08,13,79.00615384615384,145
CUST_117,INV_622,2024-01-29,33.88,beauty,credit card,loyal,south,2229.23,16,139.326875,150
CUST_559,INV_623,2024-04-25,89.77,books,cash on delivery,returning,west,1782.0,11,162.0,111
CUST_600,INV_624,2024-01-11,35.35,books,cash on delivery,loyal,north,1760.6799999999998,14,125.76285714285713,168
CUST_487,INV_625,2024-04-06,5.71,home,credit card,loyal,south,1176.0,10,117.6,140
CUST_236,INV_626,2024-04-11,0.25,electronics,upi,new,south,1333.49,14,95.24928571428572,169
CUST_884,INV_627,2024-06-03,10.66,beauty,debit card,returning,west,679.67,10,67.967,153
CUST_896,INV_628,2024-01-21,157.14,electronics,debit card,loyal,east,1162.97,13,89.45923076923077,154
CUST_271,INV_629,2024-02-08,325.53,home,debit card,returning,north,1447.75,7,206.82142857142858,140
CUST_188,INV_630,2024-04-11,55.68,books,cash on delivery,loyal,west,811.53,9,90.17,94
CUST_998,INV_631,2024-02-15,71.88,books,cash on delivery,new,south,802.62,9,89.18,156
CUST_703,INV_632,2024-03-06,15.88,electronics,debit card,new,east,1227.12,15,81.80799999999999,135
CUST_446,INV_633,2024-03-31,80.08,clothing,cash on delivery,returning,east,977.14,10,97.714,168
CUST_580,INV_634,2024-06-12,15.63,home,credit card,returning,west,506.56,8,63.32,159
CUST_789,INV_635,2024-04-20,94.47,books,credit card,returning,west,1280.23,10,128.023,152
CUST_860,INV_636,2024-03-22,270.69,clothing,cash on delivery,returning,west,859.3199999999999,9,95.47999999999999,148
CUST_246,INV_637,2024-05-02,21.78,books,debit card,returning,north,1430.28,15,95.352,149
CUST_962,INV_638,2024-04-08,144.63,books,debit card,loyal,east,1727.8,16,107.9875,166
CUST_75,INV_639,2024-02-04,2.38,clothing,debit card,returning,north,1046.33,12,87.19416666666666,147
CUST_153,INV_640,2024-06-07,47.08,electronics,debit card,loyal,east,2354.16,19,123.90315789473684,138
CUST_655,INV_641,2024-06-04,11.74,home,cash on delivery,loyal,north,409.7,8,51.2125,142
CUST_434,INV_642,2024-04-12,43.46,clothing,upi,loyal,west,1873.11,16,117.069375,161
CUST_996,INV_643,2024-05-08,19.06,clothing,upi,returning,south,892.71,10,89.271,139
CUST_85,INV_644,2024-01-25,46.73,books,debit card,new,west,780.99,11,70.99909090909091,156
CUST_696,INV_645,2024-02-12,54.05,clothing,debit card,new,north,399.21,4,99.8025,160
CUST_284,INV_646,2024-03-24,35.75,home,debit card,returning,west,901.05,11,81.91363636363636,142
CUST_973,INV_647,2024-02-20,106.89,electronics,upi,returning,east,1034.19,15,68.946,168
CUST_219,INV_648,2024-05-09,251.15,electronics,credit card,returning,north,1823.3,14,130.2357142857143,164
CUST_68,INV_649,2024-05-05,51.18,electronics,upi,loyal,west,1342.35,15,89.49,125
CUST_46,INV_650,2024-03-09,21.36,home,cash on delivery,new,west,1456.6399999999999,12,121.38666666666666,150
CUST_93,INV_651,2024-01-09,31.57,books,upi,new,south,316.56,5,63.312,156
CUST_749,INV_652,2024-01-02,192.42,home,cash on delivery,new,south,1129.43,8,141.17875,158
CUST_957,INV_653,2024-06-10,84.78,clothing,debit card,new,west,1402.95,15,93.53,149
CUST_452,INV_654,2024-06-07,60.7,beauty,cash on delivery,loyal,east,1422.5,11,129.3181818181818,156
CUST_203,INV_655,2024-01-10,16.21,beauty,debit card,returning,east,469.57,7,67.08142857142857,132
CUST_911,INV_656,2024-04-23,59.73,beauty,credit card,loyal,east,835.55,14,59.68214285714286,154
CUST_217,INV_657,2024-03-16,32.64,electronics,debit card,returning,west,1137.8400000000001,13,87.52615384615386,138
CUST_473,INV_658,2024-06-12,286.76,home,debit card,returning,south,1449.27,12,120.7725,163
CUST_431,INV_659,2024-03-25,215.48,home,credit card,new,west,1680.19,10,168.019,158
CUST_340,INV_660,2024-02-18,8.76,electronics,debit card,new,south,709.45,9,78.82777777777778,168
CUST_550,INV_661,2024-03-10,72.7,clothing,debit card,returning,east,1213.02,12,101.085,156
CUST_611,INV_662,2024-06-25,25.5,beauty,debit card,returning,south,1114.33,12,92.86083333333333,172
CUST_288,INV_663,2024-05-10,52.9,beauty,upi,new,west,1444.41,15,96.29400000000001,150
CUST_253,INV_664,2024-05-12,209.43,electronics,cash on delivery,new,west,1062.94,12,88.57833333333333,111
CUST_733,INV_665,2024-03-30,74.97,beauty,debit card,new,west,988.9300000000001,12,82.41083333333334,94
CUST_356,INV_666,2024-01-26,40.68,books,upi,new,south,905.13,8,113.14125,131
CUST_22,INV_667,2024-03-12,23.31,home,debit card,new,east,707.1,8,88.3875,172
CUST_761,INV_668,2024-01-05,161.11,beauty,cash on delivery,loyal,west,890.0999999999999,9,98.89999999999999,163
CUST_521,INV_669,2024-01-15,97.95,beauty,debit card,loyal,west,1074.26,7,153.46571428571428,129
CUST_757,INV_670,2024-05-02,63.12,books,cash on delivery,loyal,south,1097.94,17,64.58470588235295,170
CUST_836,INV_671,2024-05-23,24.52,clothing,upi,new,east,1783.42,12,148.61833333333334,164
CUST_99,INV_672,2024-01-01,40.68,clothing,upi,returning,south,591.23,7,84.46142857142857,164
CUST_801,INV_673,2024-05-23,321.5,books,debit card,returning,north,1939.41,12,161.6175,136
CUST_179,INV_674,2024-06-13,73.42,clothing,credit card,new,north,582.36,10,58.236000000000004,153
CUST_222,INV_675,2024-01-03,51.2,electronics,cash on delivery,loyal,west,1302.41,12,108.53416666666668,170
CUST_905,INV_676,2024-06-28,73.69,books,debit card,returning,south,1365.3600000000001,11,124.12363636363638,133
CUST_761,INV_677,2024-02-16,150.95,home,upi,new,south,890.0999999999999,9,98.89999999999999,163
CUST_658,INV_678,2024-04-04,41.57,home,debit card,loyal,west,1108.12,15,73.87466666666666,158
CUST_441,INV_679,2024-01-13,19.69,home,cash on delivery,loyal,north,1047.24,12,87.27,141
CUST_607,INV_680,2024-04-29,87.93,beauty,debit card,loyal,east,1399.46,12,116.62166666666667,143
CUST_768,INV_681,2024-02-24,109.42,books,cash on delivery,loyal,east,2004.6799999999998,9,222.7422222222222,169
CUST_324,INV_682,2024-05-28,124.73,books,upi,loyal,north,831.17,8,103.89625,145
CUST_515,INV_683,2024-03-06,213.7,clothing,credit card,loyal,west,884.47,13,68.03615384615385,165
CUST_15,INV_684,2024-06-03,46.39,books,credit card,loyal,west,761.0699999999999,8,95.13374999999999,138
CUST_791,INV_685,2024-06-14,7.83,books,upi,loyal,east,862.3,11,78.39090909090909,159
CUST_335,INV_686,2024-03-30,317.84,clothing,upi,loyal,east,1313.5,11,119.4090909090909,107
CUST_758,INV_687,2024-03-02,57.1,books,debit card,loyal,north,1520.67,12,126.72250000000001,150
CUST_257,INV_688,2024-04-11,97.62,books,upi,new,north,431.55,7,61.65,153
CUST_496,INV_689,2024-06-22,109.75,electronics,upi,returning,south,876.26,11,79.66,159
CUST_987,INV_690,2024-05-18,79.08,clothing,cash on delivery,new,north,1846.98,17,108.64588235294117,171
CUST_895,INV_691,2024-01-08,22.97,electronics,debit card,returning,north,236.4,6,39.4,139
CUST_159,INV_692,2024-04-06,140.71,beauty,cash on delivery,new,east,1512.87,10,151.28699999999998,156
CUST_474,INV_693,2024-04-26,162.84,clothing,debit card,returning,east,412.5,6,68.75,137
CUST_851,INV_694,2024-03-04,80.51,books,debit card,returning,south,1729.42,13,133.0323076923077,160
CUST_663,INV_695,2024-01-21,67.05,books,credit card,returning,east,2021.0,17,118.88235294117646,152
CUST_907,INV_696,2024-04-24,12.1,electronics,credit card,new,east,277.95,6,46.324999999999996,143
CUST_689,INV_697,2024-03-25,8.77,electronics,upi,returning,east,1618.6299999999999,10,161.863,138
CUST_674,INV_698,2024-01-20,41.49,beauty,debit card,loyal,north,1646.9099999999999,12,137.24249999999998,145
CUST_379,INV_699,2024-01-08,37.23,beauty,upi,returning,east,961.96,11,87.4509090909091,168
CUST_544,INV_700,2024-02-27,307.17,books,cash on delivery,new,west,307.17,1,307.17,0
CUST_928,INV_701,2024-02-15,153.07,home,upi,new,north,1642.5,21,78.21428571428571,169
CUST_956,INV_702,2024-01-31,107.86,beauty,cash on delivery,loyal,east,1002.25,9,111.36111111111111,128
CUST_690,INV_703,2024-04-02,72.91,books,credit card,returning,north,1153.93,12,96.16083333333334,166
CUST_426,INV_704,2024-01-09,18.32,beauty,credit card,new,east,803.35,12,66.94583333333334,137
CUST_612,INV_705,2024-01-15,383.77,clothing,cash on delivery,returning,south,1710.26,16,106.89125,177
CUST_267,INV_706,2024-04-03,47.01,electronics,cash on delivery,loyal,south,1714.25,16,107.140625,141
CUST_834,INV_707,2024-06-02,11.31,books,cash on delivery,loyal,south,1355.99,11,123.27181818181818,143
CUST_576,INV_708,2024-05-17,68.08,beauty,upi,new,east,356.34999999999997,5,71.27,88
CUST_416,INV_709,2024-01-29,207.15,electronics,cash on delivery,returning,south,448.39,5,89.678,79
CUST_167,INV_710,2024-03-20,218.29,home,debit card,loyal,north,1408.6799999999998,11,128.06181818181815,154
CUST_841,INV_711,2024-02-05,1.1,beauty,cash on delivery,loyal,south,637.4,8,79.675,155
CUST_42,INV_712,2024-03-24,217.42,books,credit card,new,south,1234.35,12,102.8625,151
CUST_555,INV_713,2024-04-18,31.67,clothing,cash on delivery,loyal,south,1410.72,14,100.76571428571428,147
CUST_284,INV_714,2024-04-27,3.98,electronics,credit card,new,south,901.05,11,81.91363636363636,142
CUST_396,INV_715,2024-02-06,188.25,electronics,credit card,loyal,north,1235.97,10,123.59700000000001,163
CUST_11,INV_716,2024-03-26,199.41,clothing,upi,loyal,west,2019.26,18,112.18111111111111,160
CUST_606,INV_717,2024-03-11,90.69,books,cash on delivery,new,south,1199.92,13,92.30153846153847,152
CUST_301,INV_718,2024-05-30,85.43,home,credit card,new,east,731.7,15,48.78,158
CUST_897,INV_719,2024-06-17,167.73,clothing,debit card,returning,west,482.14,7,68.87714285714286,149
CUST_252,INV_720,2024-04-02,154.32,home,cash on delivery,loyal,south,1610.4199999999998,14,115.02999999999999,170
CUST_498,INV_721,2024-03-20,220.82,books,cash on delivery,returning,west,1599.85,14,114.27499999999999,143
CUST_753,INV_722,2024-04-11,80.46,beauty,credit card,returning,east,1313.51,10,131.351,109
CUST_34,INV_723,2024-06-04,343.11,beauty,upi,new,east,905.3,11,82.3,164
CUST_726,INV_724,2024-06-24,555.89,books,upi,loyal,south,1882.9499999999998,14,134.49642857142857,160
CUST_848,INV_725,2024-06-14,12.39,home,cash on delivery,new,south,2094.2799999999997,16,130.89249999999998,147
CUST_89,INV_726,2024-06-07,189.41,clothing,cash on delivery,loyal,east,1903.25,14,135.94642857142858,151
CUST_775,INV_727,2024-01-14,69.28,books,upi,new,north,1331.75,19,70.09210526315789,129
CUST_604,INV_728,2024-04-26,49.03,books,upi,loyal,west,755.38,10,75.538,148
CUST_921,INV_729,2024-03-13,94.95,beauty,debit card,returning,north,1084.65,8,135.58125,156
CUST_969,INV_730,2024-03-31,5.76,clothing,cash on delivery,loyal,south,344.49,8,43.06125,153
CUST_601,INV_731,2024-03-30,70.62,beauty,cash on delivery,loyal,north,1577.98,13,121.38307692307693,133
CUST_417,INV_732,2024-01-29,204.71,home,cash on delivery,new,north,1103.4,6,183.9,128
CUST_114,INV_733,2024-06-27,24.01,home,upi,loyal,west,583.08,7,83.29714285714286,117
CUST_616,INV_734,2024-02-18,55.58,electronics,credit card,loyal,south,639.3,7,91.32857142857142,121
CUST_902,INV_735,2024-06-19,280.48,books,debit card,loyal,west,1227.18,10,122.718,167
CUST_195,INV_736,2024-03-12,55.96,clothing,upi,loyal,east,1024.49,10,102.449,164
CUST_825,INV_737,2024-05-12,44.37,clothing,upi,returning,west,775.45,9,86.16111111111111,155
CUST_500,INV_738,2024-02-11,58.08,beauty,debit card,new,west,647.19,8,80.89875,133
CUST_625,INV_739,2024-05-14,73.28,beauty,cash on delivery,loyal,east,590.19,7,84.31285714285715,94
CUST_492,INV_740,2024-02-11,99.96,clothing,credit card,new,north,636.61,10,63.661,159
CUST_74,INV_741,2024-06-12,161.29,beauty,debit card,returning,west,1455.28,16,90.955,150
CUST_412,INV_742,2024-04-14,60.17,electronics,credit card,returning,east,395.62,7,56.51714285714286,147
CUST_375,INV_743,2024-01-27,170.09,books,cash on delivery,loyal,south,1246.71,14,89.05071428571429,148
CUST_419,INV_744,2024-02-27,76.3,electronics,credit card,new,north,1069.12,15,71.27466666666666,166
CUST_728,INV_745,2024-02-15,41.32,home,cash on delivery,new,east,808.54,9,89.83777777777777,142
CUST_276,INV_746,2024-03-06,107.28,clothing,upi,new,north,2147.64,14,153.40285714285713,156
CUST_760,INV_747,2024-01-25,126.49,electronics,cash on delivery,returning,east,1743.15,12,145.26250000000002,141
CUST_675,INV_748,2024-03-13,81.66,electronics,debit card,returning,west,1513.6100000000001,13,116.43153846153847,143
CUST_393,INV_749,2024-04-26,5.83,beauty,debit card,loyal,north,540.06,4,135.015,92
CUST_868,INV_750,2024-06-03,18.62,beauty,cash on delivery,new,west,823.44,10,82.34400000000001,168
CUST_456,INV_751,2024-05-08,33.59,beauty,cash on delivery,new,east,923.6800000000001,10,92.36800000000001,164
CUST_919,INV_752,2024-03-27,33.22,home,upi,returning,west,1715.16,15,114.34400000000001,174
CUST_191,INV_753,2024-03-14,111.91,electronics,upi,loyal,west,1744.07,14,124.57642857142856,154
CUST_738,INV_754,2024-06-18,1.85,books,cash on delivery,loyal,east,1133.27,11,103.02454545454545,169
CUST_688,INV_755,2024-06-28,140.93,beauty,credit card,loyal,west,1145.06,9,127.22888888888889,143
CUST_98,INV_756,2024-06-01,30.84,home,upi,returning,west,1488.62,15,99.24133333333333,147
CUST_547,INV_757,2024-05-04,37.11,home,debit card,new,west,1250.64,10,125.06400000000001,162
CUST_977,INV_758,2024-03-07,75.06,beauty,upi,loyal,south,804.0,9,89.33333333333333,111
CUST_998,INV_759,2024-01-06,24.33,clothing,upi,loyal,south,802.62,9,89.18,156
CUST_95,INV_760,2024-05-04,215.82,electronics,upi,new,south,922.15,11,83.83181818181818,172
CUST_663,INV_761,2024-02-27,8.92,beauty,upi,loyal,north,2021.0,17,118.88235294117646,152
CUST_662,INV_762,2024-03-10,58.77,books,cash on delivery,returning,west,1397.85,14,99.84642857142856,118
CUST_189,INV_763,2024-02-22,189.33,electronics,upi,loyal,west,1748.28,14,124.87714285714286,171
CUST_735,INV_764,2024-03-06,95.67,home,credit card,new,west,1179.4,14,84.24285714285715,156
CUST_36,INV_765,2024-02-27,34.58,books,upi,returning,north,435.09000000000003,6,72.515,163
CUST_779,INV_766,2024-03-22,54.6,electronics,upi,loyal,north,603.65,9,67.07222222222222,153
CUST_368,INV_767,2024-03-27,122.65,books,debit card,new,east,721.13,11,65.55727272727273,176
CUST_694,INV_768,2024-01-02,362.16,home,upi,new,west,958.35,7,136.90714285714287,178
CUST_524,INV_769,2024-05-29,223.62,beauty,debit card,new,east,1104.35,12,92.02916666666665,130
CUST_278,INV_770,2024-02-06,41.92,books,debit card,new,east,495.45,8,61.93125,163
CUST_216,INV_771,2024-05-27,631.88,beauty,cash on delivery,loyal,north,1413.6200000000001,12,117.80166666666668,124
CUST_866,INV_772,2024-04-12,0.35,home,debit card,loyal,south,927.96,11,84.36,149
CUST_872,INV_773,2024-01-24,2.8,home,debit card,returning,north,1664.3799999999999,9,184.9311111111111,146
CUST_797,INV_774,2024-04-21,173.64,books,credit card,returning,north,1604.42,11,145.85636363636365,161
CUST_272,INV_775,2024-03-05,22.25,books,credit card,new,south,1756.03,19,92.42263157894736,152
CUST_880,INV_776,2024-05-08,6.27,home,debit card,new,south,1739.45,16,108.715625,135
CUST_61,INV_777,2024-04-26,27.07,books,cash on delivery,returning,north,1200.96,6,200.16,114
CUST_595,INV_778,2024-04-25,55.53,books,credit card,loyal,west,1111.22,13,85.47846153846154,179
CUST_879,INV_779,2024-04-14,131.14,books,credit card,loyal,east,846.73,6,141.12166666666667,151
CUST_728,INV_780,2024-01-03,97.91,books,cash on delivery,loyal,west,808.54,9,89.83777777777777,142
CUST_341,INV_781,2024-02-15,27.13,electronics,upi,new,east,1885.17,11,171.3790909090909,147
CUST_396,INV_782,2024-02-24,69.97,home,credit card,returning,west,1235.97,10,123.59700000000001,163
CUST_698,INV_783,2024-03-15,260.66,home,debit card,returning,south,1683.8300000000002,15,112.25533333333334,111
CUST_18,INV_784,2024-02-14,168.74,clothing,debit card,returning,west,1436.15,15,95.74333333333334,167
CUST_176,INV_785,2024-06-02,39.04,beauty,debit card,loyal,north,1919.6100000000001,12,159.9675,145
CUST_611,INV_786,2024-03-17,403.22,clothing,cash on delivery,returning,east,1114.33,12,92.86083333333333,172
CUST_395,INV_787,2024-01-24,123.31,books,debit card,returning,east,394.9,7,56.41428571428571,154
CUST_444,INV_788,2024-02-04,6.45,books,upi,loyal,west,1275.1,12,106.25833333333333,172
CUST_232,INV_789,2024-01-24,3.58,electronics,cash on delivery,new,south,1707.56,16,106.7225,153
CUST_914,INV_790,2024-01-28,18.44,electronics,credit card,new,north,1795.96,18,99.77555555555556,170
CUST_75,INV_791,2024-01-16,130.14,electronics,cash on delivery,loyal,south,1046.33,12,87.19416666666666,147
CUST_264,INV_792,2024-02-28,20.3,electronics,debit card,returning,north,1034.75,10,103.475,165
CUST_454,INV_793,2024-05-23,71.64,electronics,cash on delivery,new,north,1356.76,14,96.91142857142857,178
CUST_795,INV_794,2024-01-15,9.79,electronics,cash on delivery,new,north,1477.78,11,134.34363636363636,157
CUST_717,INV_795,2024-01-11,253.69,electronics,cash on delivery,new,west,1060.88,8,132.61,167
CUST_734,INV_796,2024-03-19,42.15,electronics,cash on delivery,loyal,north,1246.28,10,124.628,150
CUST_383,INV_797,2024-04-24,238.74,electronics,upi,new,north,1846.6,12,153.88333333333333,151
CUST_563,INV_798,2024-03-08,289.82,home,cash on delivery,returning,north,1167.36,10,116.73599999999999,159
CUST_850,INV_799,2024-02-12,0.61,electronics,debit card,loyal,east,750.55,8,93.81875,160
CUST_505,INV_800,2024-03-09,62.39,beauty,credit card,loyal,east,1616.42,10,161.642,94
CUST_366,INV_801,2024-05-20,2.5,electronics,upi,new,west,1142.62,13,87.89384615384614,141
CUST_143,INV_802,2024-05-17,239.35,books,cash on delivery,returning,west,1385.37,14,98.955,149
CUST_884,INV_803,2024-03-15,73.07,books,credit card,loyal,east,679.67,10,67.967,153
CUST_68,INV_804,2024-04-12,7.79,electronics,upi,new,east,1342.35,15,89.49,125
CUST_98,INV_805,2024-02-10,11.68,electronics,debit card,returning,north,1488.62,15,99.24133333333333,147
CUST_395,INV_806,2024-06-26,48.37,books,debit card,returning,east,394.9,7,56.41428571428571,154
CUST_24,INV_807,2024-02-28,281.73,beauty,credit card,loyal,west,1497.66,16,93.60375,163
CUST_947,INV_808,2024-02-08,118.06,clothing,cash on delivery,new,west,524.38,7,74.91142857142857,113
CUST_890,INV_809,2024-01-03,202.21,home,credit card,returning,north,2004.37,19,105.49315789473684,170
CUST_468,INV_810,2024-01-07,45.64,books,upi,loyal,south,428.27,7,61.18142857142857,169
CUST_483,INV_811,2024-02-18,4.42,electronics,credit card,loyal,south,438.87,5,87.774,54
CUST_564,INV_812,2024-01-26,366.2,home,credit card,loyal,east,1502.43,8,187.80375,93
CUST_150,INV_813,2024-06-09,1.73,electronics,cash on delivery,loyal,north,671.38,7,95.91142857142857,151
CUST_143,INV_814,2024-04-10,294.98,clothing,debit card,loyal,east,1385.37,14,98.955,149
CUST_568,INV_815,2024-06-24,45.99,clothing,cash on delivery,returning,north,368.41,8,46.05125,172
CUST_38,INV_816,2024-03-19,1.01,books,debit card,loyal,east,1482.14,19,78.00736842105263,161
CUST_108,INV_817,2024-01-02,116.85,home,cash on delivery,new,west,1502.8700000000001,15,100.19133333333335,150
CUST_692,INV_818,2024-05-06,393.94,home,debit card,new,west,2789.69,17,164.09941176470588,153
CUST_41,INV_819,2024-06-08,337.04,clothing,cash on delivery,returning,south,1050.08,9,116.67555555555555,161
CUST_185,INV_820,2024-05-11,17.55,electronics,debit card,loyal,south,445.11,6,74.185,142
CUST_934,INV_821,2024-01-20,20.0,books,debit card,loyal,east,807.47,10,80.747,136
CUST_397,INV_822,2024-04-26,83.36,beauty,debit card,returning,west,692.7,8,86.5875,90
CUST_222,INV_823,2024-06-12,101.42,clothing,debit card,loyal,east,1302.41,12,108.53416666666668,170
CUST_633,INV_824,2024-02-01,134.48,clothing,cash on delivery,loyal,west,1314.47,13,101.11307692307693,161
CUST_132,INV_825,2024-01-28,19.97,books,upi,new,north,564.31,6,94.05166666666666,176
CUST_162,INV_826,2024-03-17,319.44,electronics,debit card,loyal,west,1730.47,10,173.047,153
CUST_214,INV_827,2024-01-01,101.82,home,debit card,returning,south,1047.22,10,104.72200000000001,142
CUST_732,INV_828,2024-02-25,187.76,clothing,debit card,new,west,586.39,9,65.15444444444444,176
CUST_234,INV_829,2024-02-04,77.67,books,debit card,returning,east,658.28,10,65.828,156
CUST_842,INV_830,2024-04-21,53.49,books,debit card,returning,north,704.37,8,88.04625,149
CUST_657,INV_831,2024-01-30,378.02,books,credit card,loyal,south,1862.21,16,116.388125,146
CUST_750,INV_832,2024-02-23,87.26,home,credit card,loyal,north,1289.12,13,99.16307692307691,171
CUST_587,INV_833,2024-02-05,201.65,clothing,debit card,new,south,1142.67,14,81.61928571428572,176
CUST_8,INV_834,2024-03-20,306.38,books,debit card,returning,south,779.15,6,129.85833333333332,156
CUST_73,INV_835,2024-02-27,112.5,home,debit card,returning,north,905.9300000000001,8,113.24125000000001,105
CUST_953,INV_836,2024-03-23,79.62,electronics,upi,loyal,north,781.53,8,97.69125,161
CUST_491,INV_837,2024-03-05,0.35,beauty,cash on delivery,returning,west,1204.84,10,120.484,111
CUST_912,INV_838,2024-03-09,4.08,clothing,debit card,returning,west,1248.99,11,113.54454545454546,158
CUST_252,INV_839,2024-05-07,22.42,home,upi,returning,south,1610.4199999999998,14,115.02999999999999,170
CUST_229,INV_840,2024-02-20,20.58,beauty,upi,returning,west,1002.8299999999999,8,125.35374999999999,111
CUST_518,INV_841,2024-01-22,29.4,beauty,debit card,returning,west,1608.16,10,160.816,168
CUST_173,INV_842,2024-04-16,36.37,home,cash on delivery,new,south,130.13,3,43.376666666666665,73
CUST_652,INV_843,2024-04-18,44.64,home,credit card,returning,west,1155.64,11,105.05818181818182,147
CUST_167,INV_844,2024-04-25,54.57,home,debit card,returning,north,1408.6799999999998,11,128.06181818181815,154
CUST_169,INV_845,2024-04-10,10.41,books,debit card,new,east,725.29,8,90.66125,177
CUST_392,INV_846,2024-04-09,4.33,electronics,credit card,loyal,north,828.34,10,82.834,126
CUST_945,INV_847,2024-06-12,112.07,books,cash on delivery,loyal,east,1503.4,13,115.64615384615385,168
CUST_794,INV_848,2024-03-08,77.08,beauty,credit card,new,north,537.71,9,59.74555555555556,177
CUST_633,INV_849,2024-02-05,58.72,beauty,debit card,new,east,1314.47,13,101.11307692307693,161
CUST_193,INV_850,2024-06-28,100.63,beauty,debit card,loyal,east,1323.7,13,101.82307692307693,165
CUST_516,INV_851,2024-06-26,175.84,home,upi,returning,west,1407.26,13,108.25076923076924,168
CUST_28,INV_852,2024-06-17,55.81,clothing,credit card,returning,south,559.96,11,50.905454545454546,136
CUST_164,INV_853,2024-05-25,102.48,books,upi,new,north,633.75,10,63.375,164
CUST_421,INV_854,2024-01-22,306.99,clothing,upi,returning,west,1688.19,15,112.546,170
CUST_338,INV_855,2024-03-06,183.02,electronics,upi,new,north,1012.3600000000001,9,112.48444444444446,154
CUST_647,INV_856,2024-01-21,55.51,electronics,upi,loyal,north,622.69,12,51.89083333333334,156
CUST_495,INV_857,2024-04-09,103.48,books,credit card,returning,east,1322.4,8,165.3,129
CUST_364,INV_858,2024-05-07,19.49,beauty,credit card,loyal,east,1129.3899999999999,9,125.48777777777777,175
CUST_832,INV_859,2024-02-13,82.22,electronics,credit card,returning,south,1070.51,14,76.465,169
CUST_341,INV_860,2024-04-12,398.07,clothing,debit card,returning,east,1885.17,11,171.3790909090909,147
CUST_499,INV_861,2024-02-16,73.05,clothing,cash on delivery,returning,north,727.19,14,51.94214285714286,170
CUST_656,INV_862,2024-02-08,262.61,home,upi,new,east,1419.27,11,129.02454545454546,135
CUST_510,INV_863,2024-01-29,52.31,beauty,debit card,loyal,west,657.49,14,46.96357142857143,136
CUST_326,INV_864,2024-02-23,676.35,home,credit card,new,west,2143.43,15,142.89533333333333,119
CUST_216,INV_865,2024-03-30,86.56,books,credit card,new,east,1413.6200000000001,12,117.80166666666668,124
CUST_300,INV_866,2024-03-25,4.32,electronics,debit card,loyal,south,811.0799999999999,10,81.10799999999999,124
CUST_131,INV_867,2024-01-17,88.37,home,upi,loyal,east,1297.4,12,108.11666666666667,163
CUST_803,INV_868,2024-03-20,32.1,home,credit card,new,west,917.4300000000001,14,65.5307142857143,157
CUST_69,INV_869,2024-06-07,3.3,books,upi,new,north,580.79,8,72.59875,151
CUST_251,INV_870,2024-03-13,171.96,clothing,upi,new,north,1249.58,6,208.26333333333332,120
CUST_414,INV_871,2024-02-18,32.26,clothing,cash on delivery,loyal,north,542.9,7,77.55714285714285,155
CUST_786,INV_872,2024-04-10,159.23,books,credit card,new,west,1196.88,13,92.06769230769231,155
CUST_444,INV_873,2024-01-02,34.0,clothing,debit card,loyal,west,1275.1,12,106.25833333333333,172
CUST_875,INV_874,2024-06-24,21.61,books,cash on delivery,new,north,625.1,10,62.510000000000005,162
CUST_181,INV_875,2024-05-21,364.72,clothing,upi,loyal,south,1221.8700000000001,12,101.8225,149
CUST_166,INV_876,2024-02-28,44.89,books,debit card,new,south,357.65999999999997,6,59.60999999999999,84
CUST_90,INV_877,2024-04-06,91.97,clothing,cash on delivery,returning,north,471.46,5,94.292,165
CUST_713,INV_878,2024-04-08,94.16,home,cash on delivery,returning,north,902.01,11,82.00090909090909,163
CUST_857,INV_879,2024-04-12,82.21,home,cash on delivery,loyal,west,1238.11,13,95.23923076923076,128
CUST_530,INV_880,2024-06-27,246.15,clothing,upi,loyal,east,575.49,6,95.915,170
CUST_38,INV_881,2024-01-02,112.22,books,upi,returning,west,1482.14,19,78.00736842105263,161
CUST_125,INV_882,2024-02-10,51.71,home,credit card,loyal,east,1259.0,12,104.91666666666667,149
CUST_450,INV_883,2024-05-02,198.33,electronics,cash on delivery,loyal,east,990.25,9,110.02777777777777,110
CUST_172,INV_884,2024-03-22,19.97,clothing,debit card,returning,east,765.0500000000001,11,69.55000000000001,160
CUST_652,INV_885,2024-05-23,78.58,electronics,upi,new,east,1155.64,11,105.05818181818182,147
CUST_753,INV_886,2024-05-11,300.68,electronics,cash on delivery,loyal,north,1313.51,10,131.351,109
CUST_219,INV_887,2024-05-19,98.19,beauty,debit card,loyal,east,1823.3,14,130.2357142857143,164
CUST_637,INV_888,2024-01-29,169.81,electronics,upi,new,east,1027.08,13,79.00615384615384,145
CUST_57,INV_889,2024-05-14,106.0,electronics,debit card,new,east,1066.52,12,88.87666666666667,125
CUST_659,INV_890,2024-01-14,182.87,beauty,debit card,loyal,west,1856.52,14,132.60857142857142,164
CUST_475,INV_891,2024-01-12,289.12,beauty,credit card,loyal,west,2205.11,13,169.62384615384616,162
CUST_455,INV_892,2024-04-08,31.87,beauty,upi,new,west,524.64,9,58.29333333333333,127
CUST_828,INV_893,2024-05-12,18.59,books,upi,loyal,south,408.52,7,58.36,141
CUST_894,INV_894,2024-03-21,66.16,beauty,upi,new,west,761.35,10,76.135,161
CUST_360,INV_895,2024-04-15,121.02,books,upi,new,south,1133.4299999999998,11,103.03909090909089,83
CUST_934,INV_896,2024-02-01,25.77,clothing,credit card,loyal,west,807.47,10,80.747,136
CUST_0,INV_897,2024-03-14,0.41,books,credit card,loyal,south,944.31,16,59.019375,127
CUST_386,INV_898,2024-06-19,42.0,clothing,cash on delivery,new,west,2344.88,16,146.555,158
CUST_972,INV_899,2024-03-21,346.92,beauty,upi,loyal,north,2206.61,18,122.58944444444445,154
CUST_347,INV_900,2024-03-09,118.73,beauty,debit card,new,west,974.64,11,88.60363636363637,136
CUST_189,INV_901,2024-02-14,51.3,clothing,credit card,returning,south,1748.28,14,124.87714285714286,171
CUST_504,INV_902,2024-04-15,21.39,home,debit card,returning,east,1310.05,11,119.09545454545454,156
CUST_190,INV_903,2024-05-16,44.02,books,debit card,new,west,897.22,13,69.01692307692308,127
CUST_507,INV_904,2024-06-25,18.61,electronics,debit card,new,east,879.5,12,73.29166666666667,167
CUST_368,INV_905,2024-06-09,11.24,beauty,cash on delivery,loyal,east,721.13,11,65.55727272727273,176
CUST_408,INV_906,2024-04-09,237.24,books,cash on delivery,new,west,473.27,5,94.654,161
CUST_823,INV_907,2024-05-25,605.35,books,upi,new,west,1463.07,9,162.56333333333333,98
CUST_928,INV_908,2024-01-09,17.93,beauty,credit card,loyal,north,1642.5,21,78.21428571428571,169
CUST_933,INV_909,2024-03-02,5.61,clothing,upi,loyal,south,816.76,11,74.25090909090909,151
CUST_116,INV_910,2024-01-29,40.01,beauty,cash on delivery,returning,west,1609.68,13,123.82153846153847,148
CUST_133,INV_911,2024-05-04,61.93,books,cash on delivery,new,south,854.97,11,77.72454545454546,109
CUST_57,INV_912,2024-04-23,22.92,home,debit card,new,west,1066.52,12,88.87666666666667,125
CUST_555,INV_913,2024-06-01,35.87,clothing,upi,returning,east,1410.72,14,100.76571428571428,147
CUST_684,INV_914,2024-05-22,22.42,beauty,debit card,new,east,2119.79,18,117.76611111111112,175
CUST_671,INV_915,2024-05-13,148.84,electronics,cash on delivery,loyal,west,1361.11,14,97.22214285714286,172
CUST_172,INV_916,2024-04-29,124.68,beauty,upi,new,south,765.0500000000001,11,69.55000000000001,160
CUST_828,INV_917,2024-06-18,100.77,books,upi,loyal,south,408.52,7,58.36,141
CUST_814,INV_918,2024-06-05,48.97,books,credit card,new,east,1539.8899999999999,11,139.98999999999998,166
CUST_148,INV_919,2024-03-19,239.73,electronics,cash on delivery,returning,south,1127.95,11,102.5409090909091,178
CUST_79,INV_920,2024-04-02,349.11,clothing,cash on delivery,loyal,south,377.04,2,188.52,87
CUST_885,INV_921,2024-01-04,19.07,books,credit card,loyal,north,990.19,11,90.01727272727273,143
CUST_212,INV_922,2024-03-22,25.23,clothing,cash on delivery,returning,east,783.83,9,87.09222222222223,133
CUST_202,INV_923,2024-06-25,74.58,clothing,debit card,loyal,south,498.48,8,62.31,155
CUST_763,INV_924,2024-06-20,9.57,beauty,debit card,returning,north,884.46,10,88.446,163
CUST_228,INV_925,2024-03-15,57.35,clothing,debit card,new,west,1295.1399999999999,14,92.50999999999999,145
CUST_675,INV_926,2024-01-14,87.18,books,upi,returning,north,1513.6100000000001,13,116.43153846153847,143
CUST_226,INV_927,2024-05-10,73.83,books,debit card,new,north,1139.4,13,87.64615384615385,178
CUST_658,INV_928,2024-04-23,40.18,home,cash on delivery,loyal,north,1108.12,15,73.87466666666666,158
CUST_531,INV_929,2024-03-02,78.19,clothing,credit card,loyal,north,972.35,11,88.39545454545454,123
CUST_440,INV_930,2024-04-15,318.93,home,debit card,returning,north,952.15,14,68.01071428571429,154
CUST_401,INV_931,2024-03-04,23.07,beauty,debit card,new,north,584.6600000000001,8,73.08250000000001,166
CUST_46,INV_932,2024-04-11,106.37,home,upi,returning,west,1456.6399999999999,12,121.38666666666666,150
CUST_232,INV_933,2024-06-21,4.44,clothing,cash on delivery,loyal,west,1707.56,16,106.7225,153
CUST_304,INV_934,2024-04-15,6.87,books,credit card,loyal,east,751.09,11,68.28090909090909,165
CUST_525,INV_935,2024-01-20,80.26,beauty,cash on delivery,new,east,1304.45,15,86.96333333333334,174
CUST_142,INV_936,2024-02-27,11.09,clothing,debit card,new,west,1343.5,12,111.95833333333333,138
CUST_414,INV_937,2024-04-21,2.26,beauty,cash on delivery,loyal,west,542.9,7,77.55714285714285,155
CUST_512,INV_938,2024-02-26,18.82,electronics,credit card,loyal,east,651.4,8,81.425,137
CUST_372,INV_939,2024-04-28,83.21,clothing,debit card,new,north,476.82,7,68.11714285714285,101
CUST_565,INV_940,2024-04-06,121.52,electronics,cash on delivery,returning,south,951.3399999999999,12,79.27833333333332,162
CUST_885,INV_941,2024-04-01,22.62,home,credit card,returning,north,990.19,11,90.01727272727273,143
CUST_258,INV_942,2024-02-21,110.34,clothing,debit card,new,west,754.65,7,107.80714285714285,159
CUST_655,INV_943,2024-02-06,20.15,electronics,debit card,new,east,409.7,8,51.2125,142
CUST_470,INV_944,2024-01-08,95.05,books,cash on delivery,new,east,1379.5900000000001,17,81.15235294117647,166
CUST_952,INV_945,2024-02-13,53.1,home,upi,loyal,north,1082.96,10,108.296,141
CUST_970,INV_946,2024-04-07,106.07,clothing,upi,returning,east,1611.8600000000001,13,123.98923076923077,143
CUST_11,INV_947,2024-05-12,530.89,clothing,credit card,new,west,2019.26,18,112.18111111111111,160
CUST_329,INV_948,2024-04-27,277.77,books,cash on delivery,returning,west,1777.21,10,177.721,163
CUST_735,INV_949,2024-03-09,0.43,books,credit card,loyal,south,1179.4,14,84.24285714285715,156
CUST_783,INV_950,2024-06-07,216.66,electronics,cash on delivery,loyal,west,979.42,8,122.4275,141
CUST_967,INV_951,2024-02-14,6.88,electronics,credit card,new,south,663.1800000000001,11,60.289090909090916,140
CUST_357,INV_952,2024-05-16,305.86,electronics,credit card,new,south,803.75,7,114.82142857142857,131
CUST_971,INV_953,2024-02-01,33.1,beauty,cash on delivery,new,north,658.75,8,82.34375,161
CUST_407,INV_954,2024-02-02,48.13,home,upi,new,east,917.11,9,101.9011111111111,106
CUST_667,INV_955,2024-05-05,9.61,clothing,credit card,returning,west,656.47,6,109.41166666666668,162
CUST_372,INV_956,2024-03-07,11.91,home,cash on delivery,new,east,476.82,7,68.11714285714285,101
CUST_7,INV_957,2024-01-30,129.73,books,cash on delivery,returning,south,1709.73,13,131.5176923076923,164
CUST_121,INV_958,2024-04-23,288.84,home,cash on delivery,loyal,west,1001.52,11,91.04727272727273,157
CUST_347,INV_959,2024-01-29,94.35,home,debit card,loyal,east,974.64,11,88.60363636363637,136
CUST_675,INV_960,2024-05-10,125.83,electronics,cash on delivery,returning,west,1513.6100000000001,13,116.43153846153847,143
CUST_89,INV_961,2024-01-30,143.54,books,cash on delivery,returning,north,1903.25,14,135.94642857142858,151
CUST_647,INV_962,2024-05-16,30.49,home,debit card,new,west,622.69,12,51.89083333333334,156
CUST_697,INV_963,2024-06-02,4.63,clothing,debit card,new,south,807.16,10,80.716,150
CUST_315,INV_964,2024-05-09,0.19,electronics,upi,new,west,536.5,7,76.64285714285714,135
CUST_177,INV_965,2024-03-02,43.18,home,cash on delivery,loyal,north,1067.21,8,133.40125,124
CUST_539,INV_966,2024-01-03,27.64,books,credit card,returning,north,1091.96,14,77.99714285714286,168
CUST_731,INV_967,2024-06-22,6.43,clothing,debit card,returning,east,1332.29,12,111.02416666666666,153
CUST_868,INV_968,2024-03-08,19.79,books,debit card,returning,north,823.44,10,82.34400000000001,168
CUST_40,INV_969,2024-01-25,13.3,books,upi,returning,south,1247.77,12,103.98083333333334,177
CUST_739,INV_970,2024-06-27,246.37,books,upi,new,north,1467.28,10,146.728,164
CUST_703,INV_971,2024-05-20,15.11,beauty,upi,new,east,1227.12,15,81.80799999999999,135
CUST_922,INV_972,2024-02-13,77.14,clothing,cash on delivery,returning,north,1106.43,13,85.11,142
CUST_501,INV_973,2024-06-11,89.92,books,cash on delivery,new,north,1046.85,9,116.31666666666666,112
CUST_958,INV_974,2024-02-24,78.41,beauty,cash on delivery,loyal,west,897.02,9,99.66888888888889,134
CUST_144,INV_975,2024-05-16,10.43,electronics,debit card,new,east,870.74,9,96.74888888888889,156
CUST_200,INV_976,2024-05-09,38.39,beauty,upi,loyal,west,1145.51,15,76.36733333333333,178
CUST_928,INV_977,2024-02-10,5.26,electronics,debit card,loyal,east,1642.5,21,78.21428571428571,169
CUST_723,INV_978,2024-06-20,50.36,beauty,credit card,returning,east,342.29,7,48.89857142857143,67
CUST_460,INV_979,2024-03-04,20.9,books,cash on delivery,returning,east,1047.09,7,149.5842857142857,119
CUST_731,INV_980,2024-01-31,82.47,beauty,debit card,new,east,1332.29,12,111.02416666666666,153
CUST_751,INV_981,2024-02-16,118.03,beauty,credit card,returning,east,1251.49,10,125.149,114
CUST_924,INV_982,2024-05-09,75.95,books,debit card,loyal,east,1477.36,17,86.9035294117647,156
CUST_908,INV_983,2024-04-05,56.96,electronics,credit card,loyal,north,947.69,13,72.89923076923077,157
CUST_557,INV_984,2024-03-17,48.99,books,debit card,new,north,1240.24,14,88.58857142857143,126
CUST_546,INV_985,2024-04-19,184.32,clothing,debit card,loyal,north,1600.3700000000001,13,123.10538461538462,158
CUST_252,INV_986,2024-03-09,24.77,beauty,cash on delivery,returning,south,1610.4199999999998,14,115.02999999999999,170
CUST_389,INV_987,2024-02-27,132.51,clothing,debit card,new,east,1622.9,15,108.19333333333334,171
CUST_593,INV_988,2024-04-15,141.67,books,debit card,new,north,816.65,10,81.66499999999999,122
CUST_882,INV_989,2024-02-13,54.33,books,upi,new,east,1199.94,15,79.99600000000001,156
CUST_255,INV_990,2024-03-14,35.28,home,debit card,returning,west,1107.01,10,110.701,101
CUST_708,INV_991,2024-02-25,63.59,clothing,cash on delivery,loyal,south,1246.67,11,113.33363636363637,127
CUST_814,INV_992,2024-06-19,9.78,home,debit card,returning,east,1539.8899999999999,11,139.98999999999998,166
CUST_920,INV_993,2024-05-06,4.7,clothing,cash on delivery,new,north,1876.07,18,104.22611111111111,169
CUST_449,INV_994,2024-06-10,11.83,home,upi,loyal,south,1535.53,15,102.36866666666667,160
CUST_9,INV_995,2024-01-30,20.72,home,cash on delivery,new,west,883.4699999999999,13,67.95923076923076,156
CUST_823,INV_996,2024-03-11,70.15,clothing,upi,returning,east,1463.07,9,162.56333333333333,98
CUST_797,INV_997,2024-04-27,189.14,books,upi,new,south,1604.42,11,145.85636363636365,161
CUST_241,INV_998,2024-02-24,26.87,electronics,upi,returning,east,1114.7,12,92.89166666666667,155
CUST_250,INV_999,2024-03-07,273.59,books,upi,new,south,1687.99,12,140.66583333333332,171
CUST_876,INV_1000,2024-05-20,309.9,electronics,upi,new,north,1446.61,14,103.3292857142857,158
CUST_4,INV_1001,2024-01-03,319.19,clothing,cash on delivery,new,east,1444.3899999999999,9,160.48777777777775,176
CUST_118,INV_1002,2024-01-26,181.75,beauty,upi,returning,east,919.75,9,102.19444444444444,146
CUST_800,INV_1003,2024-02-26,45.23,books,upi,returning,east,509.39,7,72.77,148
CUST_373,INV_1004,2024-05-05,7.55,home,upi,returning,north,597.16,8,74.645,112
CUST_64,INV_1005,2024-05-31,84.12,books,upi,returning,south,1123.87,14,80.27642857142857,167
CUST_145,INV_1006,2024-02-22,81.8,clothing,upi,returning,north,854.13,11,77.64818181818181,159
CUST_223,INV_1007,2024-02-12,189.7,beauty,credit card,loyal,west,786.03,9,87.33666666666666,126
CUST_238,INV_1008,2024-02-18,551.92,beauty,debit card,new,west,1383.87,12,115.32249999999999,130
CUST_176,INV_1009,2024-02-11,70.96,books,debit card,returning,west,1919.6100000000001,12,159.9675,145
CUST_778,INV_1010,2024-01-11,42.34,books,upi,loyal,south,1093.84,13,84.14153846153846,154
CUST_852,INV_1011,2024-04-12,20.57,books,upi,loyal,east,1323.13,13,101.77923076923078,126
CUST_281,INV_1012,2024-04-07,0.48,clothing,credit card,new,south,426.09000000000003,8,53.261250000000004,166
CUST_62,INV_1013,2024-05-25,71.15,electronics,upi,new,west,1103.34,10,110.33399999999999,145
CUST_216,INV_1014,2024-03-25,81.08,electronics,credit card,new,south,1413.6200000000001,12,117.80166666666668,124
CUST_853,INV_1015,2024-04-09,174.26,home,debit card,returning,east,665.79,9,73.97666666666666,154
CUST_826,INV_1016,2024-04-13,70.23,clothing,cash on delivery,new,east,1230.2,9,136.6888888888889,163
CUST_794,INV_1017,2024-06-28,248.25,beauty,debit card,new,south,537.71,9,59.74555555555556,177
CUST_688,INV_1018,2024-02-15,98.91,home,cash on delivery,new,west,1145.06,9,127.22888888888889,143
CUST_460,INV_1019,2024-02-13,183.47,beauty,cash on delivery,loyal,east,1047.09,7,149.5842857142857,119
CUST_928,INV_1020,2024-01-22,16.05,beauty,cash on delivery,returning,west,1642.5,21,78.21428571428571,169
CUST_609,INV_1021,2024-04-23,193.33,books,upi,new,east,2235.26,16,139.70375,177
CUST_104,INV_1022,2024-05-04,112.44,beauty,credit card,loyal,west,748.1,7,106.87142857142858,155
CUST_98,INV_1023,2024-05-03,18.66,beauty,cash on delivery,returning,south,1488.62,15,99.24133333333333,147
CUST_510,INV_1024,2024-01-30,21.04,clothing,credit card,new,north,657.49,14,46.96357142857143,136
CUST_384,INV_1025,2024-01-08,261.05,books,debit card,loyal,north,1124.32,8,140.54,160
CUST_404,INV_1026,2024-04-07,3.27,books,cash on delivery,returning,west,401.87,13,30.913076923076922,161
CUST_822,INV_1027,2024-02-26,62.09,home,debit card,new,east,404.05,7,57.721428571428575,97
CUST_517,INV_1028,2024-04-20,37.61,books,credit card,new,south,1311.9299999999998,10,131.19299999999998,153
CUST_475,INV_1029,2024-03-13,109.39,electronics,credit card,loyal,east,2205.11,13,169.62384615384616,162
CUST_976,INV_1030,2024-04-24,183.03,clothing,debit card,new,north,937.01,8,117.12625,114
CUST_708,INV_1031,2024-01-20,44.69,home,credit card,loyal,north,1246.67,11,113.33363636363637,127
CUST_862,INV_1032,2024-01-25,55.67,electronics,debit card,loyal,south,496.33,7,70.9042857142857,170
CUST_644,INV_1033,2024-01-19,401.28,beauty,credit card,loyal,west,1325.3999999999999,11,120.49090909090908,146
CUST_869,INV_1034,2024-01-05,153.21,electronics,upi,returning,south,362.53,6,60.42166666666666,149
CUST_770,INV_1035,2024-03-15,227.5,home,debit card,loyal,north,1317.23,8,164.65375,82
CUST_436,INV_1036,2024-05-07,57.76,books,cash on delivery,returning,south,1149.4,8,143.675,152
CUST_22,INV_1037,2024-03-12,26.67,clothing,cash on delivery,new,north,707.1,8,88.3875,172
CUST_996,INV_1038,2024-06-03,53.08,home,cash on delivery,returning,east,892.71,10,89.271,139
CUST_564,INV_1039,2024-02-09,125.91,electronics,credit card,loyal,north,1502.43,8,187.80375,93
CUST_676,INV_1040,2024-01-26,11.59,electronics,debit card,new,north,487.63,7,69.66142857142857,144
CUST_713,INV_1041,2024-01-27,31.54,home,credit card,loyal,south,902.01,11,82.00090909090909,163
CUST_457,INV_1042,2024-03-23,4.78,home,cash on delivery,loyal,south,453.36,6,75.56,111
CUST_82,INV_1043,2024-05-07,56.62,home,upi,new,south,1157.47,10,115.747,151
CUST_144,INV_1044,2024-06-26,175.7,books,cash on delivery,loyal,east,870.74,9,96.74888888888889,156
CUST_84,INV_1045,2024-06-18,2.5,home,cash on delivery,returning,south,715.28,8,89.41,97
CUST_77,INV_1046,2024-06-05,112.49,beauty,cash on delivery,new,east,547.69,10,54.769000000000005,140
CUST_456,INV_1047,2024-06-15,269.56,clothing,upi,new,west,923.6800000000001,10,92.36800000000001,164
CUST_877,INV_1048,2024-06-17,27.04,clothing,upi,new,south,579.99,9,64.44333333333333,92
CUST_0,INV_1049,2024-02-02,118.3,beauty,debit card,loyal,south,944.31,16,59.019375,127
CUST_50,INV_1050,2024-04-06,369.3,electronics,upi,loyal,west,1402.2,8,175.275,128
CUST_684,INV_1051,2024-04-20,327.75,electronics,debit card,new,west,2119.79,18,117.76611111111112,175
CUST_716,INV_1052,2024-01-16,26.78,electronics,upi,returning,west,697.82,4,174.455,153
CUST_771,INV_1053,2024-01-23,10.57,electronics,debit card,loyal,north,968.77,12,80.73083333333334,170
CUST_445,INV_1054,2024-05-14,16.05,books,cash on delivery,loyal,north,794.53,11,72.23,146
CUST_448,INV_1055,2024-01-26,121.08,beauty,upi,loyal,north,973.53,9,108.17,131
CUST_880,INV_1056,2024-04-05,129.37,clothing,credit card,returning,west,1739.45,16,108.715625,135
CUST_487,INV_1057,2024-01-12,112.16,beauty,credit card,loyal,east,1176.0,10,117.6,140
CUST_799,INV_1058,2024-03-12,40.96,clothing,debit card,loyal,south,1536.08,16,96.005,175
CUST_33,INV_1059,2024-05-12,18.61,electronics,upi,returning,north,463.83,4,115.9575,110
CUST_347,INV_1060,2024-04-15,86.93,books,upi,returning,west,974.64,11,88.60363636363637,136
CUST_94,INV_1061,2024-04-26,66.1,home,credit card,loyal,south,968.11,8,121.01375,152
CUST_71,INV_1062,2024-06-25,130.5,home,upi,new,north,926.36,10,92.636,143
CUST_550,INV_1063,2024-01-26,58.23,electronics,upi,new,west,1213.02,12,101.085,156
CUST_153,INV_1064,2024-05-12,41.35,electronics,debit card,returning,south,2354.16,19,123.90315789473684,138
CUST_249,INV_1065,2024-01-22,34.74,beauty,cash on delivery,loyal,north,321.73,8,40.21625,109
CUST_673,INV_1066,2024-01-13,23.76,books,credit card,returning,north,1697.43,10,169.743,139
CUST_437,INV_1067,2024-06-04,30.89,books,cash on delivery,returning,north,766.99,12,63.91583333333333,121
CUST_117,INV_1068,2024-06-09,9.96,beauty,upi,new,north,2229.23,16,139.326875,150
CUST_770,INV_1069,2024-04-16,42.6,books,upi,returning,north,1317.23,8,164.65375,82
CUST_890,INV_1070,2024-01-23,3.73,books,debit card,returning,west,2004.37,19,105.49315789473684,170
CUST_305,INV_1071,2024-04-06,20.63,home,cash on delivery,loyal,south,1482.96,10,148.296,141
CUST_267,INV_1072,2024-01-18,137.35,books,cash on delivery,loyal,north,1714.25,16,107.140625,141
CUST_960,INV_1073,2024-04-26,39.37,electronics,debit card,returning,south,334.91999999999996,5,66.984,129
CUST_53,INV_1074,2024-01-30,110.33,home,cash on delivery,returning,north,1002.76,12,83.56333333333333,144
CUST_235,INV_1075,2024-01-26,126.19,electronics,debit card,loyal,west,703.51,9,78.16777777777777,120
CUST_388,INV_1076,2024-05-23,87.03,electronics,debit card,new,west,613.56,4,153.39,110
CUST_989,INV_1077,2024-02-08,318.68,beauty,upi,loyal,south,1160.0,12,96.66666666666667,120
CUST_733,INV_1078,2024-06-09,2.17,books,upi,loyal,north,988.9300000000001,12,82.41083333333334,94
CUST_762,INV_1079,2024-06-02,134.19,books,upi,loyal,west,767.49,12,63.9575,149
CUST_824,INV_1080,2024-06-24,318.9,books,debit card,loyal,north,2560.0699999999997,19,134.74052631578945,159
CUST_400,INV_1081,2024-06-14,198.25,books,upi,loyal,north,2887.32,18,160.40666666666667,165
CUST_623,INV_1082,2024-05-09,18.38,home,credit card,new,east,1397.65,9,155.29444444444445,144
CUST_766,INV_1083,2024-04-22,39.57,clothing,credit card,loyal,west,656.89,8,82.11125,160
CUST_302,INV_1084,2024-05-13,18.93,electronics,upi,loyal,south,1727.23,14,123.37357142857142,155
CUST_918,INV_1085,2024-02-15,91.96,clothing,debit card,new,south,1603.97,14,114.56928571428571,169
CUST_206,INV_1086,2024-02-19,124.54,clothing,credit card,returning,north,741.92,13,57.07076923076923,157
CUST_228,INV_1087,2024-06-14,38.14,clothing,upi,new,north,1295.1399999999999,14,92.50999999999999,145
CUST_852,INV_1088,2024-04-15,77.55,home,credit card,loyal,north,1323.13,13,101.77923076923078,126
CUST_909,INV_1089,2024-05-25,117.42,clothing,credit card,returning,east,1021.12,7,145.87428571428572,160
CUST_577,INV_1090,2024-06-03,54.7,home,credit card,new,north,526.32,8,65.79,137
CUST_74,INV_1091,2024-06-17,192.43,beauty,cash on delivery,returning,north,1455.28,16,90.955,150
CUST_434,INV_1092,2024-03-12,147.64,beauty,credit card,new,south,1873.11,16,117.069375,161
CUST_102,INV_1093,2024-03-14,6.69,beauty,upi,new,east,1174.56,8,146.82,153
CUST_421,INV_1094,2024-01-17,97.05,home,credit card,returning,south,1688.19,15,112.546,170
CUST_703,INV_1095,2024-06-05,26.83,home,upi,returning,east,1227.12,15,81.80799999999999,135
CUST_763,INV_1096,2024-03-10,81.54,electronics,credit card,returning,east,884.46,10,88.446,163
CUST_737,INV_1097,2024-05-29,314.4,clothing,credit card,returning,west,1151.37,11,104.66999999999999,159
CUST_805,INV_1098,2024-01-06,211.25,books,cash on delivery,loyal,west,875.45,12,72.95416666666667,171
CUST_305,INV_1099,2024-01-26,51.84,books,credit card,new,west,1482.96,10,148.296,141
CUST_97,INV_1100,2024-06-15,34.46,clothing,upi,loyal,south,1315.1100000000001,9,146.12333333333333,161
CUST_849,INV_1101,2024-05-19,26.71,books,cash on delivery,new,west,1751.8999999999999,14,125.13571428571427,174
CUST_797,INV_1102,2024-04-08,76.04,books,cash on delivery,loyal,west,1604.42,11,145.85636363636365,161
CUST_334,INV_1103,2024-05-21,12.13,books,credit card,loyal,south,1143.87,11,103.98818181818181,133
CUST_858,INV_1104,2024-01-22,79.69,home,credit card,new,east,955.58,10,95.558,115
CUST_434,INV_1105,2024-02-20,0.13,home,debit card,loyal,east,1873.11,16,117.069375,161
CUST_446,INV_1106,2024-05-30,39.13,home,credit card,returning,north,977.14,10,97.714,168
CUST_993,INV_1107,2024-06-24,24.84,clothing,debit card,returning,north,490.41,10,49.041000000000004,167
CUST_307,INV_1108,2024-04-13,354.8,beauty,upi,loyal,west,1040.1299999999999,9,115.57,106
CUST_248,INV_1109,2024-06-26,129.92,books,credit card,loyal,south,372.59999999999997,5,74.52,174
CUST_165,INV_1110,2024-03-29,43.02,electronics,credit card,new,east,1617.77,12,134.81416666666667,131
CUST_480,INV_1111,2024-05-20,9.74,home,debit card,new,south,1189.1399999999999,12,99.09499999999998,172
CUST_983,INV_1112,2024-05-17,72.73,electronics,debit card,loyal,north,1420.05,15,94.67,178
CUST_334,INV_1113,2024-01-09,24.01,books,cash on delivery,new,west,1143.87,11,103.98818181818181,133
CUST_541,INV_1114,2024-03-19,76.88,beauty,cash on delivery,returning,north,922.86,13,70.98923076923077,142
CUST_758,INV_1115,2024-02-21,180.4,electronics,credit card,returning,north,1520.67,12,126.72250000000001,150
CUST_105,INV_1116,2024-05-09,95.66,books,upi,returning,east,1413.3799999999999,12,117.78166666666665,153
CUST_562,INV_1117,2024-06-01,100.45,books,cash on delivery,new,south,1821.19,13,140.09153846153848,176
CUST_80,INV_1118,2024-01-13,77.88,home,cash on delivery,new,east,786.99,8,98.37375,175
CUST_132,INV_1119,2024-02-20,262.09,beauty,cash on delivery,new,east,564.31,6,94.05166666666666,176
CUST_796,INV_1120,2024-02-03,268.68,books,debit card,new,north,1466.08,11,133.28,175
CUST_899,INV_1121,2024-02-04,71.89,beauty,credit card,loyal,west,1282.45,12,106.87083333333334,155
CUST_137,INV_1122,2024-05-10,36.49,home,debit card,loyal,north,761.34,7,108.76285714285714,127
CUST_183,INV_1123,2024-04-29,61.54,electronics,upi,loyal,south,781.65,10,78.16499999999999,119
CUST_400,INV_1124,2024-03-10,20.65,clothing,debit card,loyal,west,2887.32,18,160.40666666666667,165
CUST_329,INV_1125,2024-06-24,101.15,clothing,credit card,returning,east,1777.21,10,177.721,163
CUST_784,INV_1126,2024-05-26,69.33,clothing,debit card,new,south,1441.15,13,110.85769230769232,156
CUST_507,INV_1127,2024-03-07,10.9,beauty,upi,returning,south,879.5,12,73.29166666666667,167
CUST_851,INV_1128,2024-04-12,22.02,clothing,credit card,new,south,1729.42,13,133.0323076923077,160
CUST_983,INV_1129,2024-03-13,65.32,electronics,credit card,loyal,south,1420.05,15,94.67,178
CUST_68,INV_1130,2024-04-25,218.56,books,credit card,returning,north,1342.35,15,89.49,125
CUST_545,INV_1131,2024-05-12,83.56,beauty,credit card,new,south,707.49,11,64.31727272727272,143
CUST_773,INV_1132,2024-03-07,114.42,electronics,upi,loyal,north,730.25,10,73.025,139
CUST_52,INV_1133,2024-05-18,41.4,beauty,credit card,new,west,946.78,11,86.07090909090908,140
CUST_449,INV_1134,2024-04-30,84.73,beauty,upi,new,south,1535.53,15,102.36866666666667,160
CUST_204,INV_1135,2024-04-03,59.31,beauty,upi,loyal,north,604.12,8,75.515,120
CUST_125,INV_1136,2024-05-08,107.63,home,debit card,returning,south,1259.0,12,104.91666666666667,149
CUST_746,INV_1137,2024-03-31,5.19,books,debit card,new,west,344.91,5,68.982,100
CUST_42,INV_1138,2024-04-01,67.98,clothing,credit card,loyal,east,1234.35,12,102.8625,151
CUST_751,INV_1139,2024-03-03,35.1,home,cash on delivery,new,west,1251.49,10,125.149,114
CUST_970,INV_1140,2024-01-29,39.48,books,cash on delivery,new,east,1611.8600000000001,13,123.98923076923077,143
CUST_882,INV_1141,2024-01-12,324.21,clothing,credit card,new,north,1199.94,15,79.99600000000001,156
CUST_110,INV_1142,2024-03-17,20.17,home,upi,returning,west,3131.33,17,184.19588235294117,168
CUST_760,INV_1143,2024-02-10,37.29,home,debit card,returning,north,1743.15,12,145.26250000000002,141
CUST_662,INV_1144,2024-05-09,71.31,electronics,credit card,returning,west,1397.85,14,99.84642857142856,118
CUST_182,INV_1145,2024-02-06,198.8,home,credit card,returning,south,1836.42,14,131.17285714285714,157
CUST_847,INV_1146,2024-06-21,53.9,beauty,upi,loyal,east,1753.78,11,159.43454545454546,147
CUST_94,INV_1147,2024-06-24,136.21,home,debit card,returning,south,968.11,8,121.01375,152
CUST_970,INV_1148,2024-01-24,194.05,beauty,cash on delivery,new,north,1611.8600000000001,13,123.98923076923077,143
CUST_373,INV_1149,2024-04-08,37.11,books,cash on delivery,loyal,south,597.16,8,74.645,112
CUST_911,INV_1150,2024-05-29,49.88,books,credit card,new,east,835.55,14,59.68214285714286,154
CUST_519,INV_1151,2024-04-09,44.09,beauty,credit card,returning,east,1053.73,14,75.26642857142858,151
CUST_899,INV_1152,2024-05-18,178.89,electronics,credit card,new,east,1282.45,12,106.87083333333334,155
CUST_359,INV_1153,2024-02-27,4.54,electronics,credit card,new,east,1682.9699999999998,10,168.29699999999997,90
CUST_899,INV_1154,2024-06-22,36.88,books,credit card,new,east,1282.45,12,106.87083333333334,155
CUST_695,INV_1155,2024-01-29,113.76,home,cash on delivery,new,north,1503.8600000000001,10,150.38600000000002,158
CUST_280,INV_1156,2024-06-11,83.34,books,credit card,returning,south,725.73,7,103.67571428571429,162
CUST_194,INV_1157,2024-05-22,57.32,books,debit card,new,west,1282.82,14,91.63,161
CUST_863,INV_1158,2024-02-29,77.64,beauty,upi,new,south,1743.0,12,145.25,141
CUST_194,INV_1159,2024-04-04,22.01,electronics,cash on delivery,new,south,1282.82,14,91.63,161
CUST_666,INV_1160,2024-02-11,56.34,beauty,upi,new,north,432.81,7,61.83,128
CUST_92,INV_1161,2024-02-12,69.66,books,upi,returning,north,1036.66,13,79.74307692307693,129
CUST_671,INV_1162,2024-03-14,231.45,clothing,credit card,new,north,1361.11,14,97.22214285714286,172
CUST_945,INV_1163,2024-06-25,30.22,home,upi,loyal,north,1503.4,13,115.64615384615385,168
CUST_60,INV_1164,2024-06-08,202.37,books,debit card,loyal,south,821.67,7,117.38142857142857,159
CUST_633,INV_1165,2024-03-04,103.35,beauty,credit card,new,east,1314.47,13,101.11307692307693,161
CUST_50,INV_1166,2024-01-02,2.06,clothing,cash on delivery,new,east,1402.2,8,175.275,128
CUST_402,INV_1167,2024-05-31,128.96,clothing,debit card,returning,north,1076.0,7,153.71428571428572,163
CUST_788,INV_1168,2024-03-06,3.62,books,cash on delivery,loyal,west,761.97,8,95.24625,155
CUST_4,INV_1169,2024-06-14,594.5,electronics,credit card,returning,south,1444.3899999999999,9,160.48777777777775,176
CUST_465,INV_1170,2024-01-31,206.07,clothing,credit card,new,south,396.40999999999997,7,56.629999999999995,137
CUST_603,INV_1171,2024-04-24,35.29,home,cash on delivery,loyal,west,534.06,10,53.40599999999999,117
CUST_681,INV_1172,2024-01-26,29.76,beauty,upi,loyal,north,1672.08,10,167.208,141
CUST_828,INV_1173,2024-01-29,48.04,beauty,cash on delivery,returning,south,408.52,7,58.36,141
CUST_533,INV_1174,2024-03-18,44.03,beauty,debit card,new,west,740.64,8,92.58,107
CUST_404,INV_1175,2024-01-25,46.58,books,upi,loyal,east,401.87,13,30.913076923076922,161
CUST_837,INV_1176,2024-02-17,38.31,beauty,credit card,returning,west,747.28,9,83.0311111111111,122
CUST_512,INV_1177,2024-03-05,97.06,beauty,debit card,loyal,west,651.4,8,81.425,137
CUST_644,INV_1178,2024-03-07,17.94,home,debit card,new,north,1325.3999999999999,11,120.49090909090908,146
CUST_232,INV_1179,2024-03-30,187.07,electronics,credit card,new,south,1707.56,16,106.7225,153
CUST_523,INV_1180,2024-05-25,167.35,books,upi,new,west,1222.61,11,111.14636363636363,172
CUST_345,INV_1181,2024-05-16,64.72,books,credit card,returning,south,922.68,7,131.81142857142856,154
CUST_45,INV_1182,2024-02-07,191.55,beauty,debit card,new,south,607.77,7,86.82428571428571,148
CUST_545,INV_1183,2024-03-27,28.39,home,debit card,returning,north,707.49,11,64.31727272727272,143
CUST_944,INV_1184,2024-05-28,1.77,clothing,debit card,loyal,east,1317.27,12,109.7725,148
CUST_77,INV_1185,2024-03-05,96.55,beauty,credit card,new,south,547.69,10,54.769000000000005,140
CUST_729,INV_1186,2024-05-28,61.23,beauty,cash on delivery,returning,north,707.35,9,78.59444444444445,140
CUST_812,INV_1187,2024-01-27,83.74,books,debit card,returning,north,1181.57,10,118.157,147
CUST_922,INV_1188,2024-04-15,229.6,books,debit card,returning,west,1106.43,13,85.11,142
CUST_72,INV_1189,2024-05-02,350.41,beauty,upi,new,south,2477.25,19,130.3815789473684,176
CUST_793,INV_1190,2024-02-13,100.64,books,cash on delivery,returning,north,1227.72,15,81.848,141
CUST_248,INV_1191,2024-04-09,144.42,home,upi,new,east,372.59999999999997,5,74.52,174
CUST_46,INV_1192,2024-01-28,8.75,clothing,debit card,new,west,1456.6399999999999,12,121.38666666666666,150
CUST_120,INV_1193,2024-06-21,17.52,clothing,cash on delivery,loyal,east,731.67,6,121.945,142
CUST_213,INV_1194,2024-01-17,132.13,clothing,upi,loyal,north,783.45,10,78.345,103
CUST_238,INV_1195,2024-05-06,56.45,beauty,credit card,new,west,1383.87,12,115.32249999999999,130
CUST_55,INV_1196,2024-05-02,59.05,beauty,upi,loyal,south,907.49,9,100.83222222222223,160
CUST_349,INV_1197,2024-06-16,36.9,beauty,cash on delivery,returning,west,406.13,10,40.613,159
CUST_106,INV_1198,2024-05-10,93.49,home,upi,new,west,1046.54,8,130.8175,138
CUST_830,INV_1199,2024-03-16,20.48,clothing,cash on delivery,loyal,east,1706.6100000000001,14,121.9007142857143,146
CUST_47,INV_1200,2024-02-15,98.6,books,cash on delivery,returning,south,1064.54,8,133.0675,157
CUST_572,INV_1201,2024-06-06,19.09,books,upi,new,north,1551.8799999999999,14,110.84857142857142,135
CUST_336,INV_1202,2024-03-09,6.6,electronics,upi,returning,east,1099.62,10,109.96199999999999,128
CUST_25,INV_1203,2024-05-16,40.1,electronics,credit card,new,south,772.76,8,96.595,148
CUST_803,INV_1204,2024-03-25,26.28,books,upi,loyal,north,917.4300000000001,14,65.5307142857143,157
CUST_256,INV_1205,2024-01-11,219.81,clothing,cash on delivery,returning,west,801.95,5,160.39000000000001,87
CUST_7,INV_1206,2024-03-09,5.65,beauty,debit card,loyal,south,1709.73,13,131.5176923076923,164
CUST_624,INV_1207,2024-04-08,19.43,books,upi,returning,east,621.58,10,62.158,142
CUST_866,INV_1208,2024-03-31,79.57,books,upi,returning,north,927.96,11,84.36,149
CUST_252,INV_1209,2024-06-07,65.6,electronics,cash on delivery,returning,north,1610.4199999999998,14,115.02999999999999,170
CUST_691,INV_1210,2024-06-09,4.69,clothing,debit card,returning,south,422.05,9,46.894444444444446,147
CUST_718,INV_1211,2024-06-15,0.73,books,credit card,loyal,south,181.48,4,45.37,153
CUST_302,INV_1212,2024-04-03,442.85,beauty,debit card,returning,west,1727.23,14,123.37357142857142,155
CUST_638,INV_1213,2024-06-22,107.54,beauty,cash on delivery,loyal,north,1112.73,10,111.273,162
CUST_55,INV_1214,2024-06-13,45.48,home,cash on delivery,returning,west,907.49,9,100.83222222222223,160
CUST_725,INV_1215,2024-04-24,63.57,beauty,cash on delivery,new,west,1953.04,22,88.77454545454545,130
CUST_525,INV_1216,2024-01-31,31.0,books,cash on delivery,new,east,1304.45,15,86.96333333333334,174
CUST_473,INV_1217,2024-01-11,42.29,books,debit card,returning,east,1449.27,12,120.7725,163
CUST_27,INV_1218,2024-03-27,104.71,beauty,debit card,new,south,947.5699999999999,9,105.28555555555555,161
CUST_982,INV_1219,2024-04-30,214.4,electronics,debit card,returning,south,1381.64,11,125.60363636363637,138
CUST_77,INV_1220,2024-05-09,20.35,clothing,upi,loyal,south,547.69,10,54.769000000000005,140
CUST_215,INV_1221,2024-04-14,183.48,books,cash on delivery,new,east,1566.6299999999999,12,130.55249999999998,135
CUST_385,INV_1222,2024-01-27,12.96,beauty,upi,returning,west,1210.29,13,93.09923076923077,157
CUST_364,INV_1223,2024-01-02,24.21,beauty,upi,returning,west,1129.3899999999999,9,125.48777777777777,175
CUST_665,INV_1224,2024-04-12,3.79,books,upi,loyal,east,1727.89,15,115.19266666666667,146
CUST_525,INV_1225,2024-04-10,15.18,home,credit card,loyal,south,1304.45,15,86.96333333333334,174
CUST_698,INV_1226,2024-01-21,249.26,clothing,upi,returning,south,1683.8300000000002,15,112.25533333333334,111
CUST_311,INV_1227,2024-02-27,61.51,books,cash on delivery,returning,west,408.44,6,68.07333333333334,73
CUST_882,INV_1228,2024-05-12,8.08,beauty,upi,returning,north,1199.94,15,79.99600000000001,156
CUST_6,INV_1229,2024-06-28,321.21,home,cash on delivery,returning,north,1140.84,11,103.71272727272726,176
CUST_2,INV_1230,2024-06-21,211.19,books,credit card,returning,north,1273.6599999999999,9,141.51777777777775,150
CUST_622,INV_1231,2024-03-25,140.52,clothing,debit card,returning,north,904.56,11,82.23272727272727,146
CUST_918,INV_1232,2024-04-02,271.01,home,cash on delivery,loyal,south,1603.97,14,114.56928571428571,169
CUST_749,INV_1233,2024-01-20,24.86,beauty,upi,new,east,1129.43,8,141.17875,158
CUST_362,INV_1234,2024-03-01,181.01,electronics,cash on delivery,returning,east,1155.73,12,96.31083333333333,167
CUST_750,INV_1235,2024-02-07,117.12,clothing,upi,returning,north,1289.12,13,99.16307692307691,171
CUST_507,INV_1236,2024-05-27,203.84,home,debit card,loyal,east,879.5,12,73.29166666666667,167
CUST_273,INV_1237,2024-01-25,159.41,books,cash on delivery,new,west,952.6199999999999,10,95.26199999999999,152
CUST_505,INV_1238,2024-05-09,42.54,books,upi,loyal,north,1616.42,10,161.642,94
CUST_805,INV_1239,2024-04-30,148.9,home,cash on delivery,loyal,south,875.45,12,72.95416666666667,171
CUST_738,INV_1240,2024-06-08,30.44,books,debit card,returning,north,1133.27,11,103.02454545454545,169
CUST_882,INV_1241,2024-01-26,39.84,home,debit card,returning,west,1199.94,15,79.99600000000001,156
CUST_14,INV_1242,2024-06-17,11.42,clothing,debit card,loyal,east,508.96,9,56.55111111111111,162
CUST_191,INV_1243,2024-03-07,273.45,books,cash on delivery,returning,east,1744.07,14,124.57642857142856,154
CUST_984,INV_1244,2024-01-01,34.39,clothing,cash on delivery,returning,east,1069.58,12,89.13166666666666,172
CUST_630,INV_1245,2024-02-20,73.53,beauty,upi,returning,south,1144.15,11,104.01363636363637,164
CUST_484,INV_1246,2024-01-05,49.65,beauty,debit card,new,north,1281.8899999999999,16,80.11812499999999,162
CUST_27,INV_1247,2024-01-13,321.71,beauty,upi,new,south,947.5699999999999,9,105.28555555555555,161
CUST_713,INV_1248,2024-05-26,40.8,beauty,cash on delivery,returning,west,902.01,11,82.00090909090909,163
CUST_38,INV_1249,2024-05-19,150.75,books,credit card,loyal,south,1482.14,19,78.00736842105263,161
CUST_952,INV_1250,2024-02-17,193.39,home,debit card,new,north,1082.96,10,108.296,141
CUST_272,INV_1251,2024-06-01,57.2,books,upi,loyal,east,1756.03,19,92.42263157894736,152
CUST_230,INV_1252,2024-02-26,47.51,books,debit card,returning,east,415.83,9,46.20333333333333,125
CUST_85,INV_1253,2024-04-24,137.73,clothing,upi,loyal,east,780.99,11,70.99909090909091,156
CUST_473,INV_1254,2024-02-04,244.07,home,upi,loyal,east,1449.27,12,120.7725,163
CUST_125,INV_1255,2024-03-16,140.62,electronics,credit card,new,south,1259.0,12,104.91666666666667,149
CUST_811,INV_1256,2024-04-03,25.76,electronics,cash on delivery,loyal,north,484.46,4,121.115,40
CUST_536,INV_1257,2024-01-05,219.2,home,debit card,loyal,north,2514.01,16,157.125625,170
CUST_144,INV_1258,2024-01-22,49.03,electronics,cash on delivery,new,north,870.74,9,96.74888888888889,156
CUST_524,INV_1259,2024-04-12,85.86,home,upi,returning,south,1104.35,12,92.02916666666665,130
CUST_211,INV_1260,2024-06-23,178.04,clothing,cash on delivery,loyal,east,1284.27,8,160.53375,155
CUST_24,INV_1261,2024-05-10,20.87,clothing,credit card,returning,east,1497.66,16,93.60375,163
CUST_579,INV_1262,2024-05-03,153.48,books,cash on delivery,returning,north,1594.01,11,144.91,165
CUST_393,INV_1263,2024-02-22,90.67,electronics,upi,returning,east,540.06,4,135.015,92
CUST_66,INV_1264,2024-06-07,223.81,home,upi,new,south,370.99,5,74.19800000000001,123
CUST_232,INV_1265,2024-03-09,18.87,clothing,credit card,returning,west,1707.56,16,106.7225,153
CUST_108,INV_1266,2024-04-13,54.59,books,debit card,loyal,east,1502.8700000000001,15,100.19133333333335,150
CUST_145,INV_1267,2024-06-09,178.88,electronics,credit card,returning,west,854.13,11,77.64818181818181,159
CUST_110,INV_1268,2024-06-26,1.94,electronics,debit card,returning,west,3131.33,17,184.19588235294117,168
CUST_227,INV_1269,2024-01-16,11.9,electronics,upi,returning,west,477.6,9,53.06666666666667,175
CUST_110,INV_1270,2024-04-25,466.34,clothing,cash on delivery,loyal,east,3131.33,17,184.19588235294117,168
CUST_469,INV_1271,2024-03-16,32.91,clothing,upi,returning,west,538.1700000000001,5,107.63400000000001,135
CUST_33,INV_1272,2024-04-18,371.08,electronics,credit card,returning,east,463.83,4,115.9575,110
CUST_622,INV_1273,2024-02-08,20.15,clothing,credit card,returning,north,904.56,11,82.23272727272727,146
CUST_775,INV_1274,2024-03-29,44.8,electronics,cash on delivery,new,south,1331.75,19,70.09210526315789,129
CUST_935,INV_1275,2024-06-22,139.78,beauty,credit card,loyal,west,2032.24,18,112.90222222222222,169
CUST_368,INV_1276,2024-04-21,107.23,clothing,upi,new,west,721.13,11,65.55727272727273,176
CUST_747,INV_1277,2024-02-16,87.02,home,cash on delivery,loyal,north,1537.69,11,139.79,145
CUST_594,INV_1278,2024-06-20,75.48,clothing,debit card,returning,south,511.0,5,102.2,128
CUST_553,INV_1279,2024-05-16,185.43,electronics,credit card,loyal,north,1940.8,15,129.38666666666666,147
CUST_424,INV_1280,2024-05-07,26.78,home,debit card,loyal,south,1788.03,11,162.5481818181818,96
CUST_612,INV_1281,2024-06-26,58.42,books,cash on delivery,loyal,west,1710.26,16,106.89125,177
CUST_517,INV_1282,2024-03-17,16.9,home,credit card,loyal,south,1311.9299999999998,10,131.19299999999998,153
CUST_691,INV_1283,2024-01-15,90.62,home,cash on delivery,new,north,422.05,9,46.894444444444446,147
CUST_281,INV_1284,2024-02-05,28.84,clothing,credit card,loyal,west,426.09000000000003,8,53.261250000000004,166
CUST_319,INV_1285,2024-03-03,40.62,home,credit card,new,north,890.6500000000001,9,98.96111111111112,161
CUST_737,INV_1286,2024-03-09,63.72,home,credit card,new,west,1151.37,11,104.66999999999999,159
CUST_442,INV_1287,2024-06-17,2.71,electronics,cash on delivery,returning,east,1684.2,14,120.3,146
CUST_951,INV_1288,2024-03-14,9.64,clothing,cash on delivery,loyal,west,1323.99,12,110.3325,141
CUST_314,INV_1289,2024-01-24,115.81,electronics,upi,returning,south,559.07,7,79.86714285714287,155
CUST_876,INV_1290,2024-02-18,56.03,clothing,upi,loyal,south,1446.61,14,103.3292857142857,158
CUST_965,INV_1291,2024-05-25,200.09,books,cash on delivery,new,south,680.35,8,85.04375,139
CUST_740,INV_1292,2024-01-07,118.64,home,cash on delivery,new,south,683.99,8,85.49875,81
CUST_376,INV_1293,2024-01-04,0.81,clothing,credit card,new,south,609.5400000000001,8,76.19250000000001,73
CUST_288,INV_1294,2024-03-30,95.9,home,upi,loyal,east,1444.41,15,96.29400000000001,150
CUST_436,INV_1295,2024-02-29,9.84,home,upi,loyal,west,1149.4,8,143.675,152
CUST_661,INV_1296,2024-02-24,151.84,beauty,cash on delivery,loyal,west,1633.99,15,108.93266666666666,133
CUST_276,INV_1297,2024-01-16,476.86,electronics,upi,loyal,east,2147.64,14,153.40285714285713,156
CUST_709,INV_1298,2024-01-29,75.76,clothing,cash on delivery,loyal,east,1134.6100000000001,11,103.14636363636365,147
CUST_581,INV_1299,2024-05-30,114.82,books,upi,returning,south,1979.65,13,152.28076923076924,145
CUST_502,INV_1300,2024-01-14,27.09,beauty,debit card,loyal,north,948.38,12,79.03166666666667,165
CUST_623,INV_1301,2024-03-19,57.55,electronics,debit card,returning,north,1397.65,9,155.29444444444445,144
CUST_515,INV_1302,2024-06-25,193.86,books,upi,loyal,south,884.47,13,68.03615384615385,165
CUST_349,INV_1303,2024-02-02,18.32,books,cash on delivery,loyal,east,406.13,10,40.613,159
CUST_842,INV_1304,2024-06-01,30.86,home,debit card,loyal,west,704.37,8,88.04625,149
CUST_445,INV_1305,2024-01-21,58.96,electronics,credit card,loyal,north,794.53,11,72.23,146
CUST_829,INV_1306,2024-05-24,124.57,beauty,cash on delivery,new,north,2524.41,11,229.49181818181816,150
CUST_349,INV_1307,2024-01-23,47.14,clothing,debit card,new,east,406.13,10,40.613,159
CUST_606,INV_1308,2024-02-26,262.74,clothing,credit card,returning,south,1199.92,13,92.30153846153847,152
CUST_663,INV_1309,2024-05-21,9.92,beauty,debit card,returning,west,2021.0,17,118.88235294117646,152
CUST_822,INV_1310,2024-04-02,46.33,home,debit card,loyal,south,404.05,7,57.721428571428575,97
CUST_136,INV_1311,2024-01-20,123.43,home,credit card,loyal,south,1410.93,14,100.7807142857143,166
CUST_758,INV_1312,2024-06-06,25.62,books,credit card,loyal,south,1520.67,12,126.72250000000001,150
CUST_898,INV_1313,2024-01-19,106.83,electronics,upi,loyal,south,909.4,13,69.95384615384616,157
CUST_242,INV_1314,2024-04-12,17.94,books,debit card,new,north,565.77,6,94.295,126
CUST_542,INV_1315,2024-03-17,5.76,clothing,credit card,returning,east,872.11,5,174.422,111
CUST_39,INV_1316,2024-05-30,12.9,beauty,upi,returning,west,838.78,10,83.878,123
CUST_228,INV_1317,2024-02-02,265.9,electronics,credit card,returning,north,1295.1399999999999,14,92.50999999999999,145
CUST_547,INV_1318,2024-01-18,80.24,beauty,upi,new,west,1250.64,10,125.06400000000001,162
CUST_919,INV_1319,2024-03-13,159.13,electronics,upi,loyal,west,1715.16,15,114.34400000000001,174
CUST_222,INV_1320,2024-06-09,40.44,clothing,credit card,new,north,1302.41,12,108.53416666666668,170
CUST_5,INV_1321,2024-06-08,89.81,clothing,credit card,new,north,376.16,7,53.737142857142864,140
CUST_321,INV_1322,2024-01-17,68.31,electronics,debit card,returning,west,427.93,6,71.32166666666667,120
CUST_467,INV_1323,2024-01-19,291.39,home,debit card,new,west,728.05,6,121.34166666666665,158
CUST_731,INV_1324,2024-03-10,137.66,electronics,upi,returning,east,1332.29,12,111.02416666666666,153
CUST_74,INV_1325,2024-04-29,131.13,clothing,credit card,new,north,1455.28,16,90.955,150
CUST_3,INV_1326,2024-04-10,4.75,beauty,debit card,returning,north,433.44,5,86.688,143
CUST_846,INV_1327,2024-02-03,79.78,books,upi,returning,west,982.58,7,140.36857142857144,118
CUST_645,INV_1328,2024-03-24,62.92,beauty,debit card,loyal,west,1134.8,12,94.56666666666666,158
CUST_117,INV_1329,2024-06-01,262.89,clothing,upi,returning,south,2229.23,16,139.326875,150
CUST_880,INV_1330,2024-03-14,29.75,beauty,debit card,new,west,1739.45,16,108.715625,135
CUST_605,INV_1331,2024-03-28,31.45,home,credit card,returning,west,1590.42,12,132.535,164
CUST_503,INV_1332,2024-03-25,52.99,home,cash on delivery,new,east,1643.37,11,149.3972727272727,159
CUST_997,INV_1333,2024-01-11,27.89,electronics,cash on delivery,returning,west,651.48,7,93.06857142857143,124
CUST_946,INV_1334,2024-03-31,13.83,beauty,upi,loyal,south,1168.55,16,73.034375,160
CUST_573,INV_1335,2024-05-23,194.78,beauty,cash on delivery,loyal,south,1355.1000000000001,14,96.79285714285716,132
CUST_440,INV_1336,2024-05-06,81.71,clothing,cash on delivery,new,north,952.15,14,68.01071428571429,154
CUST_193,INV_1337,2024-04-22,197.59,electronics,upi,returning,south,1323.7,13,101.82307692307693,165
CUST_846,INV_1338,2024-03-20,177.87,electronics,cash on delivery,new,north,982.58,7,140.36857142857144,118
CUST_714,INV_1339,2024-01-07,33.13,beauty,debit card,loyal,west,636.83,9,70.75888888888889,165
CUST_391,INV_1340,2024-01-16,79.35,books,debit card,new,south,759.66,10,75.966,149
CUST_25,INV_1341,2024-01-16,8.69,beauty,debit card,new,east,772.76,8,96.595,148
CUST_434,INV_1342,2024-06-16,246.81,beauty,credit card,returning,east,1873.11,16,117.069375,161
CUST_172,INV_1343,2024-01-12,51.8,beauty,debit card,loyal,south,765.0500000000001,11,69.55000000000001,160
CUST_299,INV_1344,2024-02-04,50.03,home,cash on delivery,loyal,north,292.94,5,58.588,147
CUST_644,INV_1345,2024-01-21,36.06,electronics,cash on delivery,returning,north,1325.3999999999999,11,120.49090909090908,146
CUST_325,INV_1346,2024-06-26,61.74,home,debit card,returning,north,849.9300000000001,9,94.43666666666667,159
CUST_409,INV_1347,2024-06-19,29.0,books,credit card,returning,south,831.6800000000001,8,103.96000000000001,142
CUST_117,INV_1348,2024-01-17,46.98,clothing,debit card,loyal,west,2229.23,16,139.326875,150
CUST_835,INV_1349,2024-02-01,160.92,books,credit card,loyal,west,915.88,11,83.26181818181819,162
CUST_786,INV_1350,2024-02-10,179.73,electronics,credit card,returning,west,1196.88,13,92.06769230769231,155
CUST_723,INV_1351,2024-05-13,36.27,clothing,debit card,new,north,342.29,7,48.89857142857143,67
CUST_224,INV_1352,2024-01-27,63.3,books,credit card,loyal,south,835.81,11,75.98272727272727,150
CUST_531,INV_1353,2024-05-27,207.0,electronics,cash on delivery,returning,east,972.35,11,88.39545454545454,123
CUST_112,INV_1354,2024-06-01,5.41,books,debit card,returning,west,2010.72,18,111.70666666666666,160
CUST_139,INV_1355,2024-03-06,219.95,clothing,cash on delivery,new,west,1144.72,8,143.09,97
CUST_558,INV_1356,2024-05-16,24.74,clothing,credit card,returning,north,1012.74,15,67.516,163
CUST_0,INV_1357,2024-04-01,113.49,books,upi,new,west,944.31,16,59.019375,127
CUST_89,INV_1358,2024-03-01,87.36,home,debit card,new,south,1903.25,14,135.94642857142858,151
CUST_653,INV_1359,2024-06-14,80.51,books,upi,loyal,west,955.4,9,106.15555555555555,153
CUST_319,INV_1360,2024-01-03,196.16,books,upi,returning,north,890.6500000000001,9,98.96111111111112,161
CUST_549,INV_1361,2024-04-12,10.71,books,upi,loyal,south,1184.88,14,84.63428571428572,164
CUST_804,INV_1362,2024-02-24,42.62,home,upi,loyal,north,1903.26,13,146.4046153846154,150
CUST_893,INV_1363,2024-01-01,77.27,beauty,cash on delivery,loyal,east,520.47,9,57.830000000000005,142
CUST_138,INV_1364,2024-04-10,166.75,clothing,debit card,returning,west,1076.78,10,107.678,169
CUST_510,INV_1365,2024-02-14,24.39,electronics,cash on delivery,returning,south,657.49,14,46.96357142857143,136
CUST_867,INV_1366,2024-06-23,162.42,clothing,credit card,returning,south,605.92,9,67.32444444444444,153
CUST_844,INV_1367,2024-01-26,51.02,clothing,debit card,loyal,west,937.66,9,104.18444444444444,152
CUST_258,INV_1368,2024-04-30,20.94,beauty,debit card,new,east,754.65,7,107.80714285714285,159
CUST_672,INV_1369,2024-05-21,142.29,clothing,cash on delivery,loyal,east,832.29,10,83.229,127
CUST_901,INV_1370,2024-02-15,9.53,clothing,credit card,new,west,1474.79,12,122.89916666666666,165
CUST_689,INV_1371,2024-05-01,72.31,home,upi,returning,west,1618.6299999999999,10,161.863,138
CUST_9,INV_1372,2024-01-31,6.6,home,credit card,returning,west,883.4699999999999,13,67.95923076923076,156
CUST_260,INV_1373,2024-02-28,44.07,home,cash on delivery,loyal,north,1024.5,10,102.45,157
CUST_918,INV_1374,2024-01-29,91.9,home,cash on delivery,new,south,1603.97,14,114.56928571428571,169
CUST_649,INV_1375,2024-04-15,81.22,home,cash on delivery,returning,south,1150.4,12,95.86666666666667,151
CUST_171,INV_1376,2024-01-17,51.86,electronics,upi,returning,west,550.38,10,55.038,125
CUST_897,INV_1377,2024-05-21,56.05,beauty,debit card,loyal,north,482.14,7,68.87714285714286,149
CUST_12,INV_1378,2024-06-12,25.72,books,credit card,loyal,north,1189.3700000000001,14,84.95500000000001,160
CUST_167,INV_1379,2024-01-24,60.86,home,credit card,loyal,south,1408.6799999999998,11,128.06181818181815,154
CUST_641,INV_1380,2024-04-18,306.3,beauty,upi,new,east,1177.91,8,147.23875,167
CUST_595,INV_1381,2024-03-31,190.01,books,cash on delivery,new,west,1111.22,13,85.47846153846154,179
CUST_320,INV_1382,2024-01-25,15.69,clothing,credit card,returning,west,622.88,8,77.86,121
CUST_318,INV_1383,2024-02-01,3.02,clothing,debit card,loyal,north,218.88,6,36.48,85
CUST_612,INV_1384,2024-04-25,271.09,beauty,credit card,returning,south,1710.26,16,106.89125,177
CUST_328,INV_1385,2024-03-22,74.81,electronics,cash on delivery,new,north,998.94,7,142.7057142857143,113
CUST_784,INV_1386,2024-04-19,77.18,electronics,credit card,returning,east,1441.15,13,110.85769230769232,156
CUST_776,INV_1387,2024-05-25,151.74,beauty,cash on delivery,returning,south,447.11,5,89.422,90
CUST_970,INV_1388,2024-02-06,37.79,electronics,debit card,loyal,west,1611.8600000000001,13,123.98923076923077,143
CUST_910,INV_1389,2024-01-26,65.76,electronics,upi,returning,south,983.23,10,98.32300000000001,151
CUST_919,INV_1390,2024-05-16,346.3,clothing,cash on delivery,loyal,south,1715.16,15,114.34400000000001,174
CUST_549,INV_1391,2024-03-04,111.52,electronics,cash on delivery,returning,west,1184.88,14,84.63428571428572,164
CUST_418,INV_1392,2024-03-12,16.69,electronics,credit card,returning,east,812.63,12,67.71916666666667,149
CUST_605,INV_1393,2024-05-27,14.3,beauty,upi,new,north,1590.42,12,132.535,164
CUST_94,INV_1394,2024-04-15,22.85,electronics,cash on delivery,new,east,968.11,8,121.01375,152
CUST_816,INV_1395,2024-03-26,145.55,home,credit card,returning,east,870.73,13,66.97923076923077,147
CUST_580,INV_1396,2024-06-06,35.01,home,debit card,returning,east,506.56,8,63.32,159
CUST_317,INV_1397,2024-02-22,2.16,beauty,upi,loyal,south,2119.2799999999997,16,132.45499999999998,166
CUST_955,INV_1398,2024-04-01,288.55,home,credit card,new,east,1447.9499999999998,15,96.52999999999999,151
CUST_235,INV_1399,2024-04-08,18.6,clothing,upi,new,south,703.51,9,78.16777777777777,120
CUST_945,INV_1400,2024-01-11,0.96,beauty,cash on delivery,returning,south,1503.4,13,115.64615384615385,168
CUST_333,INV_1401,2024-01-31,27.07,electronics,credit card,loyal,north,1502.38,12,125.19833333333334,162
CUST_884,INV_1402,2024-06-25,26.79,home,debit card,new,north,679.67,10,67.967,153
CUST_375,INV_1403,2024-04-09,54.82,clothing,debit card,returning,east,1246.71,14,89.05071428571429,148
CUST_458,INV_1404,2024-03-27,253.06,beauty,credit card,returning,south,1730.79,13,133.1376923076923,145
CUST_136,INV_1405,2024-05-26,211.35,beauty,credit card,returning,west,1410.93,14,100.7807142857143,166
CUST_929,INV_1406,2024-05-19,61.05,electronics,upi,returning,south,589.29,11,53.57181818181818,138
CUST_587,INV_1407,2024-01-15,52.92,books,credit card,returning,north,1142.67,14,81.61928571428572,176
CUST_994,INV_1408,2024-06-07,80.97,home,upi,new,west,440.69,7,62.955714285714286,154
CUST_546,INV_1409,2024-06-19,27.9,clothing,cash on delivery,new,south,1600.3700000000001,13,123.10538461538462,158
CUST_512,INV_1410,2024-04-10,5.36,beauty,credit card,loyal,east,651.4,8,81.425,137
CUST_295,INV_1411,2024-06-13,280.06,home,cash on delivery,returning,south,1865.1,14,133.22142857142856,162
CUST_319,INV_1412,2024-01-29,20.67,clothing,debit card,loyal,west,890.6500000000001,9,98.96111111111112,161
CUST_917,INV_1413,2024-04-23,22.11,clothing,upi,returning,east,1029.23,7,147.03285714285715,153
CUST_571,INV_1414,2024-04-16,63.95,beauty,upi,returning,west,964.01,9,107.11222222222221,119
CUST_831,INV_1415,2024-06-02,67.65,home,debit card,returning,north,1121.82,13,86.29384615384615,139
CUST_348,INV_1416,2024-04-17,1.86,clothing,cash on delivery,loyal,north,1574.46,13,121.1123076923077,126
CUST_839,INV_1417,2024-05-09,16.01,beauty,upi,returning,south,1780.11,16,111.256875,135
CUST_778,INV_1418,2024-03-24,47.51,home,debit card,loyal,south,1093.84,13,84.14153846153846,154
CUST_872,INV_1419,2024-01-15,115.12,home,debit card,new,north,1664.3799999999999,9,184.9311111111111,146
CUST_228,INV_1420,2024-05-11,25.93,beauty,debit card,returning,west,1295.1399999999999,14,92.50999999999999,145
CUST_269,INV_1421,2024-02-19,54.99,home,credit card,loyal,west,1414.0900000000001,12,117.84083333333335,156
CUST_827,INV_1422,2024-06-14,81.5,books,cash on delivery,new,east,1576.78,15,105.11866666666667,163
CUST_797,INV_1423,2024-01-23,219.46,clothing,debit card,returning,east,1604.42,11,145.85636363636365,161
CUST_290,INV_1424,2024-02-28,39.46,clothing,cash on delivery,new,east,794.5799999999999,8,99.32249999999999,148
CUST_724,INV_1425,2024-03-30,14.34,home,upi,returning,north,611.95,10,61.19500000000001,167
CUST_164,INV_1426,2024-04-24,67.19,beauty,credit card,loyal,north,633.75,10,63.375,164
CUST_4,INV_1427,2024-03-15,137.33,electronics,debit card,returning,north,1444.3899999999999,9,160.48777777777775,176
CUST_850,INV_1428,2024-06-04,11.64,home,debit card,returning,south,750.55,8,93.81875,160
CUST_378,INV_1429,2024-05-02,55.28,electronics,debit card,loyal,west,932.3599999999999,7,133.1942857142857,111
CUST_77,INV_1430,2024-05-15,1.79,home,upi,loyal,north,547.69,10,54.769000000000005,140
CUST_409,INV_1431,2024-06-05,3.41,electronics,credit card,loyal,east,831.6800000000001,8,103.96000000000001,142
CUST_573,INV_1432,2024-05-18,65.96,home,cash on delivery,returning,east,1355.1000000000001,14,96.79285714285716,132
CUST_131,INV_1433,2024-01-18,35.41,beauty,cash on delivery,new,north,1297.4,12,108.11666666666667,163
CUST_600,INV_1434,2024-02-19,186.5,electronics,cash on delivery,loyal,north,1760.6799999999998,14,125.76285714285713,168
CUST_748,INV_1435,2024-05-21,92.17,books,cash on delivery,new,west,1357.18,13,104.39846153846155,125
CUST_41,INV_1436,2024-04-27,60.5,beauty,cash on delivery,loyal,east,1050.08,9,116.67555555555555,161
CUST_88,INV_1437,2024-05-16,52.41,home,cash on delivery,loyal,west,1012.77,8,126.59625,155
CUST_401,INV_1438,2024-05-18,68.77,electronics,cash on delivery,returning,north,584.6600000000001,8,73.08250000000001,166
CUST_295,INV_1439,2024-04-17,4.13,clothing,credit card,loyal,west,1865.1,14,133.22142857142856,162
CUST_839,INV_1440,2024-03-07,223.3,beauty,credit card,new,south,1780.11,16,111.256875,135
CUST_294,INV_1441,2024-06-15,637.9,electronics,upi,returning,north,2038.52,9,226.50222222222223,152
CUST_615,INV_1442,2024-03-18,20.03,beauty,debit card,loyal,east,1607.96,11,146.17818181818183,125
CUST_525,INV_1443,2024-06-04,12.83,electronics,credit card,new,east,1304.45,15,86.96333333333334,174
CUST_799,INV_1444,2024-03-15,15.5,clothing,debit card,returning,west,1536.08,16,96.005,175
CUST_690,INV_1445,2024-02-08,108.18,books,upi,new,north,1153.93,12,96.16083333333334,166
CUST_636,INV_1446,2024-01-25,108.31,clothing,credit card,returning,east,1154.28,9,128.25333333333333,87
CUST_421,INV_1447,2024-01-21,188.34,home,upi,returning,west,1688.19,15,112.546,170
CUST_864,INV_1448,2024-05-17,139.36,beauty,credit card,returning,west,854.61,7,122.08714285714287,162
CUST_22,INV_1449,2024-06-19,59.73,books,credit card,loyal,north,707.1,8,88.3875,172
CUST_574,INV_1450,2024-01-15,94.9,beauty,cash on delivery,returning,east,1145.9,15,76.39333333333335,157
CUST_142,INV_1451,2024-02-17,116.57,electronics,debit card,loyal,east,1343.5,12,111.95833333333333,138
CUST_992,INV_1452,2024-03-26,71.9,home,upi,loyal,east,1168.02,12,97.335,121
CUST_664,INV_1453,2024-05-28,64.56,home,cash on delivery,loyal,north,1203.96,10,120.396,136
CUST_144,INV_1454,2024-04-25,103.59,beauty,credit card,loyal,north,870.74,9,96.74888888888889,156
CUST_224,INV_1455,2024-02-19,81.53,home,credit card,returning,north,835.81,11,75.98272727272727,150
CUST_502,INV_1456,2024-05-30,103.27,beauty,upi,loyal,south,948.38,12,79.03166666666667,165
CUST_961,INV_1457,2024-05-20,94.9,electronics,debit card,new,west,792.14,15,52.809333333333335,165
CUST_973,INV_1458,2024-03-09,127.01,electronics,upi,new,south,1034.19,15,68.946,168
CUST_820,INV_1459,2024-01-04,102.95,beauty,credit card,returning,south,655.62,7,93.66,174
CUST_615,INV_1460,2024-03-18,73.34,clothing,cash on delivery,loyal,east,1607.96,11,146.17818181818183,125
CUST_103,INV_1461,2024-01-09,114.51,clothing,upi,new,east,1251.99,14,89.42785714285715,172
CUST_946,INV_1462,2024-04-30,59.69,electronics,cash on delivery,new,west,1168.55,16,73.034375,160
CUST_38,INV_1463,2024-04-24,27.66,books,debit card,loyal,west,1482.14,19,78.00736842105263,161
CUST_946,INV_1464,2024-06-11,0.14,clothing,debit card,loyal,north,1168.55,16,73.034375,160
CUST_197,INV_1465,2024-04-10,82.09,beauty,cash on delivery,returning,east,939.88,9,104.43111111111111,139
CUST_645,INV_1466,2024-05-28,89.32,electronics,debit card,new,south,1134.8,12,94.56666666666666,158
CUST_578,INV_1467,2024-05-25,357.73,home,cash on delivery,returning,west,803.99,8,100.49875,138
CUST_390,INV_1468,2024-04-06,44.86,home,cash on delivery,new,west,1193.3,11,108.48181818181818,157
CUST_178,INV_1469,2024-03-21,50.11,clothing,cash on delivery,loyal,south,1390.4499999999998,10,139.045,161
CUST_967,INV_1470,2024-02-12,22.54,books,debit card,new,north,663.1800000000001,11,60.289090909090916,140
CUST_553,INV_1471,2024-04-04,7.31,clothing,cash on delivery,new,east,1940.8,15,129.38666666666666,147
CUST_447,INV_1472,2024-01-06,148.19,books,debit card,new,east,962.81,7,137.5442857142857,104
CUST_499,INV_1473,2024-03-07,28.73,clothing,cash on delivery,loyal,south,727.19,14,51.94214285714286,170
CUST_14,INV_1474,2024-05-19,93.88,home,cash on delivery,loyal,north,508.96,9,56.55111111111111,162
CUST_622,INV_1475,2024-04-09,116.4,books,debit card,new,south,904.56,11,82.23272727272727,146
CUST_668,INV_1476,2024-01-12,63.72,home,cash on delivery,new,east,659.13,9,73.23666666666666,120
CUST_288,INV_1477,2024-03-06,209.03,beauty,cash on delivery,loyal,south,1444.41,15,96.29400000000001,150
CUST_477,INV_1478,2024-01-02,58.66,beauty,debit card,loyal,south,772.8199999999999,7,110.40285714285713,171
CUST_230,INV_1479,2024-05-22,33.53,electronics,credit card,loyal,east,415.83,9,46.20333333333333,125
CUST_922,INV_1480,2024-05-30,226.35,home,upi,new,east,1106.43,13,85.11,142
CUST_419,INV_1481,2024-06-05,197.73,home,debit card,returning,east,1069.12,15,71.27466666666666,166
CUST_156,INV_1482,2024-03-21,17.92,electronics,cash on delivery,returning,south,1096.8,10,109.67999999999999,146
CUST_549,INV_1483,2024-05-14,2.63,beauty,upi,loyal,south,1184.88,14,84.63428571428572,164
CUST_440,INV_1484,2024-06-04,9.43,beauty,upi,returning,south,952.15,14,68.01071428571429,154
CUST_96,INV_1485,2024-05-21,33.76,books,cash on delivery,new,north,880.9200000000001,9,97.88000000000001,153
CUST_996,INV_1486,2024-06-20,358.49,books,cash on delivery,returning,west,892.71,10,89.271,139
CUST_410,INV_1487,2024-06-06,81.76,beauty,credit card,returning,north,542.35,6,90.39166666666667,118
CUST_950,INV_1488,2024-06-08,46.72,clothing,cash on delivery,returning,west,1161.93,8,145.24125,109
CUST_288,INV_1489,2024-03-10,219.57,home,upi,loyal,east,1444.41,15,96.29400000000001,150
CUST_253,INV_1490,2024-04-24,60.36,books,cash on delivery,new,west,1062.94,12,88.57833333333333,111
CUST_195,INV_1491,2024-03-28,37.87,clothing,upi,loyal,north,1024.49,10,102.449,164
CUST_597,INV_1492,2024-01-06,283.39,books,debit card,returning,east,765.94,11,69.6309090909091,168
CUST_833,INV_1493,2024-01-27,189.39,electronics,debit card,loyal,west,1352.11,9,150.23444444444442,143
CUST_521,INV_1494,2024-03-22,185.58,home,upi,new,west,1074.26,7,153.46571428571428,129
CUST_516,INV_1495,2024-03-28,71.8,books,debit card,new,west,1407.26,13,108.25076923076924,168
CUST_634,INV_1496,2024-04-29,155.8,beauty,credit card,new,south,1118.36,6,186.39333333333332,146
CUST_841,INV_1497,2024-01-24,19.77,electronics,upi,new,east,637.4,8,79.675,155
CUST_864,INV_1498,2024-04-11,85.15,electronics,upi,returning,south,854.61,7,122.08714285714287,162
CUST_117,INV_1499,2024-02-03,412.56,beauty,cash on delivery,returning,east,2229.23,16,139.326875,150
CUST_805,INV_1500,2024-06-16,34.38,electronics,credit card,returning,west,875.45,12,72.95416666666667,171
CUST_908,INV_1501,2024-02-16,158.16,home,cash on delivery,returning,west,947.69,13,72.89923076923077,157
CUST_158,INV_1502,2024-01-24,67.43,books,credit card,returning,north,1210.0800000000002,9,134.45333333333335,138
CUST_814,INV_1503,2024-03-05,4.06,electronics,credit card,loyal,west,1539.8899999999999,11,139.98999999999998,166
CUST_227,INV_1504,2024-01-18,143.98,home,credit card,new,south,477.6,9,53.06666666666667,175
CUST_876,INV_1505,2024-02-13,18.46,beauty,upi,returning,south,1446.61,14,103.3292857142857,158
CUST_215,INV_1506,2024-03-16,99.82,books,debit card,new,west,1566.6299999999999,12,130.55249999999998,135
CUST_947,INV_1507,2024-02-26,8.96,beauty,debit card,new,south,524.38,7,74.91142857142857,113
CUST_695,INV_1508,2024-04-16,293.5,books,cash on delivery,returning,west,1503.8600000000001,10,150.38600000000002,158
CUST_14,INV_1509,2024-06-04,34.49,electronics,cash on delivery,returning,north,508.96,9,56.55111111111111,162
CUST_156,INV_1510,2024-05-03,25.68,electronics,debit card,new,north,1096.8,10,109.67999999999999,146
CUST_647,INV_1511,2024-05-30,13.83,books,debit card,new,west,622.69,12,51.89083333333334,156
CUST_260,INV_1512,2024-06-10,291.88,home,credit card,new,north,1024.5,10,102.45,157
CUST_156,INV_1513,2024-05-18,124.45,home,cash on delivery,loyal,west,1096.8,10,109.67999999999999,146
CUST_46,INV_1514,2024-06-11,135.35,home,cash on delivery,loyal,south,1456.6399999999999,12,121.38666666666666,150
CUST_323,INV_1515,2024-04-25,69.2,clothing,cash on delivery,new,west,941.5899999999999,11,85.5990909090909,156
CUST_843,INV_1516,2024-04-02,64.38,home,cash on delivery,loyal,east,735.54,9,81.72666666666666,112
CUST_684,INV_1517,2024-02-11,11.66,electronics,debit card,new,east,2119.79,18,117.76611111111112,175
CUST_129,INV_1518,2024-01-28,82.06,clothing,debit card,new,west,1389.36,17,81.7270588235294,163
CUST_410,INV_1519,2024-05-02,28.36,home,upi,returning,west,542.35,6,90.39166666666667,118
CUST_94,INV_1520,2024-01-24,377.86,electronics,upi,new,west,968.11,8,121.01375,152
CUST_626,INV_1521,2024-05-15,159.25,clothing,debit card,returning,north,574.0,5,114.8,134
CUST_754,INV_1522,2024-04-15,53.27,electronics,credit card,returning,east,524.78,7,74.96857142857142,139
CUST_931,INV_1523,2024-04-27,16.41,books,debit card,new,west,970.01,9,107.77888888888889,112
CUST_291,INV_1524,2024-02-22,153.87,electronics,credit card,loyal,west,627.5,6,104.58333333333333,116
CUST_793,INV_1525,2024-05-11,13.02,clothing,cash on delivery,new,south,1227.72,15,81.848,141
CUST_810,INV_1526,2024-04-09,20.99,home,upi,new,south,346.98,8,43.3725,116
CUST_282,INV_1527,2024-01-05,23.76,clothing,credit card,loyal,north,2115.36,18,117.52000000000001,148
CUST_68,INV_1528,2024-02-18,81.39,home,cash on delivery,returning,north,1342.35,15,89.49,125
CUST_659,INV_1529,2024-04-07,154.67,home,debit card,loyal,east,1856.52,14,132.60857142857142,164
CUST_10,INV_1530,2024-01-30,37.73,beauty,upi,new,east,347.41,6,57.90166666666667,151
CUST_253,INV_1531,2024-03-12,8.85,books,debit card,new,west,1062.94,12,88.57833333333333,111
CUST_841,INV_1532,2024-04-12,62.46,beauty,cash on delivery,loyal,east,637.4,8,79.675,155
CUST_871,INV_1533,2024-03-03,137.88,clothing,cash on delivery,loyal,west,1672.77,14,119.48357142857142,177
CUST_549,INV_1534,2024-06-23,25.06,beauty,debit card,loyal,north,1184.88,14,84.63428571428572,164
CUST_133,INV_1535,2024-01-26,24.84,home,cash on delivery,returning,north,854.97,11,77.72454545454546,109
CUST_711,INV_1536,2024-02-06,294.18,clothing,cash on delivery,loyal,north,1223.05,9,135.89444444444445,153
CUST_22,INV_1537,2024-01-07,308.25,beauty,credit card,new,south,707.1,8,88.3875,172
CUST_814,INV_1538,2024-05-06,465.29,electronics,debit card,loyal,east,1539.8899999999999,11,139.98999999999998,166
CUST_345,INV_1539,2024-06-16,164.85,books,debit card,new,north,922.68,7,131.81142857142856,154
CUST_301,INV_1540,2024-04-01,20.85,electronics,upi,returning,north,731.7,15,48.78,158
CUST_362,INV_1541,2024-06-15,23.82,clothing,credit card,returning,north,1155.73,12,96.31083333333333,167
CUST_395,INV_1542,2024-04-12,41.59,beauty,credit card,loyal,east,394.9,7,56.41428571428571,154
CUST_217,INV_1543,2024-02-22,38.29,home,cash on delivery,new,east,1137.8400000000001,13,87.52615384615386,138
CUST_140,INV_1544,2024-05-11,313.56,beauty,upi,returning,south,1463.55,14,104.53928571428571,160
CUST_615,INV_1545,2024-04-17,155.62,clothing,upi,loyal,south,1607.96,11,146.17818181818183,125
CUST_957,INV_1546,2024-04-21,128.74,clothing,credit card,returning,south,1402.95,15,93.53,149
CUST_209,INV_1547,2024-06-01,20.57,clothing,upi,loyal,south,1118.48,11,101.68,159
CUST_984,INV_1548,2024-01-07,240.27,clothing,credit card,new,north,1069.58,12,89.13166666666666,172
CUST_992,INV_1549,2024-06-04,175.95,beauty,upi,loyal,west,1168.02,12,97.335,121
CUST_622,INV_1550,2024-03-07,17.87,electronics,credit card,new,south,904.56,11,82.23272727272727,146
CUST_615,INV_1551,2024-04-17,204.93,home,credit card,returning,west,1607.96,11,146.17818181818183,125
CUST_827,INV_1552,2024-04-20,31.78,home,cash on delivery,new,north,1576.78,15,105.11866666666667,163
CUST_682,INV_1553,2024-05-27,8.43,books,cash on delivery,new,north,735.53,8,91.94125,124
CUST_459,INV_1554,2024-03-23,106.95,clothing,upi,returning,east,1002.65,10,100.265,162
CUST_355,INV_1555,2024-05-03,106.08,clothing,cash on delivery,new,west,1291.94,10,129.19400000000002,158
CUST_323,INV_1556,2024-05-18,9.97,clothing,debit card,new,west,941.5899999999999,11,85.5990909090909,156
CUST_132,INV_1557,2024-04-13,38.4,electronics,debit card,loyal,north,564.31,6,94.05166666666666,176
CUST_887,INV_1558,2024-03-07,493.57,clothing,upi,new,east,1046.3799999999999,12,87.19833333333332,161
CUST_804,INV_1559,2024-01-07,113.45,books,credit card,loyal,south,1903.26,13,146.4046153846154,150
CUST_839,INV_1560,2024-05-30,130.96,books,cash on delivery,new,south,1780.11,16,111.256875,135
CUST_126,INV_1561,2024-04-19,23.94,electronics,upi,returning,east,547.5600000000001,11,49.77818181818182,167
CUST_105,INV_1562,2024-02-03,8.21,clothing,debit card,new,east,1413.3799999999999,12,117.78166666666665,153
CUST_603,INV_1563,2024-04-15,32.42,beauty,credit card,new,south,534.06,10,53.40599999999999,117
CUST_798,INV_1564,2024-05-26,28.62,beauty,cash on delivery,new,north,1315.81,7,187.97285714285712,145
CUST_377,INV_1565,2024-02-27,26.73,home,credit card,loyal,north,1043.45,13,80.26538461538462,166
CUST_904,INV_1566,2024-01-09,21.41,electronics,credit card,returning,east,1353.9,11,123.08181818181819,166
CUST_50,INV_1567,2024-02-17,85.51,beauty,cash on delivery,returning,north,1402.2,8,175.275,128
CUST_28,INV_1568,2024-04-24,39.77,home,cash on delivery,new,north,559.96,11,50.905454545454546,136
CUST_461,INV_1569,2024-02-10,171.67,books,debit card,new,west,875.0799999999999,8,109.38499999999999,151
CUST_295,INV_1570,2024-02-17,20.33,home,debit card,loyal,south,1865.1,14,133.22142857142856,162
CUST_296,INV_1571,2024-06-21,62.48,clothing,credit card,returning,east,114.42,3,38.14,114
CUST_725,INV_1572,2024-01-25,1.38,clothing,credit card,new,south,1953.04,22,88.77454545454545,130
CUST_778,INV_1573,2024-04-25,65.72,books,debit card,new,west,1093.84,13,84.14153846153846,154
CUST_406,INV_1574,2024-03-18,5.75,electronics,debit card,returning,north,1119.5,11,101.77272727272727,149
CUST_768,INV_1575,2024-04-17,380.42,clothing,credit card,new,north,2004.6799999999998,9,222.7422222222222,169
CUST_813,INV_1576,2024-01-25,156.35,clothing,upi,new,west,432.77,10,43.277,173
CUST_612,INV_1577,2024-05-26,67.36,home,upi,returning,south,1710.26,16,106.89125,177
CUST_404,INV_1578,2024-02-08,9.06,home,upi,loyal,west,401.87,13,30.913076923076922,161
CUST_345,INV_1579,2024-04-28,89.76,home,cash on delivery,new,north,922.68,7,131.81142857142856,154
CUST_621,INV_1580,2024-03-19,142.2,beauty,debit card,new,north,1010.19,11,91.83545454545455,172
CUST_419,INV_1581,2024-03-20,21.16,books,upi,returning,south,1069.12,15,71.27466666666666,166
CUST_181,INV_1582,2024-01-27,83.98,electronics,upi,returning,north,1221.8700000000001,12,101.8225,149
CUST_982,INV_1583,2024-04-13,168.31,home,debit card,loyal,south,1381.64,11,125.60363636363637,138
CUST_824,INV_1584,2024-03-14,146.21,electronics,cash on delivery,loyal,east,2560.0699999999997,19,134.74052631578945,159
CUST_0,INV_1585,2024-03-08,162.45,home,upi,new,north,944.31,16,59.019375,127
CUST_830,INV_1586,2024-05-26,211.46,clothing,cash on delivery,loyal,north,1706.6100000000001,14,121.9007142857143,146
CUST_949,INV_1587,2024-01-28,277.55,electronics,cash on delivery,loyal,south,874.32,8,109.29,86
CUST_566,INV_1588,2024-05-02,52.01,beauty,credit card,loyal,east,968.67,13,74.51307692307692,111
CUST_370,INV_1589,2024-06-09,84.11,home,debit card,new,north,1717.41,10,171.741,145
CUST_935,INV_1590,2024-05-17,156.38,books,credit card,loyal,north,2032.24,18,112.90222222222222,169
CUST_910,INV_1591,2024-03-23,119.45,clothing,upi,loyal,east,983.23,10,98.32300000000001,151
CUST_660,INV_1592,2024-01-30,540.82,home,credit card,loyal,north,1775.47,16,110.966875,162
CUST_430,INV_1593,2024-01-22,1.38,electronics,debit card,returning,south,792.87,9,88.09666666666666,145
CUST_968,INV_1594,2024-01-03,43.87,home,cash on delivery,loyal,east,503.72,5,100.744,144
CUST_308,INV_1595,2024-04-10,32.99,clothing,cash on delivery,loyal,east,595.39,9,66.15444444444444,148
CUST_136,INV_1596,2024-04-14,30.42,books,upi,returning,west,1410.93,14,100.7807142857143,166
CUST_201,INV_1597,2024-06-24,25.17,books,debit card,returning,north,1577.01,9,175.22333333333333,175
CUST_435,INV_1598,2024-01-02,123.49,books,cash on delivery,new,east,852.01,12,71.00083333333333,173
CUST_312,INV_1599,2024-02-23,8.86,clothing,upi,new,east,1643.46,13,126.42,152
CUST_116,INV_1600,2024-01-06,135.33,home,debit card,returning,east,1609.68,13,123.82153846153847,148
CUST_665,INV_1601,2024-04-16,118.23,clothing,debit card,new,west,1727.89,15,115.19266666666667,146
CUST_936,INV_1602,2024-06-16,28.88,clothing,credit card,loyal,north,1728.72,15,115.248,153
CUST_802,INV_1603,2024-05-02,29.15,home,cash on delivery,new,east,1426.79,12,118.89916666666666,159
CUST_574,INV_1604,2024-01-02,99.12,beauty,debit card,loyal,north,1145.9,15,76.39333333333335,157
CUST_243,INV_1605,2024-04-20,143.62,books,cash on delivery,loyal,east,698.72,6,116.45333333333333,125
CUST_536,INV_1606,2024-01-02,209.14,electronics,cash on delivery,loyal,south,2514.01,16,157.125625,170
CUST_601,INV_1607,2024-04-02,191.15,electronics,debit card,returning,east,1577.98,13,121.38307692307693,133
CUST_74,INV_1608,2024-04-10,334.91,home,cash on delivery,new,east,1455.28,16,90.955,150
CUST_805,INV_1609,2024-04-06,87.08,electronics,credit card,new,west,875.45,12,72.95416666666667,171
CUST_385,INV_1610,2024-04-20,239.31,beauty,upi,returning,east,1210.29,13,93.09923076923077,157
CUST_902,INV_1611,2024-01-06,165.29,clothing,upi,returning,south,1227.18,10,122.718,167
CUST_209,INV_1612,2024-05-06,225.06,books,debit card,new,east,1118.48,11,101.68,159
CUST_474,INV_1613,2024-04-13,1.17,electronics,credit card,returning,south,412.5,6,68.75,137
CUST_417,INV_1614,2024-05-26,337.85,electronics,upi,returning,south,1103.4,6,183.9,128
CUST_346,INV_1615,2024-06-03,64.16,home,credit card,loyal,south,686.51,5,137.302,124
CUST_528,INV_1616,2024-01-01,160.04,home,debit card,loyal,west,1481.26,10,148.126,171
CUST_639,INV_1617,2024-02-02,13.61,clothing,credit card,loyal,north,288.77,8,36.09625,117
CUST_938,INV_1618,2024-02-09,50.41,books,debit card,returning,north,690.6800000000001,10,69.06800000000001,147
CUST_954,INV_1619,2024-02-01,31.67,electronics,upi,returning,south,1420.93,11,129.17545454545456,150
CUST_875,INV_1620,2024-01-17,34.48,clothing,upi,loyal,west,625.1,10,62.510000000000005,162
CUST_762,INV_1621,2024-05-05,13.15,books,upi,loyal,west,767.49,12,63.9575,149
CUST_178,INV_1622,2024-01-08,163.87,clothing,upi,new,north,1390.4499999999998,10,139.045,161
CUST_181,INV_1623,2024-02-26,0.93,electronics,cash on delivery,loyal,south,1221.8700000000001,12,101.8225,149
CUST_663,INV_1624,2024-02-11,37.47,home,credit card,loyal,north,2021.0,17,118.88235294117646,152
CUST_24,INV_1625,2024-04-07,19.17,home,credit card,new,north,1497.66,16,93.60375,163
CUST_966,INV_1626,2024-05-16,88.93,home,credit card,new,west,657.57,6,109.59500000000001,106
CUST_179,INV_1627,2024-04-29,29.34,beauty,debit card,new,west,582.36,10,58.236000000000004,153
CUST_709,INV_1628,2024-03-27,29.98,clothing,upi,new,east,1134.6100000000001,11,103.14636363636365,147
CUST_500,INV_1629,2024-06-11,67.01,electronics,upi,returning,west,647.19,8,80.89875,133
CUST_855,INV_1630,2024-02-23,105.75,clothing,cash on delivery,new,west,705.4,9,78.37777777777778,151
CUST_160,INV_1631,2024-03-24,12.93,home,cash on delivery,new,north,1260.26,17,74.13294117647058,158
CUST_176,INV_1632,2024-01-25,19.3,clothing,upi,returning,west,1919.6100000000001,12,159.9675,145
CUST_284,INV_1633,2024-03-07,28.39,books,credit card,new,west,901.05,11,81.91363636363636,142
CUST_62,INV_1634,2024-06-22,364.0,clothing,credit card,new,north,1103.34,10,110.33399999999999,145
CUST_661,INV_1635,2024-05-31,50.61,beauty,upi,new,west,1633.99,15,108.93266666666666,133
CUST_665,INV_1636,2024-02-15,91.38,beauty,debit card,returning,west,1727.89,15,115.19266666666667,146
CUST_155,INV_1637,2024-01-22,27.65,home,credit card,loyal,east,952.72,14,68.05142857142857,160
CUST_881,INV_1638,2024-05-18,67.42,electronics,upi,new,south,900.24,9,100.02666666666667,79
CUST_468,INV_1639,2024-06-24,7.7,books,upi,new,east,428.27,7,61.18142857142857,169
CUST_48,INV_1640,2024-01-08,3.54,electronics,cash on delivery,new,west,818.66,11,74.42363636363636,164
CUST_966,INV_1641,2024-02-08,63.25,electronics,cash on delivery,new,north,657.57,6,109.59500000000001,106
CUST_848,INV_1642,2024-06-11,50.86,books,upi,returning,north,2094.2799999999997,16,130.89249999999998,147
CUST_83,INV_1643,2024-02-18,14.72,beauty,debit card,loyal,south,1386.48,14,99.03428571428572,166
CUST_360,INV_1644,2024-02-15,116.35,home,upi,new,north,1133.4299999999998,11,103.03909090909089,83
CUST_688,INV_1645,2024-02-07,494.82,clothing,credit card,new,west,1145.06,9,127.22888888888889,143
CUST_147,INV_1646,2024-05-15,50.36,beauty,debit card,returning,east,897.03,11,81.54818181818182,162
CUST_629,INV_1647,2024-02-23,97.97,home,debit card,loyal,south,1015.25,13,78.09615384615384,153
CUST_341,INV_1648,2024-06-13,329.62,beauty,cash on delivery,loyal,east,1885.17,11,171.3790909090909,147
CUST_475,INV_1649,2024-04-01,178.1,books,upi,loyal,north,2205.11,13,169.62384615384616,162
CUST_62,INV_1650,2024-02-09,62.28,electronics,cash on delivery,new,west,1103.34,10,110.33399999999999,145
CUST_700,INV_1651,2024-02-03,133.75,books,credit card,new,south,734.36,10,73.436,142
CUST_359,INV_1652,2024-04-05,13.71,clothing,cash on delivery,new,north,1682.9699999999998,10,168.29699999999997,90
CUST_560,INV_1653,2024-03-19,71.77,books,credit card,returning,north,1191.05,12,99.25416666666666,167
CUST_326,INV_1654,2024-05-06,32.72,electronics,upi,returning,east,2143.43,15,142.89533333333333,119
CUST_768,INV_1655,2024-01-17,17.57,beauty,upi,returning,north,2004.6799999999998,9,222.7422222222222,169
CUST_735,INV_1656,2024-06-09,55.56,home,cash on delivery,new,east,1179.4,14,84.24285714285715,156
CUST_140,INV_1657,2024-06-23,14.04,clothing,cash on delivery,new,north,1463.55,14,104.53928571428571,160
CUST_989,INV_1658,2024-04-19,120.06,beauty,cash on delivery,new,east,1160.0,12,96.66666666666667,120
CUST_214,INV_1659,2024-02-21,60.92,home,credit card,loyal,east,1047.22,10,104.72200000000001,142
CUST_434,INV_1660,2024-04-27,75.75,electronics,debit card,returning,west,1873.11,16,117.069375,161
CUST_890,INV_1661,2024-01-09,15.83,books,debit card,returning,south,2004.37,19,105.49315789473684,170
CUST_951,INV_1662,2024-02-02,15.06,beauty,cash on delivery,loyal,south,1323.99,12,110.3325,141
CUST_722,INV_1663,2024-04-22,87.57,home,cash on delivery,loyal,west,649.23,4,162.3075,106
CUST_317,INV_1664,2024-05-28,420.04,home,upi,loyal,north,2119.2799999999997,16,132.45499999999998,166
CUST_31,INV_1665,2024-03-25,10.12,books,cash on delivery,new,north,213.66,6,35.61,109
CUST_669,INV_1666,2024-01-10,33.65,beauty,upi,loyal,south,1120.45,16,70.028125,153
CUST_284,INV_1667,2024-01-06,203.61,beauty,credit card,new,east,901.05,11,81.91363636363636,142
CUST_304,INV_1668,2024-04-24,7.5,electronics,credit card,new,east,751.09,11,68.28090909090909,165
CUST_428,INV_1669,2024-04-30,208.66,beauty,credit card,returning,south,1757.97,13,135.22846153846154,171
CUST_476,INV_1670,2024-05-20,74.29,books,credit card,loyal,south,1088.04,15,72.536,158
CUST_285,INV_1671,2024-03-05,52.47,beauty,cash on delivery,new,west,482.17,7,68.88142857142857,134
CUST_143,INV_1672,2024-01-20,37.06,electronics,cash on delivery,new,north,1385.37,14,98.955,149
CUST_423,INV_1673,2024-02-26,35.26,home,upi,loyal,east,496.1,10,49.61,162
CUST_18,INV_1674,2024-02-15,36.5,beauty,cash on delivery,new,west,1436.15,15,95.74333333333334,167
CUST_17,INV_1675,2024-05-15,216.11,books,upi,new,south,1537.6100000000001,7,219.65857142857143,122
CUST_768,INV_1676,2024-01-10,128.66,beauty,credit card,new,west,2004.6799999999998,9,222.7422222222222,169
CUST_589,INV_1677,2024-04-22,110.78,clothing,upi,loyal,west,970.4399999999999,7,138.6342857142857,102
CUST_370,INV_1678,2024-05-18,160.32,electronics,upi,new,east,1717.41,10,171.741,145
CUST_174,INV_1679,2024-01-12,29.72,home,cash on delivery,returning,west,815.64,11,74.1490909090909,134
CUST_193,INV_1680,2024-05-17,96.24,clothing,credit card,loyal,east,1323.7,13,101.82307692307693,165
CUST_501,INV_1681,2024-06-01,61.63,books,debit card,returning,south,1046.85,9,116.31666666666666,112
CUST_987,INV_1682,2024-06-25,152.53,beauty,cash on delivery,returning,east,1846.98,17,108.64588235294117,171
CUST_112,INV_1683,2024-06-25,37.0,electronics,cash on delivery,returning,north,2010.72,18,111.70666666666666,160
CUST_113,INV_1684,2024-01-11,103.05,beauty,debit card,new,south,1221.58,10,122.15799999999999,160
CUST_221,INV_1685,2024-04-27,213.89,beauty,credit card,new,east,527.87,9,58.65222222222222,157
CUST_677,INV_1686,2024-06-12,51.44,beauty,debit card,returning,south,1648.2,8,206.025,146
CUST_946,INV_1687,2024-02-08,6.89,beauty,upi,returning,west,1168.55,16,73.034375,160
CUST_830,INV_1688,2024-02-22,72.58,electronics,debit card,loyal,south,1706.6100000000001,14,121.9007142857143,146
CUST_643,INV_1689,2024-02-25,42.46,clothing,credit card,returning,east,269.44,8,33.68,105
CUST_896,INV_1690,2024-04-13,111.54,books,credit card,new,west,1162.97,13,89.45923076923077,154
CUST_263,INV_1691,2024-05-08,301.66,clothing,debit card,returning,north,1411.37,8,176.42125,87
CUST_924,INV_1692,2024-02-25,66.48,electronics,cash on delivery,returning,south,1477.36,17,86.9035294117647,156
CUST_54,INV_1693,2024-04-27,62.77,books,debit card,loyal,east,415.2,6,69.2,154
CUST_870,INV_1694,2024-05-11,106.3,home,upi,returning,south,1217.66,12,101.47166666666668,169
CUST_642,INV_1695,2024-01-30,10.93,clothing,debit card,loyal,south,751.1500000000001,7,107.30714285714286,150
CUST_799,INV_1696,2024-01-12,29.24,electronics,debit card,loyal,east,1536.08,16,96.005,175
CUST_777,INV_1697,2024-02-04,251.31,electronics,debit card,returning,north,627.48,11,57.04363636363637,172
CUST_457,INV_1698,2024-03-17,110.85,electronics,upi,returning,east,453.36,6,75.56,111
CUST_978,INV_1699,2024-06-28,1.35,books,debit card,new,south,838.39,6,139.73166666666665,133
CUST_877,INV_1700,2024-06-07,22.89,beauty,cash on delivery,new,north,579.99,9,64.44333333333333,92
CUST_161,INV_1701,2024-04-11,114.83,home,upi,loyal,north,788.74,12,65.72833333333334,173
CUST_379,INV_1702,2024-03-27,144.56,books,cash on delivery,loyal,north,961.96,11,87.4509090909091,168
CUST_992,INV_1703,2024-02-21,183.17,books,upi,new,north,1168.02,12,97.335,121
CUST_86,INV_1704,2024-03-20,34.56,clothing,credit card,loyal,south,824.3199999999999,11,74.93818181818182,145
CUST_54,INV_1705,2024-05-14,267.41,home,credit card,new,east,415.2,6,69.2,154
CUST_475,INV_1706,2024-01-22,80.51,electronics,upi,loyal,east,2205.11,13,169.62384615384616,162
CUST_799,INV_1707,2024-03-15,119.25,books,upi,new,west,1536.08,16,96.005,175
CUST_177,INV_1708,2024-02-27,90.82,home,upi,new,west,1067.21,8,133.40125,124
CUST_390,INV_1709,2024-04-02,13.1,clothing,credit card,loyal,west,1193.3,11,108.48181818181818,157
CUST_348,INV_1710,2024-04-12,329.99,beauty,upi,loyal,north,1574.46,13,121.1123076923077,126
CUST_7,INV_1711,2024-05-19,13.11,home,credit card,loyal,north,1709.73,13,131.5176923076923,164
CUST_832,INV_1712,2024-01-07,29.42,electronics,credit card,returning,east,1070.51,14,76.465,169
CUST_312,INV_1713,2024-05-07,168.0,books,upi,returning,north,1643.46,13,126.42,152
CUST_758,INV_1714,2024-02-24,96.39,beauty,upi,loyal,east,1520.67,12,126.72250000000001,150
CUST_834,INV_1715,2024-04-15,182.11,clothing,upi,loyal,west,1355.99,11,123.27181818181818,143
CUST_983,INV_1716,2024-03-02,72.51,electronics,credit card,loyal,east,1420.05,15,94.67,178
CUST_982,INV_1717,2024-03-30,47.32,beauty,debit card,loyal,north,1381.64,11,125.60363636363637,138
CUST_442,INV_1718,2024-04-07,254.91,clothing,upi,new,east,1684.2,14,120.3,146
CUST_766,INV_1719,2024-03-17,3.69,electronics,debit card,returning,east,656.89,8,82.11125,160
CUST_327,INV_1720,2024-04-28,193.88,books,debit card,loyal,east,526.98,7,75.28285714285714,169
CUST_53,INV_1721,2024-02-05,26.24,clothing,debit card,returning,north,1002.76,12,83.56333333333333,144
CUST_760,INV_1722,2024-03-29,188.87,beauty,cash on delivery,returning,south,1743.15,12,145.26250000000002,141
CUST_238,INV_1723,2024-05-31,14.99,electronics,debit card,new,west,1383.87,12,115.32249999999999,130
CUST_228,INV_1724,2024-06-20,86.8,home,debit card,loyal,south,1295.1399999999999,14,92.50999999999999,145
CUST_578,INV_1725,2024-05-24,219.02,electronics,credit card,returning,south,803.99,8,100.49875,138
CUST_50,INV_1726,2024-05-09,64.16,beauty,cash on delivery,new,south,1402.2,8,175.275,128
CUST_608,INV_1727,2024-05-20,137.27,beauty,credit card,loyal,south,732.59,9,81.39888888888889,158
CUST_603,INV_1728,2024-06-07,163.31,home,credit card,loyal,north,534.06,10,53.40599999999999,117
CUST_263,INV_1729,2024-04-02,133.37,beauty,debit card,returning,north,1411.37,8,176.42125,87
CUST_417,INV_1730,2024-04-23,259.47,electronics,credit card,new,south,1103.4,6,183.9,128
CUST_802,INV_1731,2024-01-28,59.21,clothing,upi,new,south,1426.79,12,118.89916666666666,159
CUST_95,INV_1732,2024-06-03,19.01,electronics,debit card,new,east,922.15,11,83.83181818181818,172
CUST_87,INV_1733,2024-05-22,4.9,beauty,upi,new,east,869.63,11,79.05727272727273,164
CUST_77,INV_1734,2024-02-02,28.3,home,debit card,loyal,west,547.69,10,54.769000000000005,140
CUST_287,INV_1735,2024-01-20,15.45,home,debit card,returning,west,1150.8600000000001,13,88.52769230769232,152
CUST_119,INV_1736,2024-06-18,81.63,books,debit card,returning,west,1011.79,11,91.9809090909091,163
CUST_813,INV_1737,2024-05-19,20.45,home,cash on delivery,new,east,432.77,10,43.277,173
CUST_490,INV_1738,2024-04-10,3.97,home,debit card,new,south,1049.44,11,95.40363636363637,179
CUST_911,INV_1739,2024-01-23,3.67,beauty,upi,new,south,835.55,14,59.68214285714286,154
CUST_451,INV_1740,2024-04-21,178.12,clothing,debit card,returning,west,920.62,11,83.69272727272727,161
CUST_499,INV_1741,2024-01-14,89.51,clothing,debit card,loyal,west,727.19,14,51.94214285714286,170
CUST_164,INV_1742,2024-03-31,44.33,beauty,credit card,loyal,north,633.75,10,63.375,164
CUST_181,INV_1743,2024-06-01,224.65,home,debit card,new,west,1221.8700000000001,12,101.8225,149
CUST_468,INV_1744,2024-03-17,7.28,electronics,debit card,loyal,east,428.27,7,61.18142857142857,169
CUST_909,INV_1745,2024-03-25,392.83,clothing,debit card,loyal,east,1021.12,7,145.87428571428572,160
CUST_734,INV_1746,2024-04-18,95.79,beauty,debit card,returning,west,1246.28,10,124.628,150
CUST_822,INV_1747,2024-01-31,20.27,electronics,debit card,new,west,404.05,7,57.721428571428575,97
CUST_943,INV_1748,2024-05-01,113.65,home,debit card,loyal,north,740.44,11,67.31272727272727,136
CUST_977,INV_1749,2024-04-16,144.13,beauty,cash on delivery,new,north,804.0,9,89.33333333333333,111
CUST_6,INV_1750,2024-02-23,56.1,clothing,upi,new,north,1140.84,11,103.71272727272726,176
CUST_329,INV_1751,2024-05-12,197.78,electronics,cash on delivery,loyal,east,1777.21,10,177.721,163
CUST_774,INV_1752,2024-05-20,16.34,electronics,upi,returning,north,500.69,5,100.138,114
CUST_672,INV_1753,2024-06-04,32.69,clothing,cash on delivery,loyal,south,832.29,10,83.229,127
CUST_150,INV_1754,2024-02-12,9.82,electronics,debit card,returning,south,671.38,7,95.91142857142857,151
CUST_84,INV_1755,2024-03-29,23.68,clothing,cash on delivery,loyal,south,715.28,8,89.41,97
CUST_146,INV_1756,2024-04-24,27.28,beauty,upi,new,north,1396.88,13,107.4523076923077,172
CUST_623,INV_1757,2024-04-08,249.66,books,credit card,returning,east,1397.65,9,155.29444444444445,144
CUST_380,INV_1758,2024-02-16,8.13,home,credit card,returning,east,1306.4,14,93.31428571428572,144
CUST_914,INV_1759,2024-03-11,55.76,beauty,debit card,new,north,1795.96,18,99.77555555555556,170
CUST_547,INV_1760,2024-06-14,76.01,home,debit card,loyal,west,1250.64,10,125.06400000000001,162
CUST_284,INV_1761,2024-03-07,228.96,home,upi,returning,west,901.05,11,81.91363636363636,142
CUST_699,INV_1762,2024-03-02,607.32,clothing,credit card,loyal,north,2424.12,16,151.5075,174
CUST_81,INV_1763,2024-04-18,139.99,books,debit card,loyal,east,954.4300000000001,11,86.76636363636364,115
CUST_513,INV_1764,2024-06-15,353.33,home,cash on delivery,loyal,south,1542.87,9,171.42999999999998,138
CUST_896,INV_1765,2024-02-06,154.69,home,cash on delivery,new,west,1162.97,13,89.45923076923077,154
CUST_814,INV_1766,2024-04-28,330.23,beauty,credit card,loyal,south,1539.8899999999999,11,139.98999999999998,166
CUST_708,INV_1767,2024-03-26,122.85,books,upi,new,east,1246.67,11,113.33363636363637,127
CUST_915,INV_1768,2024-05-05,8.31,books,debit card,returning,west,779.0500000000001,9,86.56111111111112,125
CUST_522,INV_1769,2024-05-15,51.4,home,debit card,loyal,north,659.8299999999999,11,59.98454545454545,165
CUST_745,INV_1770,2024-02-21,104.01,books,debit card,returning,south,789.68,7,112.81142857142856,163
CUST_385,INV_1771,2024-03-31,43.19,beauty,credit card,loyal,south,1210.29,13,93.09923076923077,157
CUST_706,INV_1772,2024-02-02,31.94,clothing,cash on delivery,returning,south,110.28,5,22.056,104
CUST_470,INV_1773,2024-03-21,86.13,home,upi,new,north,1379.5900000000001,17,81.15235294117647,166
CUST_118,INV_1774,2024-02-11,271.06,electronics,credit card,returning,north,919.75,9,102.19444444444444,146
CUST_395,INV_1775,2024-04-21,3.56,home,credit card,returning,south,394.9,7,56.41428571428571,154
CUST_531,INV_1776,2024-05-05,146.63,home,debit card,loyal,north,972.35,11,88.39545454545454,123
CUST_260,INV_1777,2024-06-03,128.28,clothing,cash on delivery,loyal,west,1024.5,10,102.45,157
CUST_804,INV_1778,2024-05-15,332.29,electronics,upi,loyal,east,1903.26,13,146.4046153846154,150
CUST_933,INV_1779,2024-05-30,266.95,electronics,upi,loyal,west,816.76,11,74.25090909090909,151
CUST_255,INV_1780,2024-04-15,143.65,electronics,debit card,new,north,1107.01,10,110.701,101
CUST_733,INV_1781,2024-05-04,73.48,clothing,upi,returning,east,988.9300000000001,12,82.41083333333334,94
CUST_904,INV_1782,2024-04-22,22.85,books,cash on delivery,returning,south,1353.9,11,123.08181818181819,166
CUST_225,INV_1783,2024-03-04,78.8,electronics,debit card,new,south,1552.4299999999998,13,119.41769230769229,158
CUST_52,INV_1784,2024-05-02,144.97,books,debit card,returning,east,946.78,11,86.07090909090908,140
CUST_939,INV_1785,2024-04-23,226.02,beauty,cash on delivery,loyal,west,1461.0900000000001,15,97.406,141
CUST_866,INV_1786,2024-01-20,155.93,clothing,upi,loyal,south,927.96,11,84.36,149
CUST_499,INV_1787,2024-01-16,21.72,books,cash on delivery,loyal,south,727.19,14,51.94214285714286,170
CUST_505,INV_1788,2024-05-24,91.55,electronics,upi,returning,south,1616.42,10,161.642,94
CUST_853,INV_1789,2024-01-19,40.37,electronics,upi,new,north,665.79,9,73.97666666666666,154
CUST_363,INV_1790,2024-04-29,0.92,books,upi,new,west,1494.74,16,93.42125,141
CUST_279,INV_1791,2024-05-15,22.34,books,cash on delivery,returning,north,696.17,7,99.45285714285714,162
CUST_592,INV_1792,2024-06-14,12.02,beauty,cash on delivery,new,east,1160.55,8,145.06875,97
CUST_713,INV_1793,2024-02-07,184.97,clothing,credit card,new,east,902.01,11,82.00090909090909,163
CUST_157,INV_1794,2024-04-02,29.91,home,cash on delivery,loyal,north,180.45,5,36.089999999999996,165
CUST_631,INV_1795,2024-04-14,33.51,beauty,debit card,returning,south,334.24,7,47.74857142857143,129
CUST_58,INV_1796,2024-04-09,321.73,beauty,debit card,new,north,1328.9,14,94.92142857142858,150
CUST_726,INV_1797,2024-03-30,47.66,beauty,debit card,returning,west,1882.9499999999998,14,134.49642857142857,160
CUST_127,INV_1798,2024-06-07,0.96,electronics,debit card,loyal,south,1051.28,13,80.86769230769231,162
CUST_735,INV_1799,2024-02-13,33.39,books,credit card,loyal,east,1179.4,14,84.24285714285715,156
CUST_720,INV_1800,2024-03-16,12.7,clothing,cash on delivery,new,west,1024.62,11,93.14727272727272,116
CUST_881,INV_1801,2024-05-24,10.85,electronics,cash on delivery,returning,east,900.24,9,100.02666666666667,79
CUST_114,INV_1802,2024-03-19,8.07,beauty,upi,returning,west,583.08,7,83.29714285714286,117
CUST_208,INV_1803,2024-03-13,89.96,clothing,cash on delivery,loyal,west,691.4,10,69.14,156
CUST_525,INV_1804,2024-06-15,20.99,electronics,upi,loyal,west,1304.45,15,86.96333333333334,174
CUST_520,INV_1805,2024-06-18,44.82,home,upi,loyal,east,1246.13,10,124.61300000000001,137
CUST_551,INV_1806,2024-06-24,198.06,beauty,debit card,new,north,567.21,6,94.53500000000001,162
CUST_961,INV_1807,2024-05-19,55.22,electronics,credit card,returning,north,792.14,15,52.809333333333335,165
CUST_236,INV_1808,2024-04-05,247.33,electronics,credit card,new,south,1333.49,14,95.24928571428572,169
CUST_280,INV_1809,2024-03-29,68.9,beauty,cash on delivery,returning,east,725.73,7,103.67571428571429,162
CUST_358,INV_1810,2024-04-12,50.89,home,upi,loyal,south,1136.22,8,142.0275,133
CUST_200,INV_1811,2024-05-25,138.79,books,debit card,new,south,1145.51,15,76.36733333333333,178
CUST_757,INV_1812,2024-01-06,7.6,home,upi,new,west,1097.94,17,64.58470588235295,170
CUST_277,INV_1813,2024-05-01,9.37,beauty,debit card,new,west,620.09,13,47.69923076923077,170
CUST_234,INV_1814,2024-06-19,105.55,books,upi,loyal,north,658.28,10,65.828,156
CUST_493,INV_1815,2024-04-25,66.74,electronics,cash on delivery,new,north,1712.71,17,100.74764705882353,171
CUST_3,INV_1816,2024-06-11,156.26,home,cash on delivery,new,south,433.44,5,86.688,143
CUST_665,INV_1817,2024-03-02,248.02,home,upi,loyal,south,1727.89,15,115.19266666666667,146
CUST_441,INV_1818,2024-05-23,49.16,books,credit card,returning,south,1047.24,12,87.27,141
CUST_28,INV_1819,2024-05-15,90.74,electronics,debit card,new,north,559.96,11,50.905454545454546,136
CUST_108,INV_1820,2024-03-29,69.45,home,credit card,loyal,south,1502.8700000000001,15,100.19133333333335,150
CUST_609,INV_1821,2024-04-05,399.6,books,credit card,new,north,2235.26,16,139.70375,177
CUST_726,INV_1822,2024-05-05,177.84,home,upi,new,east,1882.9499999999998,14,134.49642857142857,160
CUST_804,INV_1823,2024-03-30,242.74,electronics,debit card,returning,east,1903.26,13,146.4046153846154,150
CUST_74,INV_1824,2024-03-26,29.35,electronics,debit card,loyal,south,1455.28,16,90.955,150
CUST_837,INV_1825,2024-06-07,148.07,clothing,cash on delivery,returning,north,747.28,9,83.0311111111111,122
CUST_145,INV_1826,2024-05-17,30.85,books,upi,returning,east,854.13,11,77.64818181818181,159
CUST_127,INV_1827,2024-04-30,23.41,beauty,upi,loyal,north,1051.28,13,80.86769230769231,162
CUST_852,INV_1828,2024-03-16,288.72,home,upi,returning,north,1323.13,13,101.77923076923078,126
CUST_41,INV_1829,2024-04-01,1.95,electronics,cash on delivery,new,east,1050.08,9,116.67555555555555,161
CUST_355,INV_1830,2024-03-10,336.36,home,cash on delivery,loyal,south,1291.94,10,129.19400000000002,158
CUST_40,INV_1831,2024-05-27,16.17,home,debit card,loyal,south,1247.77,12,103.98083333333334,177
CUST_933,INV_1832,2024-05-12,171.17,beauty,cash on delivery,new,east,816.76,11,74.25090909090909,151
CUST_33,INV_1833,2024-01-23,32.29,electronics,upi,new,west,463.83,4,115.9575,110
CUST_16,INV_1834,2024-05-16,43.19,clothing,upi,new,north,875.55,13,67.35,151
CUST_676,INV_1835,2024-02-27,24.43,books,credit card,returning,west,487.63,7,69.66142857142857,144
CUST_152,INV_1836,2024-02-15,88.07,home,cash on delivery,returning,south,595.8299999999999,8,74.47874999999999,124
CUST_997,INV_1837,2024-01-22,42.79,beauty,upi,returning,north,651.48,7,93.06857142857143,124
CUST_377,INV_1838,2024-01-08,107.12,beauty,upi,returning,east,1043.45,13,80.26538461538462,166
CUST_587,INV_1839,2024-05-02,1.58,books,debit card,returning,south,1142.67,14,81.61928571428572,176
CUST_598,INV_1840,2024-01-20,6.65,books,cash on delivery,returning,south,1016.04,9,112.89333333333333,119
CUST_628,INV_1841,2024-06-27,10.5,electronics,upi,loyal,south,1068.54,11,97.14,153
CUST_873,INV_1842,2024-03-18,54.3,home,debit card,loyal,east,468.77,6,78.12833333333333,127
CUST_341,INV_1843,2024-02-08,168.63,home,credit card,loyal,east,1885.17,11,171.3790909090909,147
CUST_980,INV_1844,2024-02-06,219.08,books,credit card,loyal,west,1345.78,11,122.34363636363636,143
CUST_26,INV_1845,2024-06-26,28.08,clothing,debit card,loyal,east,591.45,8,73.93125,155
CUST_824,INV_1846,2024-06-10,85.42,home,cash on delivery,loyal,west,2560.0699999999997,19,134.74052631578945,159
CUST_286,INV_1847,2024-03-15,146.26,beauty,upi,returning,north,1970.11,12,164.17583333333332,155
CUST_645,INV_1848,2024-04-27,34.08,books,cash on delivery,loyal,north,1134.8,12,94.56666666666666,158
CUST_730,INV_1849,2024-04-13,52.6,home,debit card,new,north,618.28,10,61.827999999999996,120
CUST_167,INV_1850,2024-06-09,74.23,electronics,upi,loyal,south,1408.6799999999998,11,128.06181818181815,154
CUST_609,INV_1851,2024-01-31,14.49,books,upi,new,south,2235.26,16,139.70375,177
CUST_267,INV_1852,2024-05-02,2.63,beauty,upi,new,south,1714.25,16,107.140625,141
CUST_748,INV_1853,2024-02-23,16.58,electronics,cash on delivery,loyal,east,1357.18,13,104.39846153846155,125
CUST_820,INV_1854,2024-06-20,98.58,books,cash on delivery,returning,east,655.62,7,93.66,174
CUST_454,INV_1855,2024-02-03,7.65,books,debit card,returning,west,1356.76,14,96.91142857142857,178
CUST_905,INV_1856,2024-05-01,21.03,home,credit card,new,south,1365.3600000000001,11,124.12363636363638,133
CUST_684,INV_1857,2024-04-22,41.23,electronics,debit card,returning,east,2119.79,18,117.76611111111112,175
CUST_400,INV_1858,2024-03-02,8.11,books,upi,new,north,2887.32,18,160.40666666666667,165
CUST_921,INV_1859,2024-01-23,21.28,beauty,debit card,returning,north,1084.65,8,135.58125,156
CUST_980,INV_1860,2024-02-15,242.22,electronics,credit card,returning,east,1345.78,11,122.34363636363636,143
CUST_475,INV_1861,2024-02-25,1.95,home,debit card,returning,north,2205.11,13,169.62384615384616,162
CUST_701,INV_1862,2024-05-14,105.97,clothing,credit card,returning,north,1062.53,11,96.59363636363636,125
CUST_633,INV_1863,2024-04-27,48.52,books,credit card,loyal,west,1314.47,13,101.11307692307693,161
CUST_557,INV_1864,2024-05-10,111.67,clothing,upi,loyal,north,1240.24,14,88.58857142857143,126
CUST_575,INV_1865,2024-06-14,88.84,books,credit card,loyal,south,542.46,8,67.8075,137
CUST_129,INV_1866,2024-06-10,25.3,home,cash on delivery,new,east,1389.36,17,81.7270588235294,163
CUST_821,INV_1867,2024-04-22,187.87,home,debit card,loyal,east,2552.8,18,141.82222222222222,162
CUST_362,INV_1868,2024-02-13,67.72,home,debit card,loyal,south,1155.73,12,96.31083333333333,167
CUST_704,INV_1869,2024-05-07,172.9,home,cash on delivery,loyal,north,591.02,4,147.755,109
CUST_818,INV_1870,2024-04-17,52.09,electronics,cash on delivery,returning,west,736.22,10,73.622,148
CUST_692,INV_1871,2024-06-06,417.9,electronics,upi,returning,west,2789.69,17,164.09941176470588,153
CUST_291,INV_1872,2024-01-17,147.18,books,debit card,returning,south,627.5,6,104.58333333333333,116
CUST_370,INV_1873,2024-02-28,337.99,electronics,cash on delivery,returning,north,1717.41,10,171.741,145
CUST_793,INV_1874,2024-05-17,72.22,books,upi,returning,south,1227.72,15,81.848,141
CUST_28,INV_1875,2024-04-08,64.19,electronics,debit card,loyal,west,559.96,11,50.905454545454546,136
CUST_148,INV_1876,2024-03-24,140.84,electronics,debit card,loyal,north,1127.95,11,102.5409090909091,178
CUST_778,INV_1877,2024-05-25,212.27,electronics,cash on delivery,returning,south,1093.84,13,84.14153846153846,154
CUST_295,INV_1878,2024-02-14,332.83,beauty,credit card,returning,south,1865.1,14,133.22142857142856,162
CUST_10,INV_1879,2024-04-17,39.24,home,credit card,loyal,north,347.41,6,57.90166666666667,151
CUST_511,INV_1880,2024-03-02,160.3,beauty,cash on delivery,loyal,west,820.69,8,102.58625,138
CUST_675,INV_1881,2024-02-28,23.65,electronics,credit card,returning,north,1513.6100000000001,13,116.43153846153847,143
CUST_112,INV_1882,2024-06-25,78.87,electronics,debit card,new,west,2010.72,18,111.70666666666666,160
CUST_186,INV_1883,2024-06-08,19.83,beauty,upi,returning,east,943.8199999999999,12,78.65166666666666,161
CUST_806,INV_1884,2024-05-17,42.68,books,upi,loyal,west,1409.26,10,140.926,157
CUST_743,INV_1885,2024-01-11,267.89,home,cash on delivery,new,west,1296.94,8,162.1175,106
CUST_226,INV_1886,2024-04-11,15.79,books,upi,returning,east,1139.4,13,87.64615384615385,178
CUST_309,INV_1887,2024-03-10,100.08,home,cash on delivery,loyal,south,643.33,8,80.41625,164
CUST_97,INV_1888,2024-05-02,89.88,clothing,credit card,loyal,south,1315.1100000000001,9,146.12333333333333,161
CUST_54,INV_1889,2024-06-23,12.87,home,debit card,loyal,west,415.2,6,69.2,154
CUST_622,INV_1890,2024-02-03,39.45,books,credit card,returning,east,904.56,11,82.23272727272727,146
CUST_663,INV_1891,2024-04-10,82.78,home,cash on delivery,returning,east,2021.0,17,118.88235294117646,152
CUST_757,INV_1892,2024-05-24,20.72,clothing,debit card,new,north,1097.94,17,64.58470588235295,170
CUST_405,INV_1893,2024-04-13,161.26,clothing,debit card,loyal,west,2154.2200000000003,9,239.3577777777778,137
CUST_68,INV_1894,2024-02-09,358.12,electronics,debit card,loyal,east,1342.35,15,89.49,125
CUST_311,INV_1895,2024-01-19,24.18,clothing,credit card,new,south,408.44,6,68.07333333333334,73
CUST_288,INV_1896,2024-03-07,20.69,beauty,debit card,returning,east,1444.41,15,96.29400000000001,150
CUST_761,INV_1897,2024-03-22,60.69,books,credit card,loyal,east,890.0999999999999,9,98.89999999999999,163
CUST_547,INV_1898,2024-03-04,137.74,beauty,credit card,new,east,1250.64,10,125.06400000000001,162
CUST_750,INV_1899,2024-03-23,33.07,beauty,debit card,loyal,east,1289.12,13,99.16307692307691,171
CUST_147,INV_1900,2024-02-16,2.01,books,cash on delivery,returning,south,897.03,11,81.54818181818182,162
CUST_466,INV_1901,2024-01-06,77.92,beauty,debit card,returning,east,1071.0,12,89.25,111
CUST_738,INV_1902,2024-01-16,313.73,beauty,debit card,new,west,1133.27,11,103.02454545454545,169
CUST_243,INV_1903,2024-05-25,49.64,beauty,credit card,new,east,698.72,6,116.45333333333333,125
CUST_490,INV_1904,2024-06-28,54.5,clothing,debit card,loyal,south,1049.44,11,95.40363636363637,179
CUST_848,INV_1905,2024-06-24,347.06,books,cash on delivery,returning,west,2094.2799999999997,16,130.89249999999998,147
CUST_957,INV_1906,2024-06-19,118.62,books,debit card,returning,east,1402.95,15,93.53,149
CUST_506,INV_1907,2024-02-08,127.0,books,cash on delivery,new,south,770.7,7,110.10000000000001,143
CUST_364,INV_1908,2024-06-25,82.71,beauty,upi,new,west,1129.3899999999999,9,125.48777777777777,175
CUST_481,INV_1909,2024-04-22,367.34,clothing,upi,loyal,east,1460.54,10,146.054,141
CUST_200,INV_1910,2024-05-19,116.75,books,upi,returning,east,1145.51,15,76.36733333333333,178
CUST_153,INV_1911,2024-05-17,225.41,home,debit card,loyal,east,2354.16,19,123.90315789473684,138
CUST_449,INV_1912,2024-03-11,120.19,books,credit card,loyal,west,1535.53,15,102.36866666666667,160
CUST_500,INV_1913,2024-04-19,132.85,electronics,cash on delivery,new,north,647.19,8,80.89875,133
CUST_72,INV_1914,2024-02-24,34.31,home,upi,returning,east,2477.25,19,130.3815789473684,176
CUST_712,INV_1915,2024-05-08,36.17,books,cash on delivery,new,south,691.0600000000001,6,115.17666666666668,77
CUST_295,INV_1916,2024-02-18,152.78,beauty,credit card,loyal,north,1865.1,14,133.22142857142856,162
CUST_16,INV_1917,2024-06-12,35.2,books,cash on delivery,loyal,east,875.55,13,67.35,151
CUST_640,INV_1918,2024-01-21,82.73,clothing,cash on delivery,returning,south,1006.74,7,143.82,112
CUST_216,INV_1919,2024-02-06,28.68,clothing,upi,returning,east,1413.6200000000001,12,117.80166666666668,124
CUST_60,INV_1920,2024-04-25,169.82,books,cash on delivery,returning,south,821.67,7,117.38142857142857,159
CUST_938,INV_1921,2024-01-24,11.71,beauty,upi,returning,east,690.6800000000001,10,69.06800000000001,147
CUST_615,INV_1922,2024-02-24,176.87,beauty,credit card,new,south,1607.96,11,146.17818181818183,125
CUST_41,INV_1923,2024-01-25,92.31,beauty,upi,new,south,1050.08,9,116.67555555555555,161
CUST_24,INV_1924,2024-05-14,20.69,books,cash on delivery,new,north,1497.66,16,93.60375,163
CUST_38,INV_1925,2024-05-06,78.1,books,credit card,new,north,1482.14,19,78.00736842105263,161
CUST_802,INV_1926,2024-04-02,33.2,electronics,debit card,loyal,west,1426.79,12,118.89916666666666,159
CUST_130,INV_1927,2024-04-03,39.08,clothing,debit card,new,south,663.9599999999999,10,66.39599999999999,143
CUST_497,INV_1928,2024-03-11,43.31,home,credit card,new,south,1045.63,8,130.70375,152
CUST_228,INV_1929,2024-05-01,6.54,home,credit card,returning,north,1295.1399999999999,14,92.50999999999999,145
CUST_107,INV_1930,2024-01-24,426.6,clothing,cash on delivery,loyal,west,1401.55,10,140.155,176
CUST_171,INV_1931,2024-01-11,3.2,electronics,debit card,new,south,550.38,10,55.038,125
CUST_434,INV_1932,2024-03-13,108.62,clothing,credit card,loyal,east,1873.11,16,117.069375,161
CUST_477,INV_1933,2024-01-12,46.4,electronics,debit card,loyal,east,772.8199999999999,7,110.40285714285713,171
CUST_101,INV_1934,2024-02-04,103.85,electronics,debit card,loyal,west,642.11,11,58.373636363636365,156
CUST_865,INV_1935,2024-05-20,44.04,beauty,cash on delivery,loyal,south,636.91,13,48.99307692307692,136
CUST_523,INV_1936,2024-01-23,112.01,clothing,credit card,returning,south,1222.61,11,111.14636363636363,172
CUST_274,INV_1937,2024-03-23,130.65,home,upi,returning,north,652.3000000000001,6,108.71666666666668,123
CUST_612,INV_1938,2024-06-15,117.3,books,credit card,loyal,north,1710.26,16,106.89125,177
CUST_43,INV_1939,2024-03-28,12.1,books,debit card,loyal,south,1212.72,10,121.272,135
CUST_954,INV_1940,2024-03-20,106.97,clothing,upi,loyal,east,1420.93,11,129.17545454545456,150
CUST_816,INV_1941,2024-04-06,32.85,books,upi,returning,north,870.73,13,66.97923076923077,147
CUST_956,INV_1942,2024-05-19,2.92,electronics,debit card,returning,east,1002.25,9,111.36111111111111,128
CUST_16,INV_1943,2024-02-03,53.59,books,upi,loyal,east,875.55,13,67.35,151
CUST_329,INV_1944,2024-03-15,56.84,electronics,upi,loyal,east,1777.21,10,177.721,163
CUST_568,INV_1945,2024-06-07,62.96,electronics,credit card,loyal,east,368.41,8,46.05125,172
CUST_822,INV_1946,2024-05-07,122.02,home,debit card,loyal,west,404.05,7,57.721428571428575,97
CUST_496,INV_1947,2024-05-20,36.94,books,cash on delivery,returning,west,876.26,11,79.66,159
CUST_814,INV_1948,2024-01-31,37.87,home,upi,new,north,1539.8899999999999,11,139.98999999999998,166
CUST_11,INV_1949,2024-05-09,6.25,books,debit card,new,south,2019.26,18,112.18111111111111,160
CUST_317,INV_1950,2024-04-12,116.1,electronics,credit card,returning,west,2119.2799999999997,16,132.45499999999998,166
CUST_591,INV_1951,2024-01-15,83.89,books,credit card,returning,south,963.76,6,160.62666666666667,104
CUST_215,INV_1952,2024-02-26,42.99,home,credit card,new,north,1566.6299999999999,12,130.55249999999998,135
CUST_338,INV_1953,2024-03-15,122.14,beauty,upi,new,east,1012.3600000000001,9,112.48444444444446,154
CUST_775,INV_1954,2024-02-03,77.08,home,cash on delivery,new,south,1331.75,19,70.09210526315789,129
CUST_990,INV_1955,2024-04-12,63.35,beauty,credit card,loyal,west,1127.03,8,140.87875,141
CUST_660,INV_1956,2024-03-15,71.61,clothing,cash on delivery,new,south,1775.47,16,110.966875,162
CUST_80,INV_1957,2024-01-29,101.16,home,debit card,new,west,786.99,8,98.37375,175
CUST_726,INV_1958,2024-01-16,107.88,books,credit card,loyal,south,1882.9499999999998,14,134.49642857142857,160
CUST_484,INV_1959,2024-06-15,34.1,beauty,upi,loyal,west,1281.8899999999999,16,80.11812499999999,162
CUST_373,INV_1960,2024-03-17,15.17,books,credit card,returning,east,597.16,8,74.645,112
CUST_975,INV_1961,2024-02-06,17.04,beauty,upi,loyal,south,646.1899999999999,9,71.79888888888888,171
CUST_709,INV_1962,2024-03-21,102.0,home,debit card,new,north,1134.6100000000001,11,103.14636363636365,147
CUST_199,INV_1963,2024-05-28,206.26,home,cash on delivery,loyal,south,813.37,6,135.56166666666667,157
CUST_536,INV_1964,2024-06-20,52.68,books,cash on delivery,returning,west,2514.01,16,157.125625,170
CUST_465,INV_1965,2024-05-03,18.58,home,cash on delivery,new,south,396.40999999999997,7,56.629999999999995,137
CUST_88,INV_1966,2024-01-19,141.31,books,credit card,returning,north,1012.77,8,126.59625,155
CUST_267,INV_1967,2024-04-11,178.67,electronics,credit card,returning,east,1714.25,16,107.140625,141
CUST_654,INV_1968,2024-05-15,212.51,beauty,debit card,returning,south,1045.21,10,104.521,156
CUST_570,INV_1969,2024-03-17,93.35,books,cash on delivery,loyal,east,1121.49,14,80.10642857142857,155
CUST_921,INV_1970,2024-02-10,197.13,beauty,debit card,loyal,east,1084.65,8,135.58125,156
CUST_488,INV_1971,2024-03-01,1.55,electronics,upi,returning,east,1247.72,11,113.42909090909092,117
CUST_876,INV_1972,2024-01-26,11.34,beauty,credit card,returning,west,1446.61,14,103.3292857142857,158
CUST_537,INV_1973,2024-03-11,9.71,books,cash on delivery,returning,south,949.47,11,86.31545454545454,160
CUST_46,INV_1974,2024-04-12,124.69,home,credit card,returning,south,1456.6399999999999,12,121.38666666666666,150
CUST_287,INV_1975,2024-03-10,7.21,beauty,cash on delivery,loyal,north,1150.8600000000001,13,88.52769230769232,152
CUST_777,INV_1976,2024-04-16,68.59,beauty,cash on delivery,loyal,east,627.48,11,57.04363636363637,172
CUST_15,INV_1977,2024-06-05,64.0,electronics,credit card,returning,west,761.0699999999999,8,95.13374999999999,138
CUST_710,INV_1978,2024-04-16,37.21,clothing,credit card,loyal,west,477.51,6,79.585,132
CUST_400,INV_1979,2024-04-12,204.33,home,debit card,new,north,2887.32,18,160.40666666666667,165
CUST_918,INV_1980,2024-01-19,18.69,books,credit card,loyal,south,1603.97,14,114.56928571428571,169
CUST_793,INV_1981,2024-03-08,43.46,electronics,credit card,returning,south,1227.72,15,81.848,141
CUST_980,INV_1982,2024-03-10,148.8,books,credit card,loyal,west,1345.78,11,122.34363636363636,143
CUST_85,INV_1983,2024-04-22,3.09,books,upi,new,west,780.99,11,70.99909090909091,156
CUST_249,INV_1984,2024-02-26,111.76,beauty,upi,new,north,321.73,8,40.21625,109
CUST_390,INV_1985,2024-06-13,169.5,electronics,upi,loyal,west,1193.3,11,108.48181818181818,157
CUST_781,INV_1986,2024-03-01,269.22,electronics,debit card,new,west,627.52,5,125.50399999999999,162
CUST_334,INV_1987,2024-04-01,208.99,home,debit card,new,north,1143.87,11,103.98818181818181,133
CUST_628,INV_1988,2024-01-30,38.48,clothing,cash on delivery,loyal,east,1068.54,11,97.14,153
CUST_518,INV_1989,2024-06-01,88.28,books,debit card,loyal,west,1608.16,10,160.816,168
CUST_136,INV_1990,2024-05-06,8.04,home,credit card,loyal,south,1410.93,14,100.7807142857143,166
CUST_882,INV_1991,2024-04-24,29.82,home,cash on delivery,returning,east,1199.94,15,79.99600000000001,156
CUST_687,INV_1992,2024-01-06,9.9,books,credit card,returning,west,1128.25,12,94.02083333333333,89
CUST_839,INV_1993,2024-01-18,37.86,beauty,cash on delivery,new,east,1780.11,16,111.256875,135
CUST_497,INV_1994,2024-01-10,208.09,beauty,debit card,new,west,1045.63,8,130.70375,152
CUST_826,INV_1995,2024-04-01,42.64,books,upi,loyal,south,1230.2,9,136.6888888888889,163
CUST_726,INV_1996,2024-05-18,82.53,electronics,credit card,new,west,1882.9499999999998,14,134.49642857142857,160
CUST_476,INV_1997,2024-03-17,56.81,clothing,cash on delivery,loyal,south,1088.04,15,72.536,158
CUST_593,INV_1998,2024-04-10,61.42,beauty,upi,returning,west,816.65,10,81.66499999999999,122
CUST_222,INV_1999,2024-03-24,349.24,clothing,credit card,loyal,west,1302.41,12,108.53416666666668,170
CUST_989,INV_2000,2024-02-21,35.12,home,credit card,new,east,1160.0,12,96.66666666666667,120
CUST_371,INV_2001,2024-01-31,98.7,home,upi,loyal,north,502.57,5,100.514,88
CUST_934,INV_2002,2024-05-24,54.48,books,debit card,loyal,south,807.47,10,80.747,136
CUST_994,INV_2003,2024-04-19,6.31,books,upi,loyal,east,440.69,7,62.955714285714286,154
CUST_401,INV_2004,2024-04-02,67.2,books,debit card,new,north,584.6600000000001,8,73.08250000000001,166
CUST_442,INV_2005,2024-06-12,167.85,beauty,cash on delivery,loyal,east,1684.2,14,120.3,146
CUST_489,INV_2006,2024-06-02,10.4,clothing,debit card,loyal,south,1291.16,15,86.07733333333334,149
CUST_614,INV_2007,2024-02-22,7.21,home,cash on delivery,new,north,929.96,9,103.3288888888889,114
CUST_272,INV_2008,2024-05-24,16.68,clothing,cash on delivery,returning,north,1756.03,19,92.42263157894736,152
CUST_525,INV_2009,2024-03-26,144.56,beauty,cash on delivery,returning,north,1304.45,15,86.96333333333334,174
CUST_158,INV_2010,2024-06-01,128.73,clothing,cash on delivery,new,south,1210.0800000000002,9,134.45333333333335,138
CUST_151,INV_2011,2024-01-02,83.25,clothing,credit card,returning,south,537.1,7,76.72857142857143,173
CUST_994,INV_2012,2024-03-26,63.15,books,cash on delivery,loyal,east,440.69,7,62.955714285714286,154
CUST_619,INV_2013,2024-05-12,219.22,clothing,credit card,new,west,1679.21,13,129.17000000000002,165
CUST_187,INV_2014,2024-01-04,145.54,clothing,credit card,loyal,west,1219.84,15,81.32266666666666,140
CUST_812,INV_2015,2024-06-12,167.1,clothing,cash on delivery,loyal,west,1181.57,10,118.157,147
CUST_97,INV_2016,2024-01-06,167.81,electronics,debit card,new,west,1315.1100000000001,9,146.12333333333333,161
CUST_130,INV_2017,2024-05-28,102.92,home,debit card,loyal,east,663.9599999999999,10,66.39599999999999,143
CUST_804,INV_2018,2024-04-27,61.25,home,upi,new,south,1903.26,13,146.4046153846154,150
CUST_170,INV_2019,2024-03-29,200.01,clothing,credit card,loyal,east,2201.4,13,169.33846153846156,157
CUST_935,INV_2020,2024-06-02,260.38,books,credit card,returning,north,2032.24,18,112.90222222222222,169
CUST_985,INV_2021,2024-06-15,2.41,books,debit card,loyal,south,935.9300000000001,11,85.08454545454546,177
CUST_182,INV_2022,2024-06-09,5.29,books,credit card,loyal,south,1836.42,14,131.17285714285714,157
CUST_982,INV_2023,2024-01-14,318.79,home,debit card,new,west,1381.64,11,125.60363636363637,138
CUST_363,INV_2024,2024-02-25,32.46,beauty,upi,returning,east,1494.74,16,93.42125,141
CUST_38,INV_2025,2024-03-21,206.65,clothing,cash on delivery,loyal,west,1482.14,19,78.00736842105263,161
CUST_526,INV_2026,2024-05-28,49.23,home,cash on delivery,loyal,south,474.71,7,67.81571428571428,135
CUST_887,INV_2027,2024-02-15,12.68,books,cash on delivery,returning,west,1046.3799999999999,12,87.19833333333332,161
CUST_496,INV_2028,2024-05-23,8.39,home,upi,returning,north,876.26,11,79.66,159
CUST_515,INV_2029,2024-01-16,17.02,home,credit card,returning,south,884.47,13,68.03615384615385,165
CUST_348,INV_2030,2024-04-29,28.75,home,upi,returning,north,1574.46,13,121.1123076923077,126
CUST_981,INV_2031,2024-03-24,67.04,books,credit card,returning,south,770.97,8,96.37125,93
CUST_920,INV_2032,2024-06-05,120.9,beauty,credit card,loyal,west,1876.07,18,104.22611111111111,169
CUST_396,INV_2033,2024-01-08,429.76,electronics,cash on delivery,returning,south,1235.97,10,123.59700000000001,163
CUST_721,INV_2034,2024-03-28,58.25,clothing,debit card,returning,south,710.14,8,88.7675,161
CUST_160,INV_2035,2024-05-10,73.02,clothing,debit card,loyal,east,1260.26,17,74.13294117647058,158
CUST_15,INV_2036,2024-01-19,73.78,home,cash on delivery,new,east,761.0699999999999,8,95.13374999999999,138
CUST_492,INV_2037,2024-04-06,77.53,beauty,credit card,loyal,north,636.61,10,63.661,159
CUST_425,INV_2038,2024-03-06,72.93,books,upi,new,east,928.41,10,92.841,148
CUST_107,INV_2039,2024-03-19,0.88,electronics,cash on delivery,returning,south,1401.55,10,140.155,176
CUST_893,INV_2040,2024-03-26,0.17,electronics,cash on delivery,new,east,520.47,9,57.830000000000005,142
CUST_449,INV_2041,2024-05-03,10.28,home,upi,loyal,west,1535.53,15,102.36866666666667,160
CUST_310,INV_2042,2024-05-29,10.71,home,credit card,new,east,1082.74,9,120.30444444444444,153
CUST_738,INV_2043,2024-02-15,122.04,books,cash on delivery,new,north,1133.27,11,103.02454545454545,169
CUST_169,INV_2044,2024-04-22,22.93,books,cash on delivery,new,south,725.29,8,90.66125,177
CUST_545,INV_2045,2024-03-31,225.11,books,credit card,returning,west,707.49,11,64.31727272727272,143
CUST_413,INV_2046,2024-05-20,263.95,home,upi,loyal,west,1491.01,13,114.69307692307692,176
CUST_250,INV_2047,2024-02-02,372.53,beauty,upi,new,north,1687.99,12,140.66583333333332,171
CUST_758,INV_2048,2024-05-12,279.82,home,debit card,returning,east,1520.67,12,126.72250000000001,150
CUST_780,INV_2049,2024-03-17,31.73,home,debit card,loyal,south,1254.05,14,89.575,168
CUST_140,INV_2050,2024-06-03,71.29,electronics,upi,loyal,north,1463.55,14,104.53928571428571,160
CUST_273,INV_2051,2024-04-30,19.29,books,debit card,loyal,west,952.6199999999999,10,95.26199999999999,152
CUST_415,INV_2052,2024-05-07,164.1,clothing,debit card,loyal,west,1779.05,10,177.905,132
CUST_607,INV_2053,2024-03-18,219.31,books,credit card,returning,west,1399.46,12,116.62166666666667,143
CUST_738,INV_2054,2024-05-31,190.57,beauty,cash on delivery,loyal,north,1133.27,11,103.02454545454545,169
CUST_890,INV_2055,2024-03-07,56.8,beauty,debit card,new,west,2004.37,19,105.49315789473684,170
CUST_38,INV_2056,2024-04-24,142.16,books,debit card,loyal,south,1482.14,19,78.00736842105263,161
CUST_813,INV_2057,2024-03-03,10.27,books,credit card,loyal,west,432.77,10,43.277,173
CUST_28,INV_2058,2024-04-22,4.11,home,upi,returning,north,559.96,11,50.905454545454546,136
CUST_957,INV_2059,2024-04-03,139.93,clothing,debit card,new,north,1402.95,15,93.53,149
CUST_476,INV_2060,2024-02-17,55.4,home,cash on delivery,new,west,1088.04,15,72.536,158
CUST_317,INV_2061,2024-01-12,541.47,electronics,debit card,returning,north,2119.2799999999997,16,132.45499999999998,166
CUST_244,INV_2062,2024-06-04,10.23,electronics,cash on delivery,returning,east,845.55,9,93.94999999999999,168
CUST_747,INV_2063,2024-06-20,193.54,beauty,upi,new,north,1537.69,11,139.79,145
CUST_696,INV_2064,2024-06-19,65.39,beauty,debit card,new,east,399.21,4,99.8025,160
CUST_271,INV_2065,2024-05-24,175.53,clothing,cash on delivery,loyal,north,1447.75,7,206.82142857142858,140
CUST_439,INV_2066,2024-02-09,169.9,beauty,cash on delivery,returning,north,1140.03,10,114.003,162
CUST_747,INV_2067,2024-06-25,247.68,electronics,cash on delivery,new,north,1537.69,11,139.79,145
CUST_238,INV_2068,2024-03-25,35.36,clothing,upi,new,west,1383.87,12,115.32249999999999,130
CUST_376,INV_2069,2024-02-26,299.17,electronics,cash on delivery,returning,north,609.5400000000001,8,76.19250000000001,73
CUST_265,INV_2070,2024-03-27,16.45,books,credit card,returning,south,731.36,9,81.26222222222222,129
CUST_925,INV_2071,2024-03-24,8.55,books,upi,new,west,685.0,8,85.625,162
CUST_920,INV_2072,2024-04-30,56.5,clothing,cash on delivery,returning,east,1876.07,18,104.22611111111111,169
CUST_358,INV_2073,2024-03-14,176.21,home,upi,new,south,1136.22,8,142.0275,133
CUST_339,INV_2074,2024-04-16,64.14,beauty,upi,new,south,857.42,12,71.45166666666667,155
CUST_388,INV_2075,2024-05-03,176.78,clothing,credit card,loyal,south,613.56,4,153.39,110
CUST_576,INV_2076,2024-04-09,130.82,beauty,cash on delivery,loyal,south,356.34999999999997,5,71.27,88
CUST_989,INV_2077,2024-02-12,23.5,electronics,upi,returning,north,1160.0,12,96.66666666666667,120
CUST_688,INV_2078,2024-04-28,297.36,home,upi,returning,north,1145.06,9,127.22888888888889,143
CUST_2,INV_2079,2024-01-23,6.27,beauty,cash on delivery,new,south,1273.6599999999999,9,141.51777777777775,150
CUST_428,INV_2080,2024-06-03,228.55,books,credit card,loyal,west,1757.97,13,135.22846153846154,171
CUST_141,INV_2081,2024-02-06,36.3,books,debit card,returning,south,251.05,5,50.21,81
CUST_375,INV_2082,2024-05-13,69.34,electronics,cash on delivery,new,east,1246.71,14,89.05071428571429,148
CUST_669,INV_2083,2024-03-05,54.88,clothing,debit card,loyal,south,1120.45,16,70.028125,153
CUST_323,INV_2084,2024-05-13,18.85,beauty,cash on delivery,new,north,941.5899999999999,11,85.5990909090909,156
CUST_145,INV_2085,2024-06-26,44.34,electronics,cash on delivery,loyal,east,854.13,11,77.64818181818181,159
CUST_957,INV_2086,2024-01-22,21.44,books,upi,new,west,1402.95,15,93.53,149
CUST_292,INV_2087,2024-04-14,22.8,books,cash on delivery,loyal,south,1356.77,9,150.75222222222223,141
CUST_664,INV_2088,2024-03-28,20.71,books,credit card,new,east,1203.96,10,120.396,136
CUST_431,INV_2089,2024-06-01,67.14,home,credit card,new,south,1680.19,10,168.019,158
CUST_704,INV_2090,2024-05-04,159.91,home,cash on delivery,returning,west,591.02,4,147.755,109
CUST_948,INV_2091,2024-03-19,84.16,books,upi,loyal,west,643.81,7,91.97285714285714,93
CUST_974,INV_2092,2024-03-30,223.69,clothing,upi,loyal,east,1943.69,10,194.369,172
CUST_584,INV_2093,2024-02-20,101.21,home,debit card,returning,west,405.23,4,101.3075,100
CUST_398,INV_2094,2024-06-24,116.91,beauty,cash on delivery,returning,east,1349.8899999999999,10,134.98899999999998,155
CUST_816,INV_2095,2024-04-11,110.14,home,debit card,new,west,870.73,13,66.97923076923077,147
CUST_888,INV_2096,2024-04-15,59.69,beauty,upi,loyal,north,922.5,13,70.96153846153847,151
CUST_343,INV_2097,2024-02-29,116.91,home,credit card,new,east,1414.3899999999999,12,117.86583333333333,169
CUST_963,INV_2098,2024-02-15,7.23,books,upi,new,south,738.24,7,105.46285714285715,149
CUST_139,INV_2099,2024-02-05,196.51,beauty,credit card,new,east,1144.72,8,143.09,97
CUST_186,INV_2100,2024-06-14,150.42,clothing,debit card,returning,west,943.8199999999999,12,78.65166666666666,161
CUST_804,INV_2101,2024-01-11,28.13,home,upi,loyal,west,1903.26,13,146.4046153846154,150
CUST_60,INV_2102,2024-01-12,146.12,home,credit card,returning,west,821.67,7,117.38142857142857,159
CUST_996,INV_2103,2024-06-18,1.27,books,debit card,returning,south,892.71,10,89.271,139
CUST_938,INV_2104,2024-02-08,24.49,beauty,upi,loyal,south,690.6800000000001,10,69.06800000000001,147
CUST_379,INV_2105,2024-05-18,6.74,books,cash on delivery,loyal,west,961.96,11,87.4509090909091,168
CUST_709,INV_2106,2024-02-05,151.52,beauty,upi,returning,north,1134.6100000000001,11,103.14636363636365,147
CUST_806,INV_2107,2024-02-21,141.01,home,debit card,returning,east,1409.26,10,140.926,157
CUST_439,INV_2108,2024-01-31,168.01,home,upi,returning,west,1140.03,10,114.003,162
CUST_318,INV_2109,2024-02-02,0.45,home,debit card,loyal,north,218.88,6,36.48,85
CUST_301,INV_2110,2024-05-20,69.56,home,credit card,loyal,south,731.7,15,48.78,158
CUST_343,INV_2111,2024-05-25,122.02,electronics,upi,new,west,1414.3899999999999,12,117.86583333333333,169
CUST_10,INV_2112,2024-06-17,16.89,home,debit card,loyal,east,347.41,6,57.90166666666667,151
CUST_61,INV_2113,2024-02-27,104.92,home,debit card,returning,east,1200.96,6,200.16,114
CUST_844,INV_2114,2024-05-31,8.79,beauty,cash on delivery,loyal,south,937.66,9,104.18444444444444,152
CUST_225,INV_2115,2024-05-07,20.01,home,credit card,loyal,west,1552.4299999999998,13,119.41769230769229,158
CUST_152,INV_2116,2024-01-31,64.59,home,cash on delivery,loyal,west,595.8299999999999,8,74.47874999999999,124
CUST_710,INV_2117,2024-02-24,106.01,beauty,cash on delivery,returning,west,477.51,6,79.585,132
CUST_563,INV_2118,2024-01-10,15.77,home,upi,new,north,1167.36,10,116.73599999999999,159
CUST_771,INV_2119,2024-05-09,20.48,home,debit card,new,north,968.77,12,80.73083333333334,170
CUST_570,INV_2120,2024-01-15,22.87,books,debit card,returning,west,1121.49,14,80.10642857142857,155
CUST_583,INV_2121,2024-01-03,27.27,electronics,debit card,returning,east,949.73,12,79.14416666666666,167
CUST_659,INV_2122,2024-02-12,25.69,beauty,upi,new,north,1856.52,14,132.60857142857142,164
CUST_860,INV_2123,2024-06-07,50.28,books,upi,returning,east,859.3199999999999,9,95.47999999999999,148
CUST_574,INV_2124,2024-03-07,106.07,clothing,credit card,loyal,north,1145.9,15,76.39333333333335,157
CUST_309,INV_2125,2024-02-25,57.63,clothing,cash on delivery,loyal,south,643.33,8,80.41625,164
CUST_884,INV_2126,2024-03-03,149.6,electronics,credit card,new,south,679.67,10,67.967,153
CUST_242,INV_2127,2024-01-15,127.04,clothing,credit card,loyal,south,565.77,6,94.295,126
CUST_492,INV_2128,2024-04-18,13.53,electronics,upi,new,east,636.61,10,63.661,159
CUST_365,INV_2129,2024-04-25,5.01,clothing,debit card,returning,east,1150.82,11,104.61999999999999,141
CUST_329,INV_2130,2024-04-01,210.33,clothing,upi,new,west,1777.21,10,177.721,163
CUST_106,INV_2131,2024-05-17,8.32,books,upi,new,west,1046.54,8,130.8175,138
CUST_225,INV_2132,2024-06-14,16.06,clothing,upi,loyal,south,1552.4299999999998,13,119.41769230769229,158
CUST_824,INV_2133,2024-02-16,2.24,electronics,credit card,new,south,2560.0699999999997,19,134.74052631578945,159
CUST_217,INV_2134,2024-02-26,98.98,home,debit card,new,north,1137.8400000000001,13,87.52615384615386,138
CUST_936,INV_2135,2024-02-19,87.32,home,upi,new,south,1728.72,15,115.248,153
CUST_752,INV_2136,2024-03-11,433.54,home,credit card,returning,south,1458.89,11,132.62636363636364,175
CUST_505,INV_2137,2024-05-22,217.98,electronics,upi,loyal,south,1616.42,10,161.642,94
CUST_258,INV_2138,2024-05-25,52.91,electronics,cash on delivery,loyal,east,754.65,7,107.80714285714285,159
CUST_887,INV_2139,2024-03-22,46.46,home,debit card,new,east,1046.3799999999999,12,87.19833333333332,161
CUST_773,INV_2140,2024-04-25,35.22,clothing,credit card,new,south,730.25,10,73.025,139
CUST_516,INV_2141,2024-04-14,16.54,home,cash on delivery,returning,north,1407.26,13,108.25076923076924,168
CUST_772,INV_2142,2024-03-28,14.86,beauty,upi,loyal,north,330.18999999999994,4,82.54749999999999,122
CUST_53,INV_2143,2024-01-02,14.19,electronics,cash on delivery,loyal,west,1002.76,12,83.56333333333333,144
CUST_46,INV_2144,2024-04-13,12.12,beauty,cash on delivery,new,south,1456.6399999999999,12,121.38666666666666,150
CUST_726,INV_2145,2024-03-24,27.51,beauty,credit card,returning,east,1882.9499999999998,14,134.49642857142857,160
CUST_688,INV_2146,2024-02-12,36.62,electronics,debit card,returning,south,1145.06,9,127.22888888888889,143
CUST_520,INV_2147,2024-06-02,325.92,home,debit card,new,north,1246.13,10,124.61300000000001,137
CUST_98,INV_2148,2024-03-11,86.39,books,credit card,new,east,1488.62,15,99.24133333333333,147
CUST_19,INV_2149,2024-06-14,438.97,beauty,upi,new,east,2104.34,10,210.43400000000003,153
CUST_889,INV_2150,2024-04-03,46.6,home,cash on delivery,new,east,1265.12,10,126.51199999999999,144
CUST_752,INV_2151,2024-02-11,61.18,books,debit card,new,west,1458.89,11,132.62636363636364,175
CUST_572,INV_2152,2024-05-12,39.24,beauty,debit card,returning,south,1551.8799999999999,14,110.84857142857142,135
CUST_890,INV_2153,2024-05-18,20.2,home,cash on delivery,returning,south,2004.37,19,105.49315789473684,170
CUST_489,INV_2154,2024-03-05,15.45,beauty,upi,new,south,1291.16,15,86.07733333333334,149
CUST_418,INV_2155,2024-02-03,290.19,home,cash on delivery,new,north,812.63,12,67.71916666666667,149
CUST_689,INV_2156,2024-04-29,432.83,clothing,credit card,loyal,east,1618.6299999999999,10,161.863,138
CUST_849,INV_2157,2024-01-01,4.59,clothing,credit card,returning,east,1751.8999999999999,14,125.13571428571427,174
CUST_61,INV_2158,2024-05-09,16.29,electronics,upi,returning,north,1200.96,6,200.16,114
CUST_144,INV_2159,2024-05-27,55.08,books,debit card,new,west,870.74,9,96.74888888888889,156
CUST_215,INV_2160,2024-03-01,20.62,beauty,debit card,returning,north,1566.6299999999999,12,130.55249999999998,135
CUST_2,INV_2161,2024-05-28,45.24,beauty,upi,returning,east,1273.6599999999999,9,141.51777777777775,150
CUST_159,INV_2162,2024-03-28,13.82,home,upi,returning,west,1512.87,10,151.28699999999998,156
CUST_738,INV_2163,2024-03-08,60.97,books,credit card,loyal,west,1133.27,11,103.02454545454545,169
CUST_997,INV_2164,2024-05-06,31.7,beauty,credit card,returning,east,651.48,7,93.06857142857143,124
CUST_780,INV_2165,2024-05-19,43.37,books,upi,new,north,1254.05,14,89.575,168
CUST_119,INV_2166,2024-01-22,9.91,books,debit card,returning,south,1011.79,11,91.9809090909091,163
CUST_892,INV_2167,2024-05-27,55.88,clothing,cash on delivery,returning,south,1313.34,11,119.39454545454545,141
CUST_88,INV_2168,2024-03-22,408.98,beauty,cash on delivery,loyal,south,1012.77,8,126.59625,155
CUST_328,INV_2169,2024-05-08,39.87,beauty,cash on delivery,returning,north,998.94,7,142.7057142857143,113
CUST_579,INV_2170,2024-01-30,209.09,electronics,credit card,loyal,east,1594.01,11,144.91,165
CUST_909,INV_2171,2024-05-05,185.28,books,upi,loyal,north,1021.12,7,145.87428571428572,160
CUST_356,INV_2172,2024-04-06,303.78,home,debit card,loyal,south,905.13,8,113.14125,131
CUST_609,INV_2173,2024-01-24,156.12,clothing,credit card,returning,south,2235.26,16,139.70375,177
CUST_266,INV_2174,2024-01-14,107.76,electronics,upi,new,south,877.1,9,97.45555555555556,160
CUST_616,INV_2175,2024-02-05,194.2,clothing,upi,new,north,639.3,7,91.32857142857142,121
CUST_951,INV_2176,2024-01-24,7.87,home,cash on delivery,returning,north,1323.99,12,110.3325,141
CUST_322,INV_2177,2024-04-04,62.14,electronics,cash on delivery,loyal,south,620.87,7,88.69571428571429,150
CUST_634,INV_2178,2024-02-24,453.34,clothing,debit card,new,west,1118.36,6,186.39333333333332,146
CUST_987,INV_2179,2024-01-24,146.79,home,debit card,returning,south,1846.98,17,108.64588235294117,171
CUST_540,INV_2180,2024-05-31,327.22,electronics,cash on delivery,new,east,1001.1500000000001,9,111.2388888888889,169
CUST_648,INV_2181,2024-01-26,151.25,home,cash on delivery,returning,north,1229.63,9,136.62555555555556,135
CUST_194,INV_2182,2024-03-20,207.85,electronics,upi,loyal,west,1282.82,14,91.63,161
CUST_920,INV_2183,2024-06-14,122.6,beauty,debit card,new,west,1876.07,18,104.22611111111111,169
CUST_737,INV_2184,2024-03-05,142.92,beauty,upi,returning,east,1151.37,11,104.66999999999999,159
CUST_331,INV_2185,2024-03-15,74.06,clothing,debit card,returning,south,887.69,7,126.81285714285715,126
CUST_169,INV_2186,2024-06-27,258.02,books,debit card,new,south,725.29,8,90.66125,177
CUST_520,INV_2187,2024-06-11,174.32,books,credit card,returning,south,1246.13,10,124.61300000000001,137
CUST_462,INV_2188,2024-02-12,185.72,home,cash on delivery,new,east,682.57,8,85.32125,165
CUST_39,INV_2189,2024-01-29,111.78,electronics,credit card,returning,north,838.78,10,83.878,123
CUST_536,INV_2190,2024-06-13,36.32,beauty,debit card,new,north,2514.01,16,157.125625,170
CUST_260,INV_2191,2024-03-21,3.63,books,upi,loyal,east,1024.5,10,102.45,157
CUST_394,INV_2192,2024-02-23,274.35,beauty,debit card,new,north,1095.95,8,136.99375,161
CUST_954,INV_2193,2024-02-08,88.22,home,credit card,returning,east,1420.93,11,129.17545454545456,150
CUST_225,INV_2194,2024-02-11,35.4,home,cash on delivery,loyal,east,1552.4299999999998,13,119.41769230769229,158
CUST_983,INV_2195,2024-06-04,16.15,electronics,upi,loyal,west,1420.05,15,94.67,178
CUST_123,INV_2196,2024-01-29,176.92,books,debit card,new,west,2252.29,12,187.69083333333333,151
CUST_974,INV_2197,2024-06-19,181.11,home,debit card,new,north,1943.69,10,194.369,172
CUST_37,INV_2198,2024-05-10,168.47,home,cash on delivery,new,west,855.48,6,142.58,158
CUST_327,INV_2199,2024-05-17,103.59,beauty,debit card,loyal,north,526.98,7,75.28285714285714,169
CUST_250,INV_2200,2024-05-21,45.57,clothing,debit card,loyal,east,1687.99,12,140.66583333333332,171
CUST_900,INV_2201,2024-06-23,36.25,books,cash on delivery,new,north,1352.69,8,169.08625,151
CUST_175,INV_2202,2024-02-11,0.86,electronics,credit card,returning,west,253.44,5,50.688,122
CUST_601,INV_2203,2024-04-03,179.34,electronics,credit card,loyal,north,1577.98,13,121.38307692307693,133
CUST_913,INV_2204,2024-06-08,9.15,beauty,credit card,new,west,1886.23,11,171.47545454545454,176
CUST_453,INV_2205,2024-02-01,99.63,electronics,credit card,returning,east,746.74,8,93.3425,148
CUST_36,INV_2206,2024-06-18,70.13,home,upi,new,south,435.09000000000003,6,72.515,163
CUST_315,INV_2207,2024-06-08,74.8,books,upi,loyal,east,536.5,7,76.64285714285714,135
CUST_687,INV_2208,2024-01-26,261.34,electronics,cash on delivery,loyal,west,1128.25,12,94.02083333333333,89
CUST_972,INV_2209,2024-04-24,3.21,books,cash on delivery,new,north,2206.61,18,122.58944444444445,154
CUST_795,INV_2210,2024-05-08,148.45,electronics,cash on delivery,returning,west,1477.78,11,134.34363636363636,157
CUST_964,INV_2211,2024-02-25,5.35,clothing,upi,loyal,west,323.58,6,53.93,127
CUST_972,INV_2212,2024-05-01,3.89,clothing,debit card,new,south,2206.61,18,122.58944444444445,154
CUST_592,INV_2213,2024-04-15,56.18,books,upi,new,north,1160.55,8,145.06875,97
CUST_113,INV_2214,2024-05-09,6.52,clothing,credit card,returning,west,1221.58,10,122.15799999999999,160
CUST_39,INV_2215,2024-03-21,155.66,clothing,credit card,returning,east,838.78,10,83.878,123
CUST_300,INV_2216,2024-06-06,75.41,home,debit card,loyal,east,811.0799999999999,10,81.10799999999999,124
CUST_223,INV_2217,2024-04-29,2.95,electronics,cash on delivery,returning,west,786.03,9,87.33666666666666,126
CUST_317,INV_2218,2024-02-21,4.13,clothing,upi,returning,west,2119.2799999999997,16,132.45499999999998,166
CUST_348,INV_2219,2024-03-31,94.85,books,debit card,loyal,west,1574.46,13,121.1123076923077,126
CUST_114,INV_2220,2024-05-16,164.05,home,debit card,new,west,583.08,7,83.29714285714286,117
CUST_697,INV_2221,2024-01-22,57.59,clothing,upi,loyal,east,807.16,10,80.716,150
CUST_322,INV_2222,2024-02-03,80.87,books,debit card,loyal,south,620.87,7,88.69571428571429,150
CUST_567,INV_2223,2024-04-19,160.86,electronics,cash on delivery,returning,west,1221.72,8,152.715,142
CUST_39,INV_2224,2024-02-18,94.29,clothing,upi,returning,north,838.78,10,83.878,123
CUST_865,INV_2225,2024-05-08,25.46,books,upi,new,south,636.91,13,48.99307692307692,136
CUST_39,INV_2226,2024-03-13,94.95,books,debit card,returning,east,838.78,10,83.878,123
CUST_858,INV_2227,2024-03-24,98.96,beauty,cash on delivery,new,west,955.58,10,95.558,115
CUST_972,INV_2228,2024-02-22,132.47,books,cash on delivery,new,west,2206.61,18,122.58944444444445,154
CUST_748,INV_2229,2024-04-09,96.99,beauty,credit card,new,west,1357.18,13,104.39846153846155,125
CUST_288,INV_2230,2024-05-03,348.16,electronics,upi,loyal,west,1444.41,15,96.29400000000001,150
CUST_261,INV_2231,2024-06-16,21.98,electronics,credit card,returning,north,623.03,8,77.87875,141
CUST_215,INV_2232,2024-02-14,301.78,home,cash on delivery,returning,west,1566.6299999999999,12,130.55249999999998,135
CUST_146,INV_2233,2024-05-16,77.29,beauty,cash on delivery,new,east,1396.88,13,107.4523076923077,172
CUST_335,INV_2234,2024-04-14,111.46,books,credit card,returning,north,1313.5,11,119.4090909090909,107
CUST_167,INV_2235,2024-05-29,10.48,home,upi,new,south,1408.6799999999998,11,128.06181818181815,154
CUST_91,INV_2236,2024-05-25,47.9,home,credit card,returning,south,802.32,10,80.232,137
CUST_352,INV_2237,2024-04-15,146.7,electronics,cash on delivery,loyal,south,628.7,6,104.78333333333335,86
CUST_570,INV_2238,2024-02-12,122.73,books,cash on delivery,returning,west,1121.49,14,80.10642857142857,155
CUST_570,INV_2239,2024-06-15,4.1,beauty,debit card,new,south,1121.49,14,80.10642857142857,155
CUST_815,INV_2240,2024-05-13,79.1,electronics,debit card,loyal,north,914.0699999999999,10,91.407,119
CUST_680,INV_2241,2024-02-17,9.24,home,credit card,returning,north,853.41,11,77.58272727272727,169
CUST_780,INV_2242,2024-05-05,548.62,clothing,debit card,loyal,south,1254.05,14,89.575,168
CUST_362,INV_2243,2024-01-07,227.59,home,cash on delivery,new,south,1155.73,12,96.31083333333333,167
CUST_556,INV_2244,2024-01-16,2.13,clothing,upi,new,north,779.64,11,70.87636363636364,134
CUST_344,INV_2245,2024-05-08,195.65,electronics,upi,returning,east,1541.7,12,128.475,156
CUST_692,INV_2246,2024-04-24,251.86,beauty,credit card,new,south,2789.69,17,164.09941176470588,153
CUST_169,INV_2247,2024-02-06,43.63,books,debit card,returning,north,725.29,8,90.66125,177
CUST_355,INV_2248,2024-06-13,127.12,clothing,credit card,new,south,1291.94,10,129.19400000000002,158
CUST_190,INV_2249,2024-05-04,58.36,books,debit card,new,north,897.22,13,69.01692307692308,127
CUST_666,INV_2250,2024-03-21,106.49,electronics,upi,new,west,432.81,7,61.83,128
CUST_421,INV_2251,2024-03-02,41.6,electronics,debit card,returning,south,1688.19,15,112.546,170
CUST_699,INV_2252,2024-03-12,38.94,electronics,debit card,returning,south,2424.12,16,151.5075,174
CUST_6,INV_2253,2024-05-04,55.24,beauty,credit card,returning,east,1140.84,11,103.71272727272726,176
CUST_132,INV_2254,2024-06-09,15.73,clothing,upi,returning,east,564.31,6,94.05166666666666,176
CUST_746,INV_2255,2024-03-06,177.87,books,debit card,new,east,344.91,5,68.982,100
CUST_556,INV_2256,2024-01-30,42.88,home,upi,loyal,east,779.64,11,70.87636363636364,134
CUST_825,INV_2257,2024-01-20,51.11,electronics,debit card,returning,south,775.45,9,86.16111111111111,155
CUST_760,INV_2258,2024-03-22,224.48,books,upi,new,south,1743.15,12,145.26250000000002,141
CUST_30,INV_2259,2024-04-16,68.64,books,debit card,new,east,356.78,6,59.46333333333333,102
CUST_534,INV_2260,2024-05-31,78.58,beauty,cash on delivery,returning,east,468.87,6,78.145,109
CUST_425,INV_2261,2024-05-11,313.5,clothing,upi,returning,south,928.41,10,92.841,148
CUST_393,INV_2262,2024-02-06,217.79,beauty,cash on delivery,new,west,540.06,4,135.015,92
CUST_671,INV_2263,2024-05-11,18.57,beauty,cash on delivery,returning,north,1361.11,14,97.22214285714286,172
CUST_362,INV_2264,2024-03-17,64.1,books,cash on delivery,returning,east,1155.73,12,96.31083333333333,167
CUST_436,INV_2265,2024-03-29,355.07,clothing,debit card,loyal,north,1149.4,8,143.675,152
CUST_669,INV_2266,2024-05-25,46.58,clothing,upi,loyal,west,1120.45,16,70.028125,153
CUST_550,INV_2267,2024-03-28,46.45,clothing,debit card,returning,west,1213.02,12,101.085,156
CUST_926,INV_2268,2024-06-24,21.7,electronics,debit card,loyal,west,976.71,8,122.08875,158
CUST_81,INV_2269,2024-02-02,12.14,clothing,upi,loyal,south,954.4300000000001,11,86.76636363636364,115
CUST_355,INV_2270,2024-02-27,134.82,books,credit card,returning,north,1291.94,10,129.19400000000002,158
CUST_257,INV_2271,2024-01-28,146.98,electronics,debit card,new,west,431.55,7,61.65,153
CUST_717,INV_2272,2024-02-04,347.42,home,cash on delivery,new,east,1060.88,8,132.61,167
CUST_588,INV_2273,2024-05-04,148.46,beauty,debit card,new,west,1285.54,10,128.554,163
CUST_988,INV_2274,2024-05-17,27.89,clothing,credit card,new,east,415.75000000000006,7,59.39285714285715,138
CUST_523,INV_2275,2024-03-05,4.09,home,cash on delivery,loyal,east,1222.61,11,111.14636363636363,172
CUST_294,INV_2276,2024-02-11,422.93,clothing,debit card,loyal,west,2038.52,9,226.50222222222223,152
CUST_961,INV_2277,2024-03-25,41.62,beauty,upi,returning,east,792.14,15,52.809333333333335,165
CUST_223,INV_2278,2024-05-16,37.39,books,cash on delivery,returning,east,786.03,9,87.33666666666666,126
CUST_524,INV_2279,2024-04-20,236.4,books,credit card,new,south,1104.35,12,92.02916666666665,130
CUST_45,INV_2280,2024-01-15,87.97,beauty,debit card,new,north,607.77,7,86.82428571428571,148
CUST_666,INV_2281,2024-03-09,24.19,home,upi,returning,south,432.81,7,61.83,128
CUST_112,INV_2282,2024-04-14,219.91,electronics,cash on delivery,returning,south,2010.72,18,111.70666666666666,160
CUST_232,INV_2283,2024-05-29,501.48,electronics,cash on delivery,new,south,1707.56,16,106.7225,153
CUST_16,INV_2284,2024-03-04,9.07,clothing,upi,loyal,north,875.55,13,67.35,151
CUST_359,INV_2285,2024-02-10,198.23,beauty,credit card,loyal,north,1682.9699999999998,10,168.29699999999997,90
CUST_222,INV_2286,2024-03-11,49.51,beauty,cash on delivery,loyal,west,1302.41,12,108.53416666666668,170
CUST_865,INV_2287,2024-02-25,74.25,electronics,credit card,loyal,south,636.91,13,48.99307692307692,136
CUST_699,INV_2288,2024-05-30,246.29,home,credit card,loyal,north,2424.12,16,151.5075,174
CUST_447,INV_2289,2024-01-25,362.61,beauty,upi,returning,west,962.81,7,137.5442857142857,104
CUST_855,INV_2290,2024-04-14,30.4,books,cash on delivery,returning,south,705.4,9,78.37777777777778,151
CUST_364,INV_2291,2024-05-13,23.93,books,debit card,new,south,1129.3899999999999,9,125.48777777777777,175
CUST_674,INV_2292,2024-04-28,8.39,beauty,upi,returning,east,1646.9099999999999,12,137.24249999999998,145
CUST_325,INV_2293,2024-06-10,82.51,home,upi,returning,north,849.9300000000001,9,94.43666666666667,159
CUST_466,INV_2294,2024-01-09,1.37,books,credit card,returning,east,1071.0,12,89.25,111
CUST_413,INV_2295,2024-02-29,53.09,home,debit card,returning,south,1491.01,13,114.69307692307692,176
CUST_454,INV_2296,2024-05-04,7.62,electronics,upi,new,south,1356.76,14,96.91142857142857,178
CUST_585,INV_2297,2024-02-18,51.96,clothing,credit card,returning,south,685.78,10,68.578,150
CUST_232,INV_2298,2024-02-20,4.08,electronics,cash on delivery,returning,west,1707.56,16,106.7225,153
CUST_223,INV_2299,2024-03-10,180.31,clothing,credit card,new,east,786.03,9,87.33666666666666,126
CUST_993,INV_2300,2024-02-06,23.54,books,debit card,returning,east,490.41,10,49.041000000000004,167
CUST_830,INV_2301,2024-01-31,39.8,clothing,debit card,new,south,1706.6100000000001,14,121.9007142857143,146
CUST_411,INV_2302,2024-06-17,204.06,clothing,credit card,loyal,east,1097.61,9,121.95666666666665,163
CUST_571,INV_2303,2024-03-02,137.15,beauty,cash on delivery,loyal,south,964.01,9,107.11222222222221,119
CUST_334,INV_2304,2024-04-02,24.72,clothing,debit card,returning,south,1143.87,11,103.98818181818181,133
CUST_221,INV_2305,2024-01-14,7.46,beauty,debit card,returning,east,527.87,9,58.65222222222222,157
CUST_36,INV_2306,2024-06-12,125.76,clothing,cash on delivery,returning,north,435.09000000000003,6,72.515,163
CUST_988,INV_2307,2024-06-12,49.54,beauty,upi,returning,south,415.75000000000006,7,59.39285714285715,138
CUST_277,INV_2308,2024-03-19,145.28,books,debit card,loyal,south,620.09,13,47.69923076923077,170
CUST_195,INV_2309,2024-01-08,58.93,books,credit card,loyal,east,1024.49,10,102.449,164
CUST_915,INV_2310,2024-06-02,42.47,clothing,cash on delivery,returning,east,779.0500000000001,9,86.56111111111112,125
CUST_863,INV_2311,2024-02-05,60.0,home,debit card,new,east,1743.0,12,145.25,141
CUST_483,INV_2312,2024-02-17,138.05,books,upi,new,south,438.87,5,87.774,54
CUST_241,INV_2313,2024-03-25,232.5,electronics,debit card,loyal,north,1114.7,12,92.89166666666667,155
CUST_323,INV_2314,2024-01-28,5.1,electronics,upi,new,north,941.5899999999999,11,85.5990909090909,156
CUST_730,INV_2315,2024-02-20,74.26,beauty,debit card,returning,north,618.28,10,61.827999999999996,120
CUST_191,INV_2316,2024-04-13,3.34,home,debit card,returning,south,1744.07,14,124.57642857142856,154
CUST_16,INV_2317,2024-06-18,63.19,beauty,credit card,returning,east,875.55,13,67.35,151
CUST_523,INV_2318,2024-04-10,216.53,clothing,cash on delivery,returning,north,1222.61,11,111.14636363636363,172
CUST_917,INV_2319,2024-01-29,44.88,books,cash on delivery,returning,north,1029.23,7,147.03285714285715,153
CUST_400,INV_2320,2024-05-06,269.49,home,credit card,new,north,2887.32,18,160.40666666666667,165
CUST_905,INV_2321,2024-03-22,99.59,beauty,cash on delivery,new,south,1365.3600000000001,11,124.12363636363638,133
CUST_885,INV_2322,2024-01-10,272.05,beauty,cash on delivery,loyal,east,990.19,11,90.01727272727273,143
CUST_704,INV_2323,2024-04-15,141.54,electronics,cash on delivery,loyal,west,591.02,4,147.755,109
CUST_21,INV_2324,2024-06-15,10.92,clothing,debit card,new,east,1068.97,15,71.26466666666667,156
CUST_473,INV_2325,2024-01-01,26.29,beauty,debit card,new,east,1449.27,12,120.7725,163
CUST_119,INV_2326,2024-02-08,50.12,electronics,upi,loyal,east,1011.79,11,91.9809090909091,163
CUST_209,INV_2327,2024-01-21,18.65,home,upi,returning,north,1118.48,11,101.68,159
CUST_305,INV_2328,2024-03-05,68.3,beauty,cash on delivery,loyal,east,1482.96,10,148.296,141
CUST_269,INV_2329,2024-01-15,63.75,electronics,cash on delivery,loyal,north,1414.0900000000001,12,117.84083333333335,156
CUST_703,INV_2330,2024-05-11,312.95,clothing,cash on delivery,new,south,1227.12,15,81.80799999999999,135
CUST_686,INV_2331,2024-03-01,56.87,books,credit card,loyal,west,778.83,13,59.910000000000004,142
CUST_284,INV_2332,2024-05-27,154.0,home,debit card,loyal,south,901.05,11,81.91363636363636,142
CUST_715,INV_2333,2024-05-17,284.58,beauty,cash on delivery,new,south,1019.37,7,145.62428571428572,162
CUST_675,INV_2334,2024-03-27,209.55,electronics,cash on delivery,returning,west,1513.6100000000001,13,116.43153846153847,143
CUST_762,INV_2335,2024-04-14,23.4,beauty,debit card,returning,east,767.49,12,63.9575,149
CUST_226,INV_2336,2024-02-03,68.52,books,upi,returning,east,1139.4,13,87.64615384615385,178
CUST_947,INV_2337,2024-05-03,42.73,beauty,cash on delivery,new,north,524.38,7,74.91142857142857,113
CUST_380,INV_2338,2024-04-19,51.06,beauty,cash on delivery,loyal,east,1306.4,14,93.31428571428572,144
CUST_459,INV_2339,2024-06-24,44.75,electronics,cash on delivery,returning,west,1002.65,10,100.265,162
CUST_6,INV_2340,2024-02-02,175.08,books,cash on delivery,loyal,south,1140.84,11,103.71272727272726,176
CUST_28,INV_2341,2024-04-07,60.17,home,debit card,new,east,559.96,11,50.905454545454546,136
CUST_906,INV_2342,2024-03-01,74.17,electronics,debit card,returning,north,992.6,7,141.8,172
CUST_32,INV_2343,2024-01-10,404.26,books,debit card,returning,south,724.78,6,120.79666666666667,152
CUST_645,INV_2344,2024-03-24,6.19,books,upi,loyal,south,1134.8,12,94.56666666666666,158
CUST_878,INV_2345,2024-03-05,66.93,beauty,cash on delivery,returning,north,642.09,6,107.015,65
CUST_78,INV_2346,2024-03-17,148.75,clothing,upi,new,south,1628.28,14,116.30571428571429,164
CUST_927,INV_2347,2024-01-01,16.39,clothing,upi,loyal,north,718.8000000000001,9,79.86666666666667,179
CUST_946,INV_2348,2024-05-12,94.55,home,debit card,loyal,north,1168.55,16,73.034375,160
CUST_458,INV_2349,2024-03-20,27.37,beauty,cash on delivery,returning,west,1730.79,13,133.1376923076923,145
CUST_569,INV_2350,2024-01-15,202.04,clothing,cash on delivery,returning,west,1196.6599999999999,9,132.9622222222222,129
CUST_982,INV_2351,2024-01-28,39.62,electronics,upi,returning,east,1381.64,11,125.60363636363637,138
CUST_537,INV_2352,2024-01-23,39.91,home,credit card,returning,west,949.47,11,86.31545454545454,160
CUST_481,INV_2353,2024-04-18,91.18,beauty,credit card,loyal,south,1460.54,10,146.054,141
CUST_429,INV_2354,2024-04-16,20.28,electronics,cash on delivery,loyal,east,291.29,4,72.8225,41
CUST_737,INV_2355,2024-05-24,33.53,clothing,cash on delivery,returning,east,1151.37,11,104.66999999999999,159
CUST_284,INV_2356,2024-04-22,53.89,clothing,upi,loyal,north,901.05,11,81.91363636363636,142
CUST_515,INV_2357,2024-04-07,43.64,clothing,upi,new,west,884.47,13,68.03615384615385,165
CUST_976,INV_2358,2024-05-20,74.42,clothing,debit card,loyal,north,937.01,8,117.12625,114
CUST_98,INV_2359,2024-05-21,91.54,books,upi,new,east,1488.62,15,99.24133333333333,147
CUST_396,INV_2360,2024-05-18,83.62,home,upi,new,north,1235.97,10,123.59700000000001,163
CUST_488,INV_2361,2024-01-28,106.18,home,credit card,new,south,1247.72,11,113.42909090909092,117
CUST_38,INV_2362,2024-02-11,36.78,clothing,credit card,returning,south,1482.14,19,78.00736842105263,161
CUST_270,INV_2363,2024-04-08,13.52,home,credit card,loyal,east,965.77,12,80.48083333333334,160
CUST_886,INV_2364,2024-03-01,143.05,electronics,credit card,new,south,1133.96,12,94.49666666666667,164
CUST_796,INV_2365,2024-05-02,190.23,electronics,upi,returning,west,1466.08,11,133.28,175
CUST_156,INV_2366,2024-03-04,29.71,home,cash on delivery,loyal,east,1096.8,10,109.67999999999999,146
CUST_74,INV_2367,2024-01-31,52.27,clothing,credit card,loyal,west,1455.28,16,90.955,150
CUST_883,INV_2368,2024-03-21,69.03,beauty,debit card,returning,south,1316.5900000000001,13,101.27615384615386,174
CUST_799,INV_2369,2024-01-10,76.21,clothing,debit card,loyal,north,1536.08,16,96.005,175
CUST_129,INV_2370,2024-01-08,107.73,books,upi,returning,west,1389.36,17,81.7270588235294,163
CUST_686,INV_2371,2024-05-28,4.25,beauty,debit card,returning,west,778.83,13,59.910000000000004,142
CUST_973,INV_2372,2024-02-28,127.83,books,credit card,returning,south,1034.19,15,68.946,168
CUST_83,INV_2373,2024-06-26,6.4,home,cash on delivery,loyal,west,1386.48,14,99.03428571428572,166
CUST_21,INV_2374,2024-01-30,63.17,books,cash on delivery,returning,west,1068.97,15,71.26466666666667,156
CUST_458,INV_2375,2024-05-24,175.84,home,credit card,returning,north,1730.79,13,133.1376923076923,145
CUST_538,INV_2376,2024-01-20,60.0,books,debit card,loyal,east,270.18,4,67.545,127
CUST_706,INV_2377,2024-02-17,16.14,beauty,upi,new,south,110.28,5,22.056,104
CUST_848,INV_2378,2024-05-09,420.2,books,cash on delivery,returning,north,2094.2799999999997,16,130.89249999999998,147
CUST_381,INV_2379,2024-02-06,220.08,clothing,credit card,returning,north,1291.66,10,129.166,129
CUST_747,INV_2380,2024-05-08,147.54,home,credit card,new,east,1537.69,11,139.79,145
CUST_439,INV_2381,2024-05-11,53.02,electronics,debit card,loyal,east,1140.03,10,114.003,162
CUST_603,INV_2382,2024-04-09,20.32,books,upi,loyal,south,534.06,10,53.40599999999999,117
CUST_988,INV_2383,2024-02-23,283.72,home,upi,loyal,south,415.75000000000006,7,59.39285714285715,138
CUST_20,INV_2384,2024-05-01,76.0,electronics,debit card,returning,south,1237.24,11,112.47636363636364,158
CUST_302,INV_2385,2024-01-25,191.29,home,credit card,new,north,1727.23,14,123.37357142857142,155
CUST_975,INV_2386,2024-05-10,41.87,home,debit card,loyal,west,646.1899999999999,9,71.79888888888888,171
CUST_868,INV_2387,2024-01-09,40.84,electronics,debit card,new,east,823.44,10,82.34400000000001,168
CUST_954,INV_2388,2024-02-03,423.64,electronics,debit card,loyal,south,1420.93,11,129.17545454545456,150
CUST_83,INV_2389,2024-02-12,73.78,beauty,credit card,returning,south,1386.48,14,99.03428571428572,166
CUST_773,INV_2390,2024-03-14,15.16,books,cash on delivery,loyal,north,730.25,10,73.025,139
CUST_658,INV_2391,2024-04-03,24.8,books,credit card,new,south,1108.12,15,73.87466666666666,158
CUST_952,INV_2392,2024-01-22,65.77,home,cash on delivery,new,north,1082.96,10,108.296,141
CUST_452,INV_2393,2024-03-10,4.34,clothing,cash on delivery,new,west,1422.5,11,129.3181818181818,156
CUST_386,INV_2394,2024-05-09,62.09,clothing,debit card,returning,north,2344.88,16,146.555,158
CUST_506,INV_2395,2024-04-03,54.29,home,upi,loyal,east,770.7,7,110.10000000000001,143
CUST_256,INV_2396,2024-02-01,151.11,beauty,debit card,returning,north,801.95,5,160.39000000000001,87
CUST_569,INV_2397,2024-04-15,43.84,electronics,credit card,returning,west,1196.6599999999999,9,132.9622222222222,129
CUST_891,INV_2398,2024-05-23,404.83,home,upi,new,west,1044.83,10,104.48299999999999,139
CUST_933,INV_2399,2024-01-01,19.94,books,upi,new,east,816.76,11,74.25090909090909,151
CUST_526,INV_2400,2024-03-12,89.4,clothing,credit card,returning,north,474.71,7,67.81571428571428,135
CUST_161,INV_2401,2024-06-24,9.4,clothing,credit card,returning,east,788.74,12,65.72833333333334,173
CUST_956,INV_2402,2024-02-19,132.37,clothing,debit card,loyal,west,1002.25,9,111.36111111111111,128
CUST_162,INV_2403,2024-05-20,525.02,beauty,credit card,new,north,1730.47,10,173.047,153
CUST_831,INV_2404,2024-01-15,171.0,books,cash on delivery,new,south,1121.82,13,86.29384615384615,139
CUST_792,INV_2405,2024-02-22,81.13,beauty,cash on delivery,new,west,743.33,8,92.91625,119
CUST_791,INV_2406,2024-06-20,66.31,electronics,upi,loyal,west,862.3,11,78.39090909090909,159
CUST_523,INV_2407,2024-01-08,180.2,home,debit card,loyal,east,1222.61,11,111.14636363636363,172
CUST_785,INV_2408,2024-03-14,274.85,home,debit card,new,west,497.06000000000006,3,165.6866666666667,81
CUST_270,INV_2409,2024-02-15,452.88,clothing,upi,new,east,965.77,12,80.48083333333334,160
CUST_491,INV_2410,2024-03-09,50.51,clothing,credit card,returning,north,1204.84,10,120.484,111
CUST_207,INV_2411,2024-04-23,470.14,electronics,debit card,returning,south,991.4,8,123.925,109
CUST_538,INV_2412,2024-05-26,16.95,beauty,upi,loyal,south,270.18,4,67.545,127
CUST_583,INV_2413,2024-06-14,29.24,books,upi,new,east,949.73,12,79.14416666666666,167
CUST_59,INV_2414,2024-05-02,9.32,electronics,cash on delivery,returning,south,380.88,7,54.41142857142857,113
CUST_429,INV_2415,2024-05-18,31.71,home,upi,returning,south,291.29,4,72.8225,41
CUST_984,INV_2416,2024-04-26,146.07,home,credit card,new,west,1069.58,12,89.13166666666666,172
CUST_656,INV_2417,2024-02-12,191.68,beauty,credit card,new,west,1419.27,11,129.02454545454546,135
CUST_604,INV_2418,2024-01-20,150.91,electronics,credit card,returning,north,755.38,10,75.538,148
CUST_308,INV_2419,2024-05-27,99.71,books,credit card,new,west,595.39,9,66.15444444444444,148
CUST_519,INV_2420,2024-01-21,72.15,electronics,upi,new,west,1053.73,14,75.26642857142858,151
CUST_590,INV_2421,2024-03-22,123.34,electronics,debit card,loyal,west,609.6800000000001,7,87.09714285714287,65
CUST_26,INV_2422,2024-02-26,49.57,beauty,upi,returning,west,591.45,8,73.93125,155
CUST_685,INV_2423,2024-06-26,184.08,books,debit card,returning,south,1553.76,10,155.376,168
CUST_561,INV_2424,2024-03-14,113.07,home,debit card,loyal,south,680.04,8,85.005,150
CUST_198,INV_2425,2024-04-07,119.67,clothing,debit card,loyal,south,723.96,8,90.495,146
CUST_386,INV_2426,2024-06-02,76.77,books,cash on delivery,returning,west,2344.88,16,146.555,158
CUST_348,INV_2427,2024-06-06,216.48,home,credit card,returning,south,1574.46,13,121.1123076923077,126
CUST_959,INV_2428,2024-04-19,29.04,beauty,cash on delivery,new,north,1104.43,9,122.71444444444445,66
CUST_939,INV_2429,2024-04-24,47.99,books,upi,new,north,1461.0900000000001,15,97.406,141
CUST_692,INV_2430,2024-06-07,150.35,books,cash on delivery,returning,west,2789.69,17,164.09941176470588,153
CUST_535,INV_2431,2024-02-11,67.87,home,debit card,new,south,433.76,8,54.22,147
CUST_827,INV_2432,2024-03-08,220.02,home,upi,new,north,1576.78,15,105.11866666666667,163
CUST_377,INV_2433,2024-03-10,42.53,electronics,credit card,new,east,1043.45,13,80.26538461538462,166
CUST_898,INV_2434,2024-03-18,46.1,electronics,debit card,loyal,west,909.4,13,69.95384615384616,157
CUST_915,INV_2435,2024-03-30,219.58,books,credit card,returning,north,779.0500000000001,9,86.56111111111112,125
CUST_557,INV_2436,2024-04-20,62.43,clothing,cash on delivery,returning,north,1240.24,14,88.58857142857143,126
CUST_526,INV_2437,2024-04-21,72.59,beauty,credit card,returning,north,474.71,7,67.81571428571428,135
CUST_152,INV_2438,2024-04-12,40.46,home,upi,new,east,595.8299999999999,8,74.47874999999999,124
CUST_733,INV_2439,2024-05-24,32.39,electronics,debit card,new,east,988.9300000000001,12,82.41083333333334,94
CUST_205,INV_2440,2024-01-19,106.7,beauty,credit card,loyal,east,1322.57,13,101.73615384615384,175
CUST_454,INV_2441,2024-06-27,12.77,books,cash on delivery,loyal,north,1356.76,14,96.91142857142857,178
CUST_272,INV_2442,2024-03-10,211.42,home,upi,returning,east,1756.03,19,92.42263157894736,152
CUST_893,INV_2443,2024-03-03,151.05,home,debit card,loyal,west,520.47,9,57.830000000000005,142
CUST_235,INV_2444,2024-03-15,21.16,electronics,cash on delivery,loyal,east,703.51,9,78.16777777777777,120
CUST_851,INV_2445,2024-06-06,118.42,clothing,debit card,new,west,1729.42,13,133.0323076923077,160
CUST_739,INV_2446,2024-06-01,92.29,home,credit card,returning,north,1467.28,10,146.728,164
CUST_520,INV_2447,2024-04-13,20.4,clothing,cash on delivery,returning,south,1246.13,10,124.61300000000001,137
CUST_677,INV_2448,2024-03-15,31.91,beauty,cash on delivery,loyal,west,1648.2,8,206.025,146
CUST_943,INV_2449,2024-05-07,52.59,home,credit card,new,west,740.44,11,67.31272727272727,136
CUST_955,INV_2450,2024-06-02,120.15,home,cash on delivery,loyal,west,1447.9499999999998,15,96.52999999999999,151
CUST_830,INV_2451,2024-02-25,101.81,clothing,cash on delivery,loyal,north,1706.6100000000001,14,121.9007142857143,146
CUST_725,INV_2452,2024-01-22,75.98,electronics,cash on delivery,returning,west,1953.04,22,88.77454545454545,130
CUST_500,INV_2453,2024-03-29,146.28,books,credit card,new,north,647.19,8,80.89875,133
CUST_116,INV_2454,2024-01-19,141.86,beauty,credit card,loyal,west,1609.68,13,123.82153846153847,148
CUST_385,INV_2455,2024-06-07,96.2,home,debit card,loyal,north,1210.29,13,93.09923076923077,157
CUST_343,INV_2456,2024-01-26,154.64,electronics,credit card,new,south,1414.3899999999999,12,117.86583333333333,169
CUST_583,INV_2457,2024-06-18,40.69,home,cash on delivery,loyal,north,949.73,12,79.14416666666666,167
CUST_394,INV_2458,2024-06-17,213.07,beauty,credit card,returning,north,1095.95,8,136.99375,161
CUST_63,INV_2459,2024-01-23,95.43,books,cash on delivery,loyal,south,492.82,6,82.13666666666667,148
CUST_716,INV_2460,2024-02-16,172.8,home,cash on delivery,returning,north,697.82,4,174.455,153
CUST_720,INV_2461,2024-01-13,79.03,clothing,cash on delivery,returning,north,1024.62,11,93.14727272727272,116
CUST_71,INV_2462,2024-03-06,24.65,electronics,credit card,returning,west,926.36,10,92.636,143
CUST_788,INV_2463,2024-05-23,78.18,books,cash on delivery,returning,north,761.97,8,95.24625,155
CUST_273,INV_2464,2024-03-13,46.38,home,debit card,returning,west,952.6199999999999,10,95.26199999999999,152
CUST_989,INV_2465,2024-06-04,119.57,books,upi,returning,south,1160.0,12,96.66666666666667,120
CUST_319,INV_2466,2024-03-17,64.59,clothing,upi,loyal,north,890.6500000000001,9,98.96111111111112,161
CUST_337,INV_2467,2024-06-11,180.86,home,debit card,new,south,1842.48,13,141.72923076923078,162
CUST_365,INV_2468,2024-06-17,113.34,books,upi,loyal,south,1150.82,11,104.61999999999999,141
CUST_494,INV_2469,2024-01-31,115.37,home,debit card,new,east,1187.8400000000001,10,118.78400000000002,140
CUST_606,INV_2470,2024-03-25,24.48,home,credit card,loyal,north,1199.92,13,92.30153846153847,152
CUST_165,INV_2471,2024-06-08,415.09,books,upi,new,north,1617.77,12,134.81416666666667,131
CUST_543,INV_2472,2024-02-28,184.31,home,debit card,loyal,west,729.12,10,72.912,179
CUST_10,INV_2473,2024-02-10,155.59,clothing,debit card,returning,west,347.41,6,57.90166666666667,151
CUST_300,INV_2474,2024-04-21,40.08,books,cash on delivery,new,east,811.0799999999999,10,81.10799999999999,124
CUST_728,INV_2475,2024-04-05,76.71,books,credit card,loyal,east,808.54,9,89.83777777777777,142
CUST_800,INV_2476,2024-06-16,14.75,clothing,debit card,returning,north,509.39,7,72.77,148
CUST_101,INV_2477,2024-05-01,77.32,clothing,upi,loyal,north,642.11,11,58.373636363636365,156
CUST_424,INV_2478,2024-06-04,15.77,clothing,cash on delivery,new,east,1788.03,11,162.5481818181818,96
CUST_391,INV_2479,2024-06-13,80.53,home,cash on delivery,loyal,north,759.66,10,75.966,149
CUST_778,INV_2480,2024-04-14,104.62,home,cash on delivery,loyal,north,1093.84,13,84.14153846153846,154
CUST_213,INV_2481,2024-03-14,49.46,beauty,credit card,returning,north,783.45,10,78.345,103
CUST_690,INV_2482,2024-05-11,69.02,home,debit card,returning,east,1153.93,12,96.16083333333334,166
CUST_87,INV_2483,2024-04-08,208.47,clothing,credit card,returning,east,869.63,11,79.05727272727273,164
CUST_552,INV_2484,2024-05-05,11.49,beauty,debit card,new,south,966.34,10,96.634,166
CUST_400,INV_2485,2024-05-17,156.89,clothing,cash on delivery,returning,west,2887.32,18,160.40666666666667,165
CUST_587,INV_2486,2024-06-23,18.72,electronics,upi,new,south,1142.67,14,81.61928571428572,176
CUST_888,INV_2487,2024-03-15,3.74,books,upi,returning,north,922.5,13,70.96153846153847,151
CUST_45,INV_2488,2024-01-14,20.53,electronics,credit card,returning,north,607.77,7,86.82428571428571,148
CUST_671,INV_2489,2024-02-07,144.84,clothing,cash on delivery,returning,south,1361.11,14,97.22214285714286,172
CUST_462,INV_2490,2024-05-19,51.94,home,debit card,returning,south,682.57,8,85.32125,165
CUST_591,INV_2491,2024-02-14,205.98,books,credit card,new,south,963.76,6,160.62666666666667,104
CUST_309,INV_2492,2024-05-24,74.38,home,cash on delivery,new,north,643.33,8,80.41625,164
CUST_85,INV_2493,2024-06-11,2.25,home,credit card,new,north,780.99,11,70.99909090909091,156
CUST_91,INV_2494,2024-03-15,126.13,books,upi,returning,south,802.32,10,80.232,137
CUST_659,INV_2495,2024-06-17,11.68,books,cash on delivery,returning,east,1856.52,14,132.60857142857142,164
CUST_672,INV_2496,2024-01-29,155.77,electronics,credit card,returning,west,832.29,10,83.229,127
CUST_713,INV_2497,2024-01-18,18.4,clothing,debit card,new,west,902.01,11,82.00090909090909,163
CUST_935,INV_2498,2024-01-20,42.38,home,upi,loyal,south,2032.24,18,112.90222222222222,169
CUST_927,INV_2499,2024-01-14,143.24,clothing,debit card,loyal,east,718.8000000000001,9,79.86666666666667,179
CUST_241,INV_2500,2024-06-10,308.42,clothing,credit card,loyal,west,1114.7,12,92.89166666666667,155
CUST_864,INV_2501,2024-06-25,46.43,beauty,cash on delivery,new,east,854.61,7,122.08714285714287,162
CUST_1,INV_2502,2024-02-23,176.84,electronics,upi,loyal,west,1418.52,9,157.61333333333334,158
CUST_224,INV_2503,2024-01-31,21.17,home,debit card,new,west,835.81,11,75.98272727272727,150
CUST_800,INV_2504,2024-02-27,164.6,books,debit card,new,north,509.39,7,72.77,148
CUST_744,INV_2505,2024-04-13,107.15,books,cash on delivery,returning,east,852.41,7,121.77285714285713,140
CUST_972,INV_2506,2024-06-18,21.41,clothing,credit card,returning,west,2206.61,18,122.58944444444445,154
CUST_925,INV_2507,2024-05-07,36.03,electronics,debit card,new,east,685.0,8,85.625,162
CUST_928,INV_2508,2024-06-06,14.13,electronics,credit card,loyal,south,1642.5,21,78.21428571428571,169
CUST_588,INV_2509,2024-01-25,48.28,home,credit card,new,south,1285.54,10,128.554,163
CUST_115,INV_2510,2024-01-19,22.77,home,credit card,new,east,515.52,10,51.552,133
CUST_665,INV_2511,2024-05-15,103.28,clothing,cash on delivery,loyal,west,1727.89,15,115.19266666666667,146
CUST_917,INV_2512,2024-01-03,520.39,clothing,credit card,returning,south,1029.23,7,147.03285714285715,153
CUST_102,INV_2513,2024-03-26,1.21,clothing,upi,new,south,1174.56,8,146.82,153
CUST_193,INV_2514,2024-05-24,77.85,beauty,cash on delivery,returning,west,1323.7,13,101.82307692307693,165
CUST_165,INV_2515,2024-05-21,85.25,electronics,debit card,returning,south,1617.77,12,134.81416666666667,131
CUST_870,INV_2516,2024-01-09,245.58,clothing,cash on delivery,returning,south,1217.66,12,101.47166666666668,169
CUST_89,INV_2517,2024-04-03,70.52,electronics,debit card,new,west,1903.25,14,135.94642857142858,151
CUST_685,INV_2518,2024-05-28,78.46,books,upi,loyal,east,1553.76,10,155.376,168
CUST_121,INV_2519,2024-06-13,63.8,books,credit card,loyal,east,1001.52,11,91.04727272727273,157
CUST_142,INV_2520,2024-05-18,31.32,electronics,credit card,returning,west,1343.5,12,111.95833333333333,138
CUST_993,INV_2521,2024-01-20,5.77,books,credit card,returning,west,490.41,10,49.041000000000004,167
CUST_105,INV_2522,2024-02-04,52.54,books,credit card,loyal,east,1413.3799999999999,12,117.78166666666665,153
CUST_886,INV_2523,2024-02-22,5.4,books,cash on delivery,returning,west,1133.96,12,94.49666666666667,164
CUST_427,INV_2524,2024-06-23,79.96,home,upi,loyal,east,618.85,10,61.885000000000005,172
CUST_304,INV_2525,2024-04-19,36.71,home,debit card,loyal,east,751.09,11,68.28090909090909,165
CUST_871,INV_2526,2024-06-28,76.27,electronics,cash on delivery,new,north,1672.77,14,119.48357142857142,177
CUST_970,INV_2527,2024-05-15,14.42,electronics,credit card,returning,south,1611.8600000000001,13,123.98923076923077,143
CUST_316,INV_2528,2024-01-04,269.76,beauty,credit card,returning,west,1069.17,8,133.64625,175
CUST_962,INV_2529,2024-06-03,224.92,home,credit card,new,north,1727.8,16,107.9875,166
CUST_634,INV_2530,2024-06-20,21.07,electronics,debit card,loyal,east,1118.36,6,186.39333333333332,146
CUST_901,INV_2531,2024-06-16,42.07,home,debit card,returning,west,1474.79,12,122.89916666666666,165
CUST_8,INV_2532,2024-04-11,95.06,beauty,cash on delivery,new,south,779.15,6,129.85833333333332,156
CUST_773,INV_2533,2024-02-16,10.06,electronics,upi,loyal,east,730.25,10,73.025,139
CUST_72,INV_2534,2024-04-03,43.78,electronics,debit card,new,north,2477.25,19,130.3815789473684,176
CUST_358,INV_2535,2024-06-20,28.92,electronics,cash on delivery,new,east,1136.22,8,142.0275,133
CUST_222,INV_2536,2024-02-17,247.12,electronics,debit card,new,west,1302.41,12,108.53416666666668,170
CUST_415,INV_2537,2024-03-31,191.4,clothing,cash on delivery,new,south,1779.05,10,177.905,132
CUST_552,INV_2538,2024-06-28,86.71,home,credit card,loyal,east,966.34,10,96.634,166
CUST_369,INV_2539,2024-03-24,73.47,home,debit card,new,west,556.19,7,79.4557142857143,157
CUST_715,INV_2540,2024-03-08,266.97,home,credit card,loyal,west,1019.37,7,145.62428571428572,162
CUST_263,INV_2541,2024-05-18,269.46,beauty,upi,new,east,1411.37,8,176.42125,87
CUST_839,INV_2542,2024-05-04,348.45,clothing,credit card,new,south,1780.11,16,111.256875,135
CUST_689,INV_2543,2024-03-13,13.4,home,upi,returning,west,1618.6299999999999,10,161.863,138
CUST_859,INV_2544,2024-01-04,17.5,home,debit card,returning,north,249.97,6,41.66166666666667,157
CUST_317,INV_2545,2024-03-16,112.93,electronics,upi,returning,north,2119.2799999999997,16,132.45499999999998,166
CUST_83,INV_2546,2024-03-13,77.97,electronics,credit card,returning,south,1386.48,14,99.03428571428572,166
CUST_317,INV_2547,2024-03-17,1.86,electronics,debit card,new,south,2119.2799999999997,16,132.45499999999998,166
CUST_110,INV_2548,2024-02-17,6.4,home,cash on delivery,new,north,3131.33,17,184.19588235294117,168
CUST_250,INV_2549,2024-06-02,219.0,electronics,debit card,loyal,south,1687.99,12,140.66583333333332,171
CUST_382,INV_2550,2024-04-11,203.16,home,cash on delivery,new,north,1317.6999999999998,10,131.76999999999998,153
CUST_6,INV_2551,2024-04-15,44.2,beauty,credit card,loyal,east,1140.84,11,103.71272727272726,176
CUST_458,INV_2552,2024-03-17,221.69,beauty,debit card,new,north,1730.79,13,133.1376923076923,145
CUST_83,INV_2553,2024-02-08,90.06,books,cash on delivery,new,south,1386.48,14,99.03428571428572,166
CUST_207,INV_2554,2024-02-27,163.94,clothing,credit card,loyal,east,991.4,8,123.925,109
CUST_899,INV_2555,2024-01-19,55.76,electronics,upi,returning,south,1282.45,12,106.87083333333334,155
CUST_389,INV_2556,2024-03-28,12.04,electronics,cash on delivery,new,north,1622.9,15,108.19333333333334,171
CUST_313,INV_2557,2024-04-22,56.87,clothing,upi,returning,east,2380.87,15,158.72466666666665,132
CUST_21,INV_2558,2024-03-17,61.12,clothing,debit card,loyal,west,1068.97,15,71.26466666666667,156
CUST_409,INV_2559,2024-03-17,80.06,books,cash on delivery,new,north,831.6800000000001,8,103.96000000000001,142
CUST_894,INV_2560,2024-01-28,11.16,clothing,credit card,loyal,east,761.35,10,76.135,161
CUST_514,INV_2561,2024-03-06,475.62,home,credit card,new,west,1404.29,10,140.429,167
CUST_126,INV_2562,2024-01-10,27.99,electronics,upi,loyal,south,547.5600000000001,11,49.77818181818182,167
CUST_808,INV_2563,2024-05-05,22.13,clothing,credit card,loyal,north,407.65999999999997,3,135.88666666666666,17
CUST_699,INV_2564,2024-02-27,74.82,home,debit card,returning,east,2424.12,16,151.5075,174
CUST_873,INV_2565,2024-05-21,77.05,clothing,debit card,returning,west,468.77,6,78.12833333333333,127
CUST_13,INV_2566,2024-05-04,57.95,home,upi,returning,east,778.9,10,77.89,76
CUST_970,INV_2567,2024-04-21,147.79,beauty,cash on delivery,new,east,1611.8600000000001,13,123.98923076923077,143
CUST_977,INV_2568,2024-03-24,72.7,home,credit card,loyal,north,804.0,9,89.33333333333333,111
CUST_11,INV_2569,2024-05-22,94.08,books,debit card,returning,south,2019.26,18,112.18111111111111,160
CUST_86,INV_2570,2024-04-05,128.64,home,cash on delivery,new,west,824.3199999999999,11,74.93818181818182,145
CUST_523,INV_2571,2024-02-02,2.53,clothing,debit card,returning,south,1222.61,11,111.14636363636363,172
CUST_908,INV_2572,2024-05-24,84.55,beauty,debit card,new,west,947.69,13,72.89923076923077,157
CUST_536,INV_2573,2024-05-31,215.58,beauty,cash on delivery,loyal,east,2514.01,16,157.125625,170
CUST_300,INV_2574,2024-06-06,1.75,home,cash on delivery,loyal,west,811.0799999999999,10,81.10799999999999,124
CUST_242,INV_2575,2024-05-20,51.95,clothing,credit card,loyal,west,565.77,6,94.295,126
CUST_121,INV_2576,2024-02-16,260.68,beauty,upi,new,south,1001.52,11,91.04727272727273,157
CUST_146,INV_2577,2024-04-21,43.56,home,upi,loyal,west,1396.88,13,107.4523076923077,172
CUST_566,INV_2578,2024-05-23,61.38,home,debit card,new,north,968.67,13,74.51307692307692,111
CUST_749,INV_2579,2024-02-12,399.22,home,upi,new,south,1129.43,8,141.17875,158
CUST_355,INV_2580,2024-01-08,22.23,beauty,debit card,new,south,1291.94,10,129.19400000000002,158
CUST_684,INV_2581,2024-01-03,6.75,electronics,cash on delivery,loyal,north,2119.79,18,117.76611111111112,175
CUST_903,INV_2582,2024-05-04,196.2,clothing,debit card,loyal,north,1026.3,8,128.2875,158
CUST_732,INV_2583,2024-01-12,202.85,books,credit card,loyal,south,586.39,9,65.15444444444444,176
CUST_630,INV_2584,2024-03-24,63.88,books,debit card,new,south,1144.15,11,104.01363636363637,164
CUST_308,INV_2585,2024-01-16,72.2,clothing,debit card,loyal,south,595.39,9,66.15444444444444,148
CUST_694,INV_2586,2024-03-18,180.67,electronics,credit card,new,east,958.35,7,136.90714285714287,178
CUST_287,INV_2587,2024-02-28,134.15,clothing,credit card,loyal,west,1150.8600000000001,13,88.52769230769232,152
CUST_306,INV_2588,2024-06-25,30.81,home,upi,new,north,352.3,5,70.46000000000001,154
CUST_811,INV_2589,2024-03-03,1.7,clothing,cash on delivery,returning,east,484.46,4,121.115,40
CUST_593,INV_2590,2024-02-18,65.34,clothing,cash on delivery,loyal,east,816.65,10,81.66499999999999,122
CUST_965,INV_2591,2024-02-20,195.84,beauty,credit card,loyal,east,680.35,8,85.04375,139
CUST_913,INV_2592,2024-02-02,226.18,books,cash on delivery,new,west,1886.23,11,171.47545454545454,176
CUST_722,INV_2593,2024-01-30,312.87,books,debit card,new,east,649.23,4,162.3075,106
CUST_661,INV_2594,2024-03-16,211.66,home,cash on delivery,new,south,1633.99,15,108.93266666666666,133
CUST_548,INV_2595,2024-01-15,86.76,home,credit card,returning,north,588.86,9,65.42888888888889,128
CUST_351,INV_2596,2024-03-22,58.81,beauty,cash on delivery,loyal,west,887.71,9,98.63444444444445,165
CUST_311,INV_2597,2024-04-01,149.1,home,credit card,new,west,408.44,6,68.07333333333334,73
CUST_872,INV_2598,2024-01-23,134.64,electronics,upi,returning,south,1664.3799999999999,9,184.9311111111111,146
CUST_58,INV_2599,2024-04-03,77.25,beauty,credit card,returning,north,1328.9,14,94.92142857142858,150
CUST_642,INV_2600,2024-02-14,9.14,beauty,debit card,new,east,751.1500000000001,7,107.30714285714286,150
CUST_923,INV_2601,2024-03-02,260.48,clothing,debit card,loyal,west,935.05,9,103.89444444444445,156
CUST_713,INV_2602,2024-01-15,60.81,clothing,debit card,new,north,902.01,11,82.00090909090909,163
CUST_754,INV_2603,2024-02-15,45.15,electronics,credit card,new,west,524.78,7,74.96857142857142,139
CUST_34,INV_2604,2024-03-04,99.31,beauty,credit card,new,north,905.3,11,82.3,164
CUST_444,INV_2605,2024-06-22,112.04,beauty,debit card,returning,north,1275.1,12,106.25833333333333,172
CUST_92,INV_2606,2024-06-20,23.66,clothing,cash on delivery,returning,north,1036.66,13,79.74307692307693,129
CUST_949,INV_2607,2024-03-15,181.36,books,credit card,loyal,south,874.32,8,109.29,86
CUST_958,INV_2608,2024-06-05,34.24,books,cash on delivery,returning,west,897.02,9,99.66888888888889,134
CUST_206,INV_2609,2024-02-21,20.66,clothing,upi,new,east,741.92,13,57.07076923076923,157
CUST_352,INV_2610,2024-03-28,52.15,home,upi,returning,south,628.7,6,104.78333333333335,86
CUST_902,INV_2611,2024-02-26,131.14,beauty,upi,loyal,east,1227.18,10,122.718,167
CUST_331,INV_2612,2024-03-23,336.56,electronics,upi,new,south,887.69,7,126.81285714285715,126
CUST_816,INV_2613,2024-03-06,165.7,books,debit card,new,south,870.73,13,66.97923076923077,147
CUST_861,INV_2614,2024-05-29,281.92,home,credit card,returning,south,1233.14,8,154.1425,135
CUST_724,INV_2615,2024-01-20,15.15,beauty,upi,returning,north,611.95,10,61.19500000000001,167
CUST_158,INV_2616,2024-02-02,7.38,home,debit card,loyal,west,1210.0800000000002,9,134.45333333333335,138
CUST_953,INV_2617,2024-03-12,81.58,beauty,upi,new,north,781.53,8,97.69125,161
CUST_956,INV_2618,2024-01-25,34.29,beauty,credit card,loyal,north,1002.25,9,111.36111111111111,128
CUST_23,INV_2619,2024-02-15,176.06,clothing,upi,returning,north,336.84000000000003,2,168.42000000000002,12
CUST_403,INV_2620,2024-03-13,111.47,clothing,upi,new,south,1055.5900000000001,8,131.94875000000002,91
CUST_804,INV_2621,2024-04-07,353.11,electronics,cash on delivery,returning,south,1903.26,13,146.4046153846154,150
CUST_515,INV_2622,2024-02-26,29.41,electronics,cash on delivery,new,east,884.47,13,68.03615384615385,165
CUST_731,INV_2623,2024-03-27,66.51,home,cash on delivery,loyal,west,1332.29,12,111.02416666666666,153
CUST_363,INV_2624,2024-05-12,69.56,clothing,cash on delivery,new,north,1494.74,16,93.42125,141
CUST_381,INV_2625,2024-02-24,27.34,beauty,upi,returning,north,1291.66,10,129.166,129
CUST_531,INV_2626,2024-03-01,89.18,clothing,upi,new,north,972.35,11,88.39545454545454,123
CUST_955,INV_2627,2024-03-29,58.57,beauty,cash on delivery,loyal,west,1447.9499999999998,15,96.52999999999999,151
CUST_151,INV_2628,2024-01-08,59.19,clothing,credit card,returning,west,537.1,7,76.72857142857143,173
CUST_561,INV_2629,2024-01-16,45.06,beauty,debit card,loyal,west,680.04,8,85.005,150
CUST_688,INV_2630,2024-06-24,1.71,home,upi,new,north,1145.06,9,127.22888888888889,143
CUST_946,INV_2631,2024-04-25,73.83,clothing,cash on delivery,new,west,1168.55,16,73.034375,160
CUST_607,INV_2632,2024-03-01,40.83,books,debit card,new,north,1399.46,12,116.62166666666667,143
CUST_616,INV_2633,2024-01-15,0.13,books,cash on delivery,new,north,639.3,7,91.32857142857142,121
CUST_419,INV_2634,2024-05-29,36.81,beauty,cash on delivery,returning,west,1069.12,15,71.27466666666666,166
CUST_249,INV_2635,2024-05-10,32.66,home,credit card,new,south,321.73,8,40.21625,109
CUST_116,INV_2636,2024-04-11,50.0,beauty,credit card,returning,north,1609.68,13,123.82153846153847,148
CUST_865,INV_2637,2024-02-23,14.14,home,upi,returning,north,636.91,13,48.99307692307692,136
CUST_511,INV_2638,2024-01-14,70.86,electronics,cash on delivery,returning,south,820.69,8,102.58625,138
CUST_739,INV_2639,2024-02-05,117.91,clothing,debit card,new,west,1467.28,10,146.728,164
CUST_577,INV_2640,2024-04-14,99.48,home,upi,new,east,526.32,8,65.79,137
CUST_334,INV_2641,2024-03-22,162.84,beauty,credit card,loyal,south,1143.87,11,103.98818181818181,133
CUST_417,INV_2642,2024-03-07,60.15,electronics,upi,new,west,1103.4,6,183.9,128
CUST_931,INV_2643,2024-01-10,73.21,beauty,upi,new,north,970.01,9,107.77888888888889,112
CUST_773,INV_2644,2024-02-18,166.28,books,cash on delivery,new,south,730.25,10,73.025,139
CUST_294,INV_2645,2024-04-20,55.81,books,debit card,returning,north,2038.52,9,226.50222222222223,152
CUST_937,INV_2646,2024-03-05,120.93,clothing,credit card,loyal,south,1849.38,14,132.09857142857143,167
CUST_754,INV_2647,2024-02-26,57.02,clothing,upi,new,east,524.78,7,74.96857142857142,139
CUST_370,INV_2648,2024-01-27,54.08,electronics,upi,loyal,north,1717.41,10,171.741,145
CUST_185,INV_2649,2024-04-22,142.8,books,cash on delivery,returning,west,445.11,6,74.185,142
CUST_245,INV_2650,2024-05-12,19.22,home,upi,loyal,south,731.02,10,73.102,168
CUST_636,INV_2651,2024-03-11,41.34,books,debit card,loyal,south,1154.28,9,128.25333333333333,87
CUST_267,INV_2652,2024-03-23,25.38,clothing,cash on delivery,loyal,south,1714.25,16,107.140625,141
CUST_642,INV_2653,2024-02-26,44.49,beauty,credit card,loyal,north,751.1500000000001,7,107.30714285714286,150
CUST_236,INV_2654,2024-04-29,26.19,electronics,upi,loyal,west,1333.49,14,95.24928571428572,169
CUST_529,INV_2655,2024-04-02,86.61,books,upi,returning,south,973.99,12,81.16583333333334,133
CUST_551,INV_2656,2024-01-15,160.03,home,cash on delivery,new,north,567.21,6,94.53500000000001,162
CUST_20,INV_2657,2024-04-20,154.46,home,upi,loyal,north,1237.24,11,112.47636363636364,158
CUST_910,INV_2658,2024-04-10,45.33,home,credit card,returning,east,983.23,10,98.32300000000001,151
CUST_736,INV_2659,2024-04-28,448.83,electronics,debit card,returning,west,777.28,6,129.54666666666665,122
CUST_866,INV_2660,2024-03-16,90.1,home,debit card,new,east,927.96,11,84.36,149
CUST_793,INV_2661,2024-06-06,50.98,home,cash on delivery,returning,south,1227.72,15,81.848,141
CUST_519,INV_2662,2024-01-20,180.51,books,upi,new,north,1053.73,14,75.26642857142858,151
CUST_99,INV_2663,2024-06-13,130.89,electronics,cash on delivery,loyal,south,591.23,7,84.46142857142857,164
CUST_751,INV_2664,2024-05-10,138.34,beauty,cash on delivery,returning,north,1251.49,10,125.149,114
CUST_477,INV_2665,2024-03-13,21.83,beauty,cash on delivery,returning,north,772.8199999999999,7,110.40285714285713,171
CUST_598,INV_2666,2024-05-01,63.17,home,cash on delivery,returning,west,1016.04,9,112.89333333333333,119
CUST_297,INV_2667,2024-02-10,197.93,clothing,cash on delivery,loyal,south,943.38,9,104.82,163
CUST_939,INV_2668,2024-06-15,70.13,electronics,upi,new,west,1461.0900000000001,15,97.406,141
CUST_525,INV_2669,2024-06-02,115.03,clothing,debit card,new,north,1304.45,15,86.96333333333334,174
CUST_333,INV_2670,2024-05-09,88.66,electronics,debit card,returning,south,1502.38,12,125.19833333333334,162
CUST_1,INV_2671,2024-01-23,184.74,electronics,debit card,returning,north,1418.52,9,157.61333333333334,158
CUST_374,INV_2672,2024-01-23,33.49,books,upi,loyal,south,1235.58,13,95.04461538461538,162
CUST_292,INV_2673,2024-05-23,85.68,home,upi,loyal,south,1356.77,9,150.75222222222223,141
CUST_836,INV_2674,2024-01-09,13.15,books,cash on delivery,new,east,1783.42,12,148.61833333333334,164
CUST_933,INV_2675,2024-01-13,117.19,clothing,debit card,returning,east,816.76,11,74.25090909090909,151
CUST_552,INV_2676,2024-06-04,131.66,clothing,cash on delivery,returning,west,966.34,10,96.634,166
CUST_317,INV_2677,2024-06-03,4.38,beauty,debit card,returning,north,2119.2799999999997,16,132.45499999999998,166
CUST_501,INV_2678,2024-02-20,112.64,books,credit card,returning,west,1046.85,9,116.31666666666666,112
CUST_827,INV_2679,2024-03-04,53.56,books,upi,loyal,south,1576.78,15,105.11866666666667,163
CUST_380,INV_2680,2024-02-21,13.25,books,credit card,loyal,west,1306.4,14,93.31428571428572,144
CUST_622,INV_2681,2024-02-07,54.46,beauty,debit card,new,south,904.56,11,82.23272727272727,146
CUST_13,INV_2682,2024-04-09,21.6,books,cash on delivery,returning,west,778.9,10,77.89,76
CUST_503,INV_2683,2024-05-25,53.71,books,upi,loyal,west,1643.37,11,149.3972727272727,159
CUST_230,INV_2684,2024-02-20,48.51,books,upi,returning,south,415.83,9,46.20333333333333,125
CUST_984,INV_2685,2024-05-16,134.09,books,cash on delivery,new,south,1069.58,12,89.13166666666666,172
CUST_83,INV_2686,2024-05-20,148.82,clothing,credit card,returning,west,1386.48,14,99.03428571428572,166
CUST_129,INV_2687,2024-06-16,93.4,home,credit card,loyal,south,1389.36,17,81.7270588235294,163
CUST_742,INV_2688,2024-02-24,2.29,clothing,credit card,loyal,west,989.5600000000001,7,141.3657142857143,149
CUST_837,INV_2689,2024-04-18,267.4,books,credit card,new,north,747.28,9,83.0311111111111,122
CUST_144,INV_2690,2024-06-19,115.91,electronics,upi,new,east,870.74,9,96.74888888888889,156
CUST_890,INV_2691,2024-02-13,3.48,electronics,debit card,returning,south,2004.37,19,105.49315789473684,170
CUST_856,INV_2692,2024-04-19,170.83,beauty,cash on delivery,returning,south,1079.73,8,134.96625,123
CUST_27,INV_2693,2024-06-09,22.35,clothing,debit card,loyal,west,947.5699999999999,9,105.28555555555555,161
CUST_65,INV_2694,2024-05-31,86.56,beauty,debit card,loyal,south,1054.71,8,131.83875,173
CUST_162,INV_2695,2024-06-12,62.85,beauty,credit card,loyal,north,1730.47,10,173.047,153
CUST_228,INV_2696,2024-05-07,54.44,electronics,debit card,new,east,1295.1399999999999,14,92.50999999999999,145
CUST_260,INV_2697,2024-04-14,220.47,clothing,credit card,new,east,1024.5,10,102.45,157
CUST_448,INV_2698,2024-01-10,57.51,home,credit card,new,south,973.53,9,108.17,131
CUST_423,INV_2699,2024-04-09,7.83,clothing,debit card,returning,north,496.1,10,49.61,162
CUST_459,INV_2700,2024-05-27,293.07,beauty,cash on delivery,new,east,1002.65,10,100.265,162
CUST_951,INV_2701,2024-04-18,253.24,books,debit card,returning,east,1323.99,12,110.3325,141
CUST_675,INV_2702,2024-04-17,115.34,beauty,debit card,returning,north,1513.6100000000001,13,116.43153846153847,143
CUST_300,INV_2703,2024-05-19,63.09,clothing,upi,returning,east,811.0799999999999,10,81.10799999999999,124
CUST_918,INV_2704,2024-05-25,9.75,electronics,credit card,new,west,1603.97,14,114.56928571428571,169
CUST_302,INV_2705,2024-04-03,156.42,clothing,upi,loyal,north,1727.23,14,123.37357142857142,155
CUST_286,INV_2706,2024-03-03,7.85,home,cash on delivery,new,east,1970.11,12,164.17583333333332,155
CUST_394,INV_2707,2024-03-24,7.11,books,debit card,new,north,1095.95,8,136.99375,161
CUST_9,INV_2708,2024-01-25,77.09,books,upi,new,south,883.4699999999999,13,67.95923076923076,156
CUST_706,INV_2709,2024-01-12,17.45,beauty,upi,returning,east,110.28,5,22.056,104
CUST_629,INV_2710,2024-05-28,0.78,clothing,debit card,loyal,east,1015.25,13,78.09615384615384,153
CUST_269,INV_2711,2024-01-25,55.01,electronics,debit card,new,west,1414.0900000000001,12,117.84083333333335,156
CUST_591,INV_2712,2024-01-11,14.76,home,credit card,new,west,963.76,6,160.62666666666667,104
CUST_969,INV_2713,2024-03-04,17.5,beauty,credit card,returning,east,344.49,8,43.06125,153
CUST_604,INV_2714,2024-05-05,8.0,clothing,upi,new,north,755.38,10,75.538,148
CUST_777,INV_2715,2024-02-19,22.95,electronics,debit card,new,east,627.48,11,57.04363636363637,172
CUST_843,INV_2716,2024-03-29,125.7,clothing,credit card,returning,west,735.54,9,81.72666666666666,112
CUST_861,INV_2717,2024-04-08,165.51,electronics,credit card,new,west,1233.14,8,154.1425,135
CUST_360,INV_2718,2024-04-25,60.25,clothing,cash on delivery,loyal,east,1133.4299999999998,11,103.03909090909089,83
CUST_256,INV_2719,2024-04-05,70.63,clothing,upi,returning,north,801.95,5,160.39000000000001,87
CUST_132,INV_2720,2024-06-25,3.32,beauty,upi,loyal,east,564.31,6,94.05166666666666,176
CUST_275,INV_2721,2024-01-14,7.18,clothing,upi,new,east,861.36,10,86.136,152
CUST_775,INV_2722,2024-01-01,29.78,clothing,debit card,returning,north,1331.75,19,70.09210526315789,129
CUST_682,INV_2723,2024-01-25,78.5,beauty,cash on delivery,returning,north,735.53,8,91.94125,124
CUST_971,INV_2724,2024-03-12,134.53,beauty,credit card,new,north,658.75,8,82.34375,161
CUST_512,INV_2725,2024-03-09,92.89,books,cash on delivery,loyal,east,651.4,8,81.425,137
CUST_312,INV_2726,2024-05-12,49.78,books,credit card,new,south,1643.46,13,126.42,152
CUST_575,INV_2727,2024-04-14,12.59,beauty,credit card,returning,north,542.46,8,67.8075,137
CUST_885,INV_2728,2024-05-26,151.76,home,cash on delivery,returning,east,990.19,11,90.01727272727273,143
CUST_979,INV_2729,2024-01-23,45.22,electronics,upi,returning,south,943.08,10,94.308,123
CUST_283,INV_2730,2024-01-09,133.2,beauty,debit card,new,west,1223.8,10,122.38,171
CUST_120,INV_2731,2024-04-27,71.94,books,cash on delivery,new,south,731.67,6,121.945,142
CUST_106,INV_2732,2024-04-03,134.19,clothing,upi,new,north,1046.54,8,130.8175,138
CUST_932,INV_2733,2024-06-26,237.83,beauty,upi,loyal,north,702.75,7,100.39285714285714,170
CUST_686,INV_2734,2024-05-23,253.87,beauty,debit card,loyal,north,778.83,13,59.910000000000004,142
CUST_996,INV_2735,2024-02-02,76.59,books,debit card,loyal,west,892.71,10,89.271,139
CUST_203,INV_2736,2024-05-09,71.64,books,upi,returning,north,469.57,7,67.08142857142857,132
CUST_164,INV_2737,2024-01-14,30.88,home,debit card,loyal,north,633.75,10,63.375,164
CUST_304,INV_2738,2024-01-01,274.57,books,upi,returning,east,751.09,11,68.28090909090909,165
CUST_496,INV_2739,2024-03-30,61.23,books,credit card,loyal,east,876.26,11,79.66,159
CUST_631,INV_2740,2024-03-29,13.65,books,debit card,loyal,west,334.24,7,47.74857142857143,129
CUST_555,INV_2741,2024-05-23,56.69,clothing,credit card,returning,north,1410.72,14,100.76571428571428,147
CUST_823,INV_2742,2024-03-30,13.59,beauty,debit card,new,east,1463.07,9,162.56333333333333,98
CUST_155,INV_2743,2024-06-23,69.82,beauty,upi,loyal,north,952.72,14,68.05142857142857,160
CUST_366,INV_2744,2024-06-20,82.39,books,upi,returning,north,1142.62,13,87.89384615384614,141
CUST_718,INV_2745,2024-01-14,41.21,home,upi,new,south,181.48,4,45.37,153
CUST_901,INV_2746,2024-05-31,7.43,books,upi,new,north,1474.79,12,122.89916666666666,165
CUST_619,INV_2747,2024-04-20,287.36,home,upi,new,south,1679.21,13,129.17000000000002,165
CUST_250,INV_2748,2024-05-22,148.44,beauty,upi,returning,east,1687.99,12,140.66583333333332,171
CUST_956,INV_2749,2024-03-23,182.56,home,debit card,loyal,north,1002.25,9,111.36111111111111,128
CUST_915,INV_2750,2024-03-12,45.71,home,debit card,loyal,south,779.0500000000001,9,86.56111111111112,125
CUST_881,INV_2751,2024-06-10,143.06,electronics,credit card,loyal,south,900.24,9,100.02666666666667,79
CUST_333,INV_2752,2024-05-09,66.43,home,cash on delivery,new,east,1502.38,12,125.19833333333334,162
CUST_641,INV_2753,2024-01-27,22.45,home,debit card,loyal,south,1177.91,8,147.23875,167
CUST_968,INV_2754,2024-03-14,13.29,clothing,debit card,returning,north,503.72,5,100.744,144
CUST_510,INV_2755,2024-04-08,42.32,beauty,cash on delivery,loyal,north,657.49,14,46.96357142857143,136
CUST_292,INV_2756,2024-03-12,14.8,books,cash on delivery,loyal,south,1356.77,9,150.75222222222223,141
CUST_19,INV_2757,2024-01-23,635.9,electronics,credit card,loyal,north,2104.34,10,210.43400000000003,153
CUST_281,INV_2758,2024-03-08,5.04,home,credit card,loyal,north,426.09000000000003,8,53.261250000000004,166
CUST_796,INV_2759,2024-05-21,58.19,clothing,upi,returning,west,1466.08,11,133.28,175
CUST_0,INV_2760,2024-04-26,60.17,clothing,credit card,loyal,south,944.31,16,59.019375,127
CUST_118,INV_2761,2024-04-15,35.76,books,credit card,new,east,919.75,9,102.19444444444444,146
CUST_34,INV_2762,2024-04-02,84.71,books,cash on delivery,loyal,east,905.3,11,82.3,164
CUST_197,INV_2763,2024-03-05,16.25,beauty,debit card,new,north,939.88,9,104.43111111111111,139
CUST_484,INV_2764,2024-03-08,153.21,home,upi,new,south,1281.8899999999999,16,80.11812499999999,162
CUST_756,INV_2765,2024-05-07,40.41,clothing,credit card,new,north,528.06,7,75.43714285714285,130
CUST_58,INV_2766,2024-03-03,89.49,electronics,cash on delivery,returning,north,1328.9,14,94.92142857142858,150
CUST_836,INV_2767,2024-04-22,125.75,beauty,upi,new,south,1783.42,12,148.61833333333334,164
CUST_160,INV_2768,2024-03-30,219.86,home,upi,new,east,1260.26,17,74.13294117647058,158
CUST_690,INV_2769,2024-03-21,180.66,books,cash on delivery,loyal,west,1153.93,12,96.16083333333334,166
CUST_205,INV_2770,2024-04-12,93.73,home,credit card,returning,west,1322.57,13,101.73615384615384,175
CUST_11,INV_2771,2024-06-08,49.17,books,credit card,returning,north,2019.26,18,112.18111111111111,160
CUST_489,INV_2772,2024-04-25,69.96,home,credit card,returning,west,1291.16,15,86.07733333333334,149
CUST_275,INV_2773,2024-01-13,146.42,electronics,credit card,new,east,861.36,10,86.136,152
CUST_692,INV_2774,2024-05-03,210.0,beauty,upi,new,north,2789.69,17,164.09941176470588,153
CUST_241,INV_2775,2024-05-26,10.96,books,debit card,new,south,1114.7,12,92.89166666666667,155
CUST_215,INV_2776,2024-05-31,48.59,electronics,upi,loyal,west,1566.6299999999999,12,130.55249999999998,135
CUST_250,INV_2777,2024-03-28,149.66,clothing,upi,new,south,1687.99,12,140.66583333333332,171
CUST_810,INV_2778,2024-01-11,56.5,electronics,cash on delivery,returning,east,346.98,8,43.3725,116
CUST_125,INV_2779,2024-01-15,40.38,electronics,upi,loyal,north,1259.0,12,104.91666666666667,149
CUST_993,INV_2780,2024-01-10,52.99,electronics,credit card,loyal,south,490.41,10,49.041000000000004,167
CUST_216,INV_2781,2024-02-10,92.34,books,cash on delivery,returning,north,1413.6200000000001,12,117.80166666666668,124
CUST_305,INV_2782,2024-06-03,854.33,clothing,cash on delivery,new,west,1482.96,10,148.296,141
CUST_796,INV_2783,2024-03-13,67.92,beauty,cash on delivery,loyal,north,1466.08,11,133.28,175
CUST_184,INV_2784,2024-02-21,23.38,electronics,cash on delivery,returning,east,638.32,8,79.79,128
CUST_38,INV_2785,2024-05-07,17.77,books,cash on delivery,new,north,1482.14,19,78.00736842105263,161
CUST_222,INV_2786,2024-01-28,4.33,books,credit card,loyal,north,1302.41,12,108.53416666666668,170
CUST_183,INV_2787,2024-03-05,81.83,beauty,debit card,loyal,west,781.65,10,78.16499999999999,119
CUST_494,INV_2788,2024-01-17,78.65,home,debit card,loyal,east,1187.8400000000001,10,118.78400000000002,140
CUST_426,INV_2789,2024-04-04,22.97,clothing,cash on delivery,loyal,south,803.35,12,66.94583333333334,137
CUST_177,INV_2790,2024-06-20,118.85,clothing,debit card,loyal,north,1067.21,8,133.40125,124
CUST_918,INV_2791,2024-05-17,135.13,electronics,upi,new,north,1603.97,14,114.56928571428571,169
CUST_427,INV_2792,2024-03-03,29.99,home,debit card,returning,south,618.85,10,61.885000000000005,172
CUST_293,INV_2793,2024-06-23,42.17,clothing,upi,loyal,east,1691.33,13,130.10230769230768,168
CUST_851,INV_2794,2024-02-07,465.35,electronics,credit card,returning,south,1729.42,13,133.0323076923077,160
CUST_150,INV_2795,2024-03-10,46.88,home,cash on delivery,returning,north,671.38,7,95.91142857142857,151
CUST_383,INV_2796,2024-04-13,143.05,books,upi,returning,north,1846.6,12,153.88333333333333,151
CUST_637,INV_2797,2024-02-22,60.28,electronics,credit card,new,east,1027.08,13,79.00615384615384,145
CUST_812,INV_2798,2024-06-20,157.67,home,credit card,returning,west,1181.57,10,118.157,147
CUST_307,INV_2799,2024-04-28,146.54,beauty,cash on delivery,returning,east,1040.1299999999999,9,115.57,106
CUST_335,INV_2800,2024-03-14,110.19,clothing,debit card,returning,south,1313.5,11,119.4090909090909,107
CUST_945,INV_2801,2024-02-23,192.95,electronics,credit card,loyal,east,1503.4,13,115.64615384615385,168
CUST_745,INV_2802,2024-01-20,280.05,books,debit card,loyal,south,789.68,7,112.81142857142856,163
CUST_891,INV_2803,2024-03-19,86.75,electronics,debit card,returning,west,1044.83,10,104.48299999999999,139
CUST_374,INV_2804,2024-01-31,27.11,clothing,debit card,new,west,1235.58,13,95.04461538461538,162
CUST_7,INV_2805,2024-05-14,50.85,clothing,upi,loyal,south,1709.73,13,131.5176923076923,164
CUST_340,INV_2806,2024-02-27,142.01,home,debit card,loyal,north,709.45,9,78.82777777777778,168
CUST_128,INV_2807,2024-04-14,105.23,books,debit card,returning,south,1228.05,16,76.753125,176
CUST_775,INV_2808,2024-01-10,19.58,home,credit card,returning,south,1331.75,19,70.09210526315789,129
CUST_668,INV_2809,2024-01-10,5.26,books,cash on delivery,new,east,659.13,9,73.23666666666666,120
CUST_351,INV_2810,2024-02-08,114.87,electronics,upi,loyal,west,887.71,9,98.63444444444445,165
CUST_357,INV_2811,2024-06-04,28.91,electronics,debit card,returning,east,803.75,7,114.82142857142857,131
CUST_516,INV_2812,2024-06-06,69.25,home,cash on delivery,loyal,north,1407.26,13,108.25076923076924,168
CUST_494,INV_2813,2024-02-06,137.34,beauty,debit card,returning,north,1187.8400000000001,10,118.78400000000002,140
CUST_85,INV_2814,2024-04-28,82.71,clothing,debit card,returning,north,780.99,11,70.99909090909091,156
CUST_174,INV_2815,2024-03-07,8.7,home,credit card,new,south,815.64,11,74.1490909090909,134
CUST_801,INV_2816,2024-02-12,20.53,home,cash on delivery,loyal,east,1939.41,12,161.6175,136
CUST_192,INV_2817,2024-02-21,24.76,electronics,credit card,loyal,south,993.54,9,110.39333333333333,161
CUST_310,INV_2818,2024-04-10,29.82,clothing,credit card,returning,north,1082.74,9,120.30444444444444,153
CUST_118,INV_2819,2024-02-25,83.33,home,debit card,new,west,919.75,9,102.19444444444444,146
CUST_217,INV_2820,2024-03-16,70.11,electronics,debit card,new,east,1137.8400000000001,13,87.52615384615386,138
CUST_426,INV_2821,2024-03-08,22.71,electronics,debit card,new,south,803.35,12,66.94583333333334,137
CUST_969,INV_2822,2024-05-16,6.99,home,cash on delivery,loyal,east,344.49,8,43.06125,153
CUST_413,INV_2823,2024-04-15,18.81,home,cash on delivery,returning,south,1491.01,13,114.69307692307692,176
CUST_113,INV_2824,2024-05-04,415.93,electronics,cash on delivery,returning,west,1221.58,10,122.15799999999999,160
CUST_977,INV_2825,2024-04-01,63.21,home,cash on delivery,new,west,804.0,9,89.33333333333333,111
CUST_144,INV_2826,2024-01-23,202.0,clothing,debit card,new,north,870.74,9,96.74888888888889,156
CUST_537,INV_2827,2024-04-18,188.88,electronics,debit card,new,west,949.47,11,86.31545454545454,160
CUST_647,INV_2828,2024-03-01,71.65,electronics,credit card,loyal,south,622.69,12,51.89083333333334,156
CUST_302,INV_2829,2024-06-16,122.65,home,debit card,returning,south,1727.23,14,123.37357142857142,155
CUST_743,INV_2830,2024-02-13,21.41,home,cash on delivery,new,north,1296.94,8,162.1175,106
CUST_880,INV_2831,2024-05-31,116.6,home,upi,new,north,1739.45,16,108.715625,135
CUST_587,INV_2832,2024-06-27,31.8,clothing,debit card,returning,west,1142.67,14,81.61928571428572,176
CUST_986,INV_2833,2024-06-09,178.42,electronics,cash on delivery,loyal,west,782.36,10,78.236,154
CUST_839,INV_2834,2024-01-16,8.74,beauty,credit card,loyal,south,1780.11,16,111.256875,135
CUST_344,INV_2835,2024-01-22,148.34,clothing,debit card,loyal,south,1541.7,12,128.475,156
CUST_813,INV_2836,2024-02-26,10.53,clothing,upi,returning,south,432.77,10,43.277,173
CUST_963,INV_2837,2024-03-02,213.02,electronics,cash on delivery,loyal,north,738.24,7,105.46285714285715,149
CUST_800,INV_2838,2024-04-16,36.27,beauty,debit card,new,north,509.39,7,72.77,148
CUST_0,INV_2839,2024-03-11,106.25,electronics,cash on delivery,loyal,north,944.31,16,59.019375,127
CUST_146,INV_2840,2024-03-30,66.85,clothing,upi,returning,east,1396.88,13,107.4523076923077,172
CUST_286,INV_2841,2024-03-12,45.62,home,upi,loyal,east,1970.11,12,164.17583333333332,155
CUST_975,INV_2842,2024-03-10,103.69,electronics,credit card,returning,north,646.1899999999999,9,71.79888888888888,171
CUST_653,INV_2843,2024-01-30,294.74,electronics,upi,returning,west,955.4,9,106.15555555555555,153
CUST_52,INV_2844,2024-04-12,4.21,home,debit card,loyal,east,946.78,11,86.07090909090908,140
CUST_303,INV_2845,2024-05-30,251.15,beauty,upi,new,west,1490.35,11,135.48636363636362,146
CUST_68,INV_2846,2024-02-01,93.93,beauty,debit card,returning,east,1342.35,15,89.49,125
CUST_360,INV_2847,2024-03-26,164.67,electronics,debit card,loyal,south,1133.4299999999998,11,103.03909090909089,83
CUST_601,INV_2848,2024-02-26,48.43,home,cash on delivery,returning,south,1577.98,13,121.38307692307693,133
CUST_957,INV_2849,2024-04-18,63.84,electronics,debit card,loyal,south,1402.95,15,93.53,149
CUST_219,INV_2850,2024-01-09,203.14,home,debit card,new,west,1823.3,14,130.2357142857143,164
CUST_961,INV_2851,2024-01-31,53.59,clothing,credit card,returning,east,792.14,15,52.809333333333335,165
CUST_703,INV_2852,2024-03-11,76.5,home,cash on delivery,new,east,1227.12,15,81.80799999999999,135
CUST_965,INV_2853,2024-05-16,2.04,electronics,debit card,new,west,680.35,8,85.04375,139
CUST_574,INV_2854,2024-01-13,17.27,books,credit card,new,south,1145.9,15,76.39333333333335,157
CUST_584,INV_2855,2024-05-10,102.63,beauty,cash on delivery,new,west,405.23,4,101.3075,100
CUST_160,INV_2856,2024-02-04,126.22,electronics,upi,new,south,1260.26,17,74.13294117647058,158
CUST_680,INV_2857,2024-01-21,87.37,home,debit card,loyal,north,853.41,11,77.58272727272727,169
CUST_88,INV_2858,2024-03-04,15.47,home,upi,new,east,1012.77,8,126.59625,155
CUST_687,INV_2859,2024-04-04,58.95,beauty,cash on delivery,loyal,west,1128.25,12,94.02083333333333,89
CUST_780,INV_2860,2024-06-28,43.87,electronics,cash on delivery,new,west,1254.05,14,89.575,168
CUST_584,INV_2861,2024-02-03,68.45,books,credit card,new,south,405.23,4,101.3075,100
CUST_756,INV_2862,2024-04-30,204.28,clothing,debit card,returning,west,528.06,7,75.43714285714285,130
CUST_588,INV_2863,2024-06-11,149.55,books,debit card,loyal,south,1285.54,10,128.554,163
CUST_158,INV_2864,2024-01-15,8.77,clothing,credit card,new,south,1210.0800000000002,9,134.45333333333335,138
CUST_488,INV_2865,2024-04-29,221.01,clothing,upi,new,east,1247.72,11,113.42909090909092,117
CUST_970,INV_2866,2024-04-05,63.82,electronics,cash on delivery,new,south,1611.8600000000001,13,123.98923076923077,143
CUST_323,INV_2867,2024-01-06,136.2,clothing,credit card,loyal,south,941.5899999999999,11,85.5990909090909,156
CUST_609,INV_2868,2024-04-18,15.09,home,cash on delivery,loyal,west,2235.26,16,139.70375,177
CUST_380,INV_2869,2024-04-06,111.08,clothing,upi,loyal,west,1306.4,14,93.31428571428572,144
CUST_101,INV_2870,2024-02-01,26.96,clothing,upi,returning,south,642.11,11,58.373636363636365,156
CUST_493,INV_2871,2024-06-28,57.69,beauty,upi,returning,south,1712.71,17,100.74764705882353,171
CUST_643,INV_2872,2024-03-23,1.7,beauty,debit card,new,south,269.44,8,33.68,105
CUST_613,INV_2873,2024-06-04,16.44,electronics,cash on delivery,loyal,north,425.91999999999996,7,60.84571428571428,138
CUST_18,INV_2874,2024-04-27,9.66,electronics,cash on delivery,loyal,south,1436.15,15,95.74333333333334,167
CUST_453,INV_2875,2024-03-19,27.41,home,credit card,returning,north,746.74,8,93.3425,148
CUST_481,INV_2876,2024-03-18,10.54,beauty,cash on delivery,new,west,1460.54,10,146.054,141
CUST_593,INV_2877,2024-05-26,117.74,books,debit card,loyal,east,816.65,10,81.66499999999999,122
CUST_396,INV_2878,2024-04-16,2.95,electronics,credit card,loyal,east,1235.97,10,123.59700000000001,163
CUST_278,INV_2879,2024-05-05,96.17,electronics,upi,new,east,495.45,8,61.93125,163
CUST_850,INV_2880,2024-01-15,15.16,beauty,cash on delivery,returning,east,750.55,8,93.81875,160
CUST_364,INV_2881,2024-05-13,290.34,beauty,debit card,returning,west,1129.3899999999999,9,125.48777777777777,175
CUST_330,INV_2882,2024-03-13,270.45,home,debit card,loyal,east,870.25,13,66.9423076923077,171
CUST_640,INV_2883,2024-04-10,25.55,beauty,cash on delivery,new,west,1006.74,7,143.82,112
CUST_343,INV_2884,2024-04-07,95.3,clothing,debit card,new,west,1414.3899999999999,12,117.86583333333333,169
CUST_821,INV_2885,2024-06-14,2.84,books,upi,new,south,2552.8,18,141.82222222222222,162
CUST_454,INV_2886,2024-01-26,268.51,clothing,cash on delivery,loyal,south,1356.76,14,96.91142857142857,178
CUST_600,INV_2887,2024-04-01,74.02,clothing,cash on delivery,returning,east,1760.6799999999998,14,125.76285714285713,168
CUST_724,INV_2888,2024-05-04,4.42,clothing,cash on delivery,returning,south,611.95,10,61.19500000000001,167
CUST_654,INV_2889,2024-06-27,41.93,electronics,credit card,returning,north,1045.21,10,104.521,156
CUST_64,INV_2890,2024-03-13,8.0,clothing,upi,returning,north,1123.87,14,80.27642857142857,167
CUST_75,INV_2891,2024-05-02,49.91,electronics,debit card,returning,west,1046.33,12,87.19416666666666,147
CUST_710,INV_2892,2024-02-22,110.84,beauty,cash on delivery,loyal,south,477.51,6,79.585,132
CUST_142,INV_2893,2024-03-18,63.47,books,cash on delivery,loyal,east,1343.5,12,111.95833333333333,138
CUST_916,INV_2894,2024-04-01,48.41,books,debit card,returning,east,1850.32,16,115.645,127
CUST_914,INV_2895,2024-03-28,12.69,clothing,upi,returning,north,1795.96,18,99.77555555555556,170
CUST_827,INV_2896,2024-01-13,28.1,books,debit card,loyal,south,1576.78,15,105.11866666666667,163
CUST_604,INV_2897,2024-02-12,10.55,electronics,debit card,returning,north,755.38,10,75.538,148
CUST_472,INV_2898,2024-03-16,164.77,beauty,cash on delivery,returning,south,579.6500000000001,6,96.60833333333335,86
CUST_416,INV_2899,2024-02-20,14.53,clothing,credit card,returning,east,448.39,5,89.678,79
CUST_304,INV_2900,2024-01-19,90.48,home,credit card,new,north,751.09,11,68.28090909090909,165
CUST_735,INV_2901,2024-05-28,41.97,books,credit card,returning,south,1179.4,14,84.24285714285715,156
CUST_496,INV_2902,2024-05-01,25.62,books,credit card,new,east,876.26,11,79.66,159
CUST_290,INV_2903,2024-01-24,102.02,clothing,credit card,returning,south,794.5799999999999,8,99.32249999999999,148
CUST_939,INV_2904,2024-01-26,61.07,books,cash on delivery,returning,east,1461.0900000000001,15,97.406,141
CUST_101,INV_2905,2024-06-21,51.11,books,credit card,loyal,west,642.11,11,58.373636363636365,156
CUST_985,INV_2906,2024-06-04,89.86,home,debit card,loyal,west,935.9300000000001,11,85.08454545454546,177
CUST_266,INV_2907,2024-04-29,67.58,electronics,cash on delivery,loyal,south,877.1,9,97.45555555555556,160
CUST_866,INV_2908,2024-03-22,36.17,clothing,debit card,new,north,927.96,11,84.36,149
CUST_967,INV_2909,2024-04-09,81.88,clothing,credit card,new,south,663.1800000000001,11,60.289090909090916,140
CUST_621,INV_2910,2024-06-05,110.71,home,upi,returning,west,1010.19,11,91.83545454545455,172
CUST_973,INV_2911,2024-01-17,2.71,home,credit card,new,north,1034.19,15,68.946,168
CUST_841,INV_2912,2024-03-08,62.71,electronics,cash on delivery,loyal,west,637.4,8,79.675,155
CUST_961,INV_2913,2024-02-13,5.94,beauty,debit card,new,west,792.14,15,52.809333333333335,165
CUST_941,INV_2914,2024-03-01,20.63,clothing,upi,returning,north,796.67,10,79.667,166
CUST_776,INV_2915,2024-05-02,82.21,books,upi,new,north,447.11,5,89.422,90
CUST_2,INV_2916,2024-04-02,201.13,electronics,upi,loyal,west,1273.6599999999999,9,141.51777777777775,150
CUST_84,INV_2917,2024-03-14,214.39,clothing,debit card,returning,east,715.28,8,89.41,97
CUST_793,INV_2918,2024-06-01,7.25,electronics,cash on delivery,new,north,1227.72,15,81.848,141
CUST_327,INV_2919,2024-03-07,54.32,beauty,upi,returning,west,526.98,7,75.28285714285714,169
CUST_815,INV_2920,2024-04-20,87.47,clothing,debit card,returning,north,914.0699999999999,10,91.407,119
CUST_449,INV_2921,2024-01-02,15.91,books,debit card,new,north,1535.53,15,102.36866666666667,160
CUST_453,INV_2922,2024-03-29,145.0,clothing,credit card,returning,west,746.74,8,93.3425,148
CUST_923,INV_2923,2024-06-25,136.35,electronics,debit card,new,east,935.05,9,103.89444444444445,156
CUST_628,INV_2924,2024-01-26,233.66,beauty,cash on delivery,loyal,south,1068.54,11,97.14,153
CUST_220,INV_2925,2024-04-08,0.85,electronics,cash on delivery,loyal,west,330.15999999999997,7,47.16571428571428,147
CUST_153,INV_2926,2024-01-27,24.42,electronics,upi,new,east,2354.16,19,123.90315789473684,138
CUST_664,INV_2927,2024-03-29,175.55,home,debit card,new,west,1203.96,10,120.396,136
CUST_11,INV_2928,2024-05-25,111.04,electronics,debit card,returning,east,2019.26,18,112.18111111111111,160
CUST_132,INV_2929,2024-01-01,224.8,beauty,credit card,new,south,564.31,6,94.05166666666666,176
CUST_993,INV_2930,2024-04-12,5.89,books,credit card,returning,south,490.41,10,49.041000000000004,167
CUST_303,INV_2931,2024-05-10,90.87,home,debit card,loyal,north,1490.35,11,135.48636363636362,146
CUST_292,INV_2932,2024-02-10,84.18,electronics,debit card,new,north,1356.77,9,150.75222222222223,141
CUST_974,INV_2933,2024-06-13,3.63,clothing,debit card,loyal,south,1943.69,10,194.369,172
CUST_299,INV_2934,2024-02-20,72.06,home,credit card,new,west,292.94,5,58.588,147
CUST_739,INV_2935,2024-01-15,94.04,beauty,credit card,loyal,south,1467.28,10,146.728,164
CUST_782,INV_2936,2024-01-08,21.23,clothing,cash on delivery,new,east,1358.75,16,84.921875,170
CUST_42,INV_2937,2024-02-07,31.93,beauty,upi,new,east,1234.35,12,102.8625,151
CUST_943,INV_2938,2024-04-23,102.26,clothing,upi,returning,east,740.44,11,67.31272727272727,136
CUST_342,INV_2939,2024-03-23,63.17,books,upi,returning,south,881.05,13,67.77307692307691,151
CUST_325,INV_2940,2024-02-25,195.2,beauty,upi,new,north,849.9300000000001,9,94.43666666666667,159
CUST_813,INV_2941,2024-06-23,41.91,clothing,credit card,returning,east,432.77,10,43.277,173
CUST_497,INV_2942,2024-04-12,31.01,beauty,credit card,new,east,1045.63,8,130.70375,152
CUST_363,INV_2943,2024-05-17,419.08,home,debit card,new,south,1494.74,16,93.42125,141
CUST_890,INV_2944,2024-04-11,242.06,beauty,cash on delivery,loyal,east,2004.37,19,105.49315789473684,170
CUST_426,INV_2945,2024-03-18,2.94,beauty,cash on delivery,returning,south,803.35,12,66.94583333333334,137
CUST_20,INV_2946,2024-06-25,147.28,clothing,upi,returning,north,1237.24,11,112.47636363636364,158
CUST_406,INV_2947,2024-06-17,11.69,beauty,debit card,loyal,east,1119.5,11,101.77272727272727,149
CUST_618,INV_2948,2024-03-23,2.79,books,debit card,new,east,1557.1,10,155.70999999999998,161
CUST_335,INV_2949,2024-01-30,31.98,electronics,credit card,returning,east,1313.5,11,119.4090909090909,107
CUST_814,INV_2950,2024-01-05,31.38,home,debit card,new,south,1539.8899999999999,11,139.98999999999998,166
CUST_116,INV_2951,2024-04-28,171.1,clothing,cash on delivery,returning,south,1609.68,13,123.82153846153847,148
CUST_123,INV_2952,2024-01-31,124.02,beauty,cash on delivery,returning,west,2252.29,12,187.69083333333333,151
CUST_398,INV_2953,2024-06-28,399.59,beauty,debit card,new,north,1349.8899999999999,10,134.98899999999998,155
CUST_792,INV_2954,2024-01-23,124.31,beauty,credit card,new,west,743.33,8,92.91625,119
CUST_803,INV_2955,2024-02-17,54.17,home,cash on delivery,returning,west,917.4300000000001,14,65.5307142857143,157
CUST_714,INV_2956,2024-04-18,120.04,electronics,credit card,loyal,west,636.83,9,70.75888888888889,165
CUST_50,INV_2957,2024-02-09,752.22,books,credit card,loyal,south,1402.2,8,175.275,128
CUST_782,INV_2958,2024-01-06,123.84,books,cash on delivery,loyal,east,1358.75,16,84.921875,170
CUST_323,INV_2959,2024-02-07,143.41,clothing,credit card,loyal,east,941.5899999999999,11,85.5990909090909,156
CUST_788,INV_2960,2024-06-17,278.65,electronics,upi,loyal,south,761.97,8,95.24625,155
CUST_140,INV_2961,2024-04-09,12.06,electronics,upi,new,west,1463.55,14,104.53928571428571,160
CUST_469,INV_2962,2024-01-27,122.0,home,upi,returning,north,538.1700000000001,5,107.63400000000001,135
CUST_786,INV_2963,2024-03-09,190.25,beauty,debit card,loyal,south,1196.88,13,92.06769230769231,155
CUST_801,INV_2964,2024-02-26,308.74,electronics,cash on delivery,returning,west,1939.41,12,161.6175,136
CUST_333,INV_2965,2024-01-17,23.7,beauty,upi,new,south,1502.38,12,125.19833333333334,162
CUST_892,INV_2966,2024-03-11,70.1,home,credit card,returning,east,1313.34,11,119.39454545454545,141
CUST_963,INV_2967,2024-02-16,114.12,clothing,upi,new,east,738.24,7,105.46285714285715,149
CUST_372,INV_2968,2024-03-19,28.43,clothing,credit card,returning,east,476.82,7,68.11714285714285,101
CUST_563,INV_2969,2024-04-19,91.75,beauty,cash on delivery,returning,west,1167.36,10,116.73599999999999,159
CUST_493,INV_2970,2024-01-13,29.78,beauty,upi,new,south,1712.71,17,100.74764705882353,171
CUST_538,INV_2971,2024-05-18,40.57,electronics,cash on delivery,returning,west,270.18,4,67.545,127
CUST_668,INV_2972,2024-05-03,58.25,home,upi,new,south,659.13,9,73.23666666666666,120
CUST_750,INV_2973,2024-04-18,75.33,clothing,credit card,returning,north,1289.12,13,99.16307692307691,171
CUST_155,INV_2974,2024-03-30,59.67,electronics,credit card,returning,east,952.72,14,68.05142857142857,160
CUST_290,INV_2975,2024-03-26,67.96,books,debit card,loyal,north,794.5799999999999,8,99.32249999999999,148
CUST_647,INV_2976,2024-04-01,35.47,electronics,debit card,returning,east,622.69,12,51.89083333333334,156
CUST_143,INV_2977,2024-01-24,17.31,beauty,debit card,loyal,north,1385.37,14,98.955,149
CUST_105,INV_2978,2024-03-13,4.85,books,upi,loyal,west,1413.3799999999999,12,117.78166666666665,153
CUST_419,INV_2979,2024-01-04,21.81,electronics,cash on delivery,new,east,1069.12,15,71.27466666666666,166
CUST_669,INV_2980,2024-04-22,87.21,home,upi,new,west,1120.45,16,70.028125,153
CUST_657,INV_2981,2024-02-15,154.23,clothing,credit card,returning,west,1862.21,16,116.388125,146
CUST_1,INV_2982,2024-01-18,18.54,books,cash on delivery,new,south,1418.52,9,157.61333333333334,158
CUST_944,INV_2983,2024-02-12,11.49,home,credit card,loyal,east,1317.27,12,109.7725,148
CUST_588,INV_2984,2024-06-09,138.35,electronics,debit card,returning,north,1285.54,10,128.554,163
CUST_643,INV_2985,2024-04-02,36.41,beauty,credit card,new,north,269.44,8,33.68,105
CUST_89,INV_2986,2024-04-12,302.62,beauty,upi,new,east,1903.25,14,135.94642857142858,151
CUST_344,INV_2987,2024-05-03,125.29,home,credit card,new,south,1541.7,12,128.475,156
CUST_349,INV_2988,2024-01-10,39.56,beauty,credit card,loyal,east,406.13,10,40.613,159
CUST_458,INV_2989,2024-03-13,34.18,clothing,credit card,new,west,1730.79,13,133.1376923076923,145
CUST_262,INV_2990,2024-01-31,74.17,home,cash on delivery,returning,south,639.98,7,91.42571428571429,147
CUST_350,INV_2991,2024-06-04,8.25,home,credit card,returning,west,91.22,4,22.805,152
CUST_107,INV_2992,2024-02-29,12.52,beauty,credit card,returning,east,1401.55,10,140.155,176
CUST_585,INV_2993,2024-05-10,19.34,home,debit card,loyal,south,685.78,10,68.578,150
CUST_38,INV_2994,2024-04-27,149.04,electronics,debit card,new,east,1482.14,19,78.00736842105263,161
CUST_908,INV_2995,2024-01-14,72.13,books,upi,returning,east,947.69,13,72.89923076923077,157
CUST_158,INV_2996,2024-05-22,1.06,books,debit card,new,south,1210.0800000000002,9,134.45333333333335,138
CUST_582,INV_2997,2024-01-02,111.94,beauty,credit card,new,south,332.45,7,47.49285714285714,164
CUST_958,INV_2998,2024-01-24,55.11,clothing,debit card,returning,east,897.02,9,99.66888888888889,134
CUST_311,INV_2999,2024-03-04,71.51,clothing,cash on delivery,loyal,north,408.44,6,68.07333333333334,73
CUST_240,INV_3000,2024-04-09,24.09,beauty,upi,returning,south,453.83,6,75.63833333333334,98
CUST_937,INV_3001,2024-04-23,80.25,beauty,debit card,returning,north,1849.38,14,132.09857142857143,167
CUST_444,INV_3002,2024-01-24,387.06,home,upi,loyal,north,1275.1,12,106.25833333333333,172
CUST_297,INV_3003,2024-06-03,7.63,clothing,upi,new,north,943.38,9,104.82,163
CUST_951,INV_3004,2024-06-13,33.4,books,upi,new,north,1323.99,12,110.3325,141
CUST_35,INV_3005,2024-03-31,27.84,beauty,cash on delivery,loyal,west,470.48,6,78.41333333333334,153
CUST_83,INV_3006,2024-06-15,28.57,books,credit card,returning,east,1386.48,14,99.03428571428572,166
CUST_451,INV_3007,2024-01-26,47.6,books,cash on delivery,loyal,south,920.62,11,83.69272727272727,161
CUST_885,INV_3008,2024-03-05,170.44,clothing,upi,returning,east,990.19,11,90.01727272727273,143
CUST_774,INV_3009,2024-04-29,244.02,books,debit card,loyal,east,500.69,5,100.138,114
CUST_821,INV_3010,2024-01-04,22.59,home,debit card,new,east,2552.8,18,141.82222222222222,162
CUST_384,INV_3011,2024-06-05,78.3,home,cash on delivery,loyal,east,1124.32,8,140.54,160
CUST_171,INV_3012,2024-01-01,101.31,clothing,debit card,loyal,east,550.38,10,55.038,125
CUST_375,INV_3013,2024-02-19,73.78,home,upi,returning,south,1246.71,14,89.05071428571429,148
CUST_684,INV_3014,2024-04-19,56.93,beauty,upi,returning,east,2119.79,18,117.76611111111112,175
CUST_361,INV_3015,2024-05-18,21.32,clothing,credit card,returning,east,702.09,6,117.015,104
CUST_558,INV_3016,2024-03-14,66.99,books,upi,loyal,east,1012.74,15,67.516,163
CUST_890,INV_3017,2024-03-02,51.29,beauty,debit card,loyal,west,2004.37,19,105.49315789473684,170
CUST_140,INV_3018,2024-03-21,158.75,clothing,credit card,returning,north,1463.55,14,104.53928571428571,160
CUST_886,INV_3019,2024-06-12,144.22,books,debit card,new,west,1133.96,12,94.49666666666667,164
CUST_917,INV_3020,2024-02-25,14.39,books,cash on delivery,returning,east,1029.23,7,147.03285714285715,153
CUST_117,INV_3021,2024-04-20,9.27,books,credit card,loyal,west,2229.23,16,139.326875,150
CUST_276,INV_3022,2024-01-21,238.76,books,upi,loyal,south,2147.64,14,153.40285714285713,156
CUST_725,INV_3023,2024-05-20,76.68,books,credit card,returning,south,1953.04,22,88.77454545454545,130
CUST_219,INV_3024,2024-01-09,195.05,clothing,upi,returning,south,1823.3,14,130.2357142857143,164
CUST_904,INV_3025,2024-05-18,5.99,home,upi,loyal,north,1353.9,11,123.08181818181819,166
CUST_25,INV_3026,2024-03-10,74.76,books,debit card,loyal,south,772.76,8,96.595,148
CUST_520,INV_3027,2024-05-08,77.53,beauty,upi,new,north,1246.13,10,124.61300000000001,137
CUST_782,INV_3028,2024-04-27,197.11,clothing,upi,returning,south,1358.75,16,84.921875,170
CUST_9,INV_3029,2024-02-25,10.27,electronics,upi,returning,west,883.4699999999999,13,67.95923076923076,156
CUST_983,INV_3030,2024-01-31,27.5,home,debit card,new,west,1420.05,15,94.67,178
CUST_377,INV_3031,2024-02-06,52.18,beauty,upi,loyal,west,1043.45,13,80.26538461538462,166
CUST_632,INV_3032,2024-06-23,200.87,books,cash on delivery,loyal,west,1241.67,7,177.3814285714286,168
CUST_636,INV_3033,2024-03-31,279.5,clothing,debit card,new,north,1154.28,9,128.25333333333333,87
CUST_681,INV_3034,2024-04-23,492.33,clothing,cash on delivery,returning,south,1672.08,10,167.208,141
CUST_583,INV_3035,2024-05-07,319.89,books,credit card,loyal,east,949.73,12,79.14416666666666,167
CUST_151,INV_3036,2024-06-23,0.6,beauty,debit card,new,west,537.1,7,76.72857142857143,173
CUST_719,INV_3037,2024-05-01,4.89,clothing,cash on delivery,new,south,1877.88,16,117.3675,140
CUST_48,INV_3038,2024-03-09,15.97,home,debit card,new,south,818.66,11,74.42363636363636,164
CUST_153,INV_3039,2024-02-05,42.9,beauty,upi,loyal,south,2354.16,19,123.90315789473684,138
CUST_858,INV_3040,2024-02-01,177.15,books,debit card,loyal,east,955.58,10,95.558,115
CUST_292,INV_3041,2024-03-04,223.17,beauty,credit card,new,west,1356.77,9,150.75222222222223,141
CUST_579,INV_3042,2024-06-18,20.68,beauty,cash on delivery,new,north,1594.01,11,144.91,165
CUST_49,INV_3043,2024-02-17,96.67,electronics,debit card,loyal,north,869.48,9,96.60888888888888,134
CUST_663,INV_3044,2024-03-21,249.33,books,upi,loyal,east,2021.0,17,118.88235294117646,152
CUST_530,INV_3045,2024-06-06,62.31,home,cash on delivery,loyal,east,575.49,6,95.915,170
CUST_611,INV_3046,2024-05-28,10.93,books,cash on delivery,loyal,north,1114.33,12,92.86083333333333,172
CUST_59,INV_3047,2024-02-29,61.21,electronics,cash on delivery,loyal,north,380.88,7,54.41142857142857,113
CUST_166,INV_3048,2024-05-20,47.13,books,credit card,new,west,357.65999999999997,6,59.60999999999999,84
CUST_201,INV_3049,2024-01-01,86.19,books,upi,loyal,north,1577.01,9,175.22333333333333,175
CUST_856,INV_3050,2024-03-05,57.74,home,upi,loyal,north,1079.73,8,134.96625,123
CUST_145,INV_3051,2024-02-02,1.75,electronics,cash on delivery,new,north,854.13,11,77.64818181818181,159
CUST_914,INV_3052,2024-02-07,511.56,books,debit card,new,east,1795.96,18,99.77555555555556,170
CUST_675,INV_3053,2024-01-25,78.43,books,cash on delivery,returning,north,1513.6100000000001,13,116.43153846153847,143
CUST_969,INV_3054,2024-06-02,64.18,clothing,upi,loyal,north,344.49,8,43.06125,153
CUST_992,INV_3055,2024-02-28,309.26,books,credit card,returning,west,1168.02,12,97.335,121
CUST_438,INV_3056,2024-06-09,16.94,home,credit card,returning,south,1688.78,15,112.58533333333334,163
CUST_241,INV_3057,2024-04-10,20.98,clothing,cash on delivery,new,east,1114.7,12,92.89166666666667,155
CUST_580,INV_3058,2024-05-06,165.03,electronics,credit card,new,east,506.56,8,63.32,159
CUST_686,INV_3059,2024-02-10,30.22,beauty,credit card,returning,west,778.83,13,59.910000000000004,142
CUST_560,INV_3060,2024-06-06,160.56,home,debit card,returning,north,1191.05,12,99.25416666666666,167
CUST_482,INV_3061,2024-02-26,31.68,electronics,credit card,returning,south,899.09,11,81.73545454545454,137
CUST_107,INV_3062,2024-06-25,3.38,clothing,debit card,returning,west,1401.55,10,140.155,176
CUST_225,INV_3063,2024-02-17,72.78,beauty,cash on delivery,loyal,south,1552.4299999999998,13,119.41769230769229,158
CUST_672,INV_3064,2024-03-12,21.9,electronics,upi,returning,north,832.29,10,83.229,127
CUST_630,INV_3065,2024-06-25,141.82,home,upi,new,south,1144.15,11,104.01363636363637,164
CUST_660,INV_3066,2024-06-23,102.5,clothing,debit card,returning,west,1775.47,16,110.966875,162
CUST_976,INV_3067,2024-02-25,257.18,home,upi,returning,north,937.01,8,117.12625,114
CUST_661,INV_3068,2024-03-05,152.78,home,cash on delivery,new,east,1633.99,15,108.93266666666666,133
CUST_431,INV_3069,2024-01-12,19.94,clothing,upi,returning,south,1680.19,10,168.019,158
CUST_804,INV_3070,2024-03-09,161.02,books,credit card,new,north,1903.26,13,146.4046153846154,150
CUST_654,INV_3071,2024-05-13,102.65,home,cash on delivery,loyal,north,1045.21,10,104.521,156
CUST_418,INV_3072,2024-03-29,110.55,clothing,cash on delivery,loyal,west,812.63,12,67.71916666666667,149
CUST_987,INV_3073,2024-01-25,178.54,home,upi,new,north,1846.98,17,108.64588235294117,171
CUST_454,INV_3074,2024-01-01,85.29,books,upi,loyal,west,1356.76,14,96.91142857142857,178
CUST_159,INV_3075,2024-06-08,62.74,clothing,debit card,loyal,east,1512.87,10,151.28699999999998,156
CUST_522,INV_3076,2024-05-10,101.24,electronics,credit card,loyal,south,659.8299999999999,11,59.98454545454545,165
CUST_649,INV_3077,2024-02-18,35.38,electronics,upi,new,east,1150.4,12,95.86666666666667,151
CUST_968,INV_3078,2024-05-26,20.16,electronics,upi,returning,west,503.72,5,100.744,144
CUST_589,INV_3079,2024-02-29,95.86,beauty,debit card,loyal,east,970.4399999999999,7,138.6342857142857,102
CUST_76,INV_3080,2024-06-05,26.64,home,upi,returning,south,257.02,4,64.255,122
CUST_508,INV_3081,2024-06-26,8.33,home,credit card,returning,east,749.6,11,68.14545454545454,169
CUST_440,INV_3082,2024-01-02,0.06,clothing,credit card,loyal,north,952.15,14,68.01071428571429,154
CUST_253,INV_3083,2024-03-13,93.73,beauty,cash on delivery,loyal,south,1062.94,12,88.57833333333333,111
CUST_920,INV_3084,2024-05-24,44.97,home,cash on delivery,returning,east,1876.07,18,104.22611111111111,169
CUST_769,INV_3085,2024-04-19,139.56,clothing,credit card,loyal,south,996.21,11,90.56454545454545,137
CUST_319,INV_3086,2024-06-12,47.03,books,debit card,new,east,890.6500000000001,9,98.96111111111112,161
CUST_802,INV_3087,2024-03-01,66.55,home,cash on delivery,new,north,1426.79,12,118.89916666666666,159
CUST_262,INV_3088,2024-01-17,52.27,home,credit card,loyal,west,639.98,7,91.42571428571429,147
CUST_596,INV_3089,2024-02-18,105.15,books,credit card,returning,east,670.57,7,95.7957142857143,118
CUST_657,INV_3090,2024-03-16,44.03,books,cash on delivery,loyal,south,1862.21,16,116.388125,146
CUST_834,INV_3091,2024-05-27,331.78,home,credit card,new,east,1355.99,11,123.27181818181818,143
CUST_553,INV_3092,2024-06-26,275.12,books,credit card,returning,west,1940.8,15,129.38666666666666,147
CUST_373,INV_3093,2024-05-10,188.41,clothing,credit card,loyal,north,597.16,8,74.645,112
CUST_636,INV_3094,2024-02-12,252.95,home,credit card,new,north,1154.28,9,128.25333333333333,87
CUST_166,INV_3095,2024-02-26,59.63,home,cash on delivery,returning,west,357.65999999999997,6,59.60999999999999,84
CUST_936,INV_3096,2024-02-19,76.88,electronics,debit card,new,north,1728.72,15,115.248,153
CUST_752,INV_3097,2024-06-26,135.52,home,credit card,loyal,east,1458.89,11,132.62636363636364,175
CUST_458,INV_3098,2024-02-06,119.12,electronics,upi,loyal,south,1730.79,13,133.1376923076923,145
CUST_998,INV_3099,2024-02-15,221.35,books,debit card,new,east,802.62,9,89.18,156
CUST_279,INV_3100,2024-06-18,125.99,books,upi,new,west,696.17,7,99.45285714285714,162
CUST_699,INV_3101,2024-01-15,615.86,clothing,upi,new,east,2424.12,16,151.5075,174
CUST_301,INV_3102,2024-06-09,42.85,electronics,credit card,new,east,731.7,15,48.78,158
CUST_530,INV_3103,2024-03-20,178.97,home,cash on delivery,new,west,575.49,6,95.915,170
CUST_579,INV_3104,2024-05-18,119.61,electronics,upi,returning,south,1594.01,11,144.91,165
CUST_217,INV_3105,2024-05-27,117.57,books,upi,loyal,north,1137.8400000000001,13,87.52615384615386,138
CUST_101,INV_3106,2024-01-24,39.43,books,upi,returning,west,642.11,11,58.373636363636365,156
CUST_553,INV_3107,2024-05-04,153.99,clothing,credit card,new,north,1940.8,15,129.38666666666666,147
CUST_287,INV_3108,2024-04-27,230.64,books,credit card,returning,north,1150.8600000000001,13,88.52769230769232,152
CUST_166,INV_3109,2024-03-20,24.66,electronics,cash on delivery,loyal,west,357.65999999999997,6,59.60999999999999,84
CUST_620,INV_3110,2024-04-03,98.22,home,credit card,new,south,549.15,10,54.915,172
CUST_35,INV_3111,2024-03-05,49.78,home,debit card,new,west,470.48,6,78.41333333333334,153
CUST_743,INV_3112,2024-03-28,456.1,electronics,cash on delivery,loyal,west,1296.94,8,162.1175,106
CUST_740,INV_3113,2024-03-28,65.17,clothing,credit card,returning,east,683.99,8,85.49875,81
CUST_352,INV_3114,2024-05-24,25.92,home,credit card,loyal,east,628.7,6,104.78333333333335,86
CUST_675,INV_3115,2024-05-05,48.1,electronics,upi,loyal,west,1513.6100000000001,13,116.43153846153847,143
CUST_898,INV_3116,2024-03-29,106.08,electronics,credit card,returning,east,909.4,13,69.95384615384616,157
CUST_72,INV_3117,2024-03-01,7.91,books,upi,returning,south,2477.25,19,130.3815789473684,176
CUST_647,INV_3118,2024-01-15,92.53,books,credit card,new,east,622.69,12,51.89083333333334,156
CUST_352,INV_3119,2024-04-03,267.69,clothing,credit card,new,south,628.7,6,104.78333333333335,86
CUST_890,INV_3120,2024-02-20,189.95,clothing,credit card,new,north,2004.37,19,105.49315789473684,170
CUST_69,INV_3121,2024-01-27,7.01,clothing,credit card,loyal,north,580.79,8,72.59875,151
CUST_424,INV_3122,2024-03-14,501.92,electronics,credit card,returning,south,1788.03,11,162.5481818181818,96
CUST_998,INV_3123,2024-03-01,119.97,electronics,cash on delivery,returning,north,802.62,9,89.18,156
CUST_707,INV_3124,2024-01-31,17.71,books,credit card,new,south,693.33,8,86.66625,149
CUST_780,INV_3125,2024-01-12,1.25,home,credit card,loyal,west,1254.05,14,89.575,168
CUST_560,INV_3126,2024-02-15,18.79,clothing,upi,loyal,east,1191.05,12,99.25416666666666,167
CUST_827,INV_3127,2024-06-07,182.12,beauty,debit card,returning,north,1576.78,15,105.11866666666667,163
CUST_641,INV_3128,2024-02-01,2.19,clothing,debit card,returning,north,1177.91,8,147.23875,167
CUST_955,INV_3129,2024-06-08,26.55,books,cash on delivery,returning,west,1447.9499999999998,15,96.52999999999999,151
CUST_516,INV_3130,2024-03-01,141.6,electronics,credit card,returning,east,1407.26,13,108.25076923076924,168
CUST_427,INV_3131,2024-02-15,88.22,books,debit card,loyal,east,618.85,10,61.885000000000005,172
CUST_538,INV_3132,2024-03-25,152.66,books,upi,new,south,270.18,4,67.545,127
CUST_159,INV_3133,2024-03-20,137.1,books,upi,returning,north,1512.87,10,151.28699999999998,156
CUST_148,INV_3134,2024-05-14,5.19,beauty,cash on delivery,returning,east,1127.95,11,102.5409090909091,178
CUST_775,INV_3135,2024-01-04,223.04,beauty,upi,returning,north,1331.75,19,70.09210526315789,129
CUST_229,INV_3136,2024-02-21,25.75,clothing,debit card,loyal,north,1002.8299999999999,8,125.35374999999999,111
CUST_711,INV_3137,2024-06-07,80.61,electronics,debit card,new,north,1223.05,9,135.89444444444445,153
CUST_561,INV_3138,2024-04-21,103.36,books,debit card,loyal,north,680.04,8,85.005,150
CUST_66,INV_3139,2024-02-05,18.47,home,credit card,new,south,370.99,5,74.19800000000001,123
CUST_811,INV_3140,2024-02-23,373.94,clothing,upi,loyal,east,484.46,4,121.115,40
CUST_380,INV_3141,2024-04-28,66.97,clothing,upi,returning,north,1306.4,14,93.31428571428572,144
CUST_57,INV_3142,2024-05-06,5.94,books,credit card,returning,east,1066.52,12,88.87666666666667,125
CUST_258,INV_3143,2024-01-17,276.88,clothing,debit card,new,west,754.65,7,107.80714285714285,159
CUST_341,INV_3144,2024-03-15,88.25,books,upi,loyal,west,1885.17,11,171.3790909090909,147
CUST_837,INV_3145,2024-06-06,120.13,clothing,debit card,new,east,747.28,9,83.0311111111111,122
CUST_129,INV_3146,2024-04-14,74.48,electronics,credit card,loyal,south,1389.36,17,81.7270588235294,163
CUST_726,INV_3147,2024-05-29,180.02,clothing,debit card,returning,south,1882.9499999999998,14,134.49642857142857,160
CUST_171,INV_3148,2024-04-26,3.37,clothing,cash on delivery,new,west,550.38,10,55.038,125
CUST_769,INV_3149,2024-02-12,31.25,home,credit card,new,north,996.21,11,90.56454545454545,137
CUST_613,INV_3150,2024-04-21,63.42,electronics,debit card,returning,west,425.91999999999996,7,60.84571428571428,138
CUST_208,INV_3151,2024-04-24,7.97,electronics,credit card,returning,north,691.4,10,69.14,156
CUST_802,INV_3152,2024-01-27,122.39,electronics,upi,returning,west,1426.79,12,118.89916666666666,159
CUST_353,INV_3153,2024-02-06,50.03,clothing,cash on delivery,returning,west,1307.47,9,145.27444444444444,129
CUST_470,INV_3154,2024-02-15,31.84,beauty,credit card,returning,south,1379.5900000000001,17,81.15235294117647,166
CUST_797,INV_3155,2024-04-22,0.34,clothing,debit card,returning,east,1604.42,11,145.85636363636365,161
CUST_115,INV_3156,2024-02-04,127.24,books,upi,loyal,east,515.52,10,51.552,133
CUST_263,INV_3157,2024-05-11,179.46,home,debit card,loyal,west,1411.37,8,176.42125,87
CUST_661,INV_3158,2024-03-20,50.26,electronics,debit card,new,south,1633.99,15,108.93266666666666,133
CUST_811,INV_3159,2024-03-20,83.06,books,credit card,loyal,north,484.46,4,121.115,40
CUST_441,INV_3160,2024-06-02,25.84,books,credit card,new,west,1047.24,12,87.27,141
CUST_547,INV_3161,2024-04-30,97.34,beauty,debit card,loyal,north,1250.64,10,125.06400000000001,162
CUST_452,INV_3162,2024-05-26,1.22,electronics,credit card,loyal,north,1422.5,11,129.3181818181818,156
CUST_844,INV_3163,2024-05-01,67.07,clothing,debit card,returning,south,937.66,9,104.18444444444444,152
CUST_476,INV_3164,2024-03-21,103.34,electronics,credit card,loyal,south,1088.04,15,72.536,158
CUST_286,INV_3165,2024-06-21,250.34,home,cash on delivery,loyal,east,1970.11,12,164.17583333333332,155
CUST_302,INV_3166,2024-06-02,48.02,electronics,credit card,loyal,south,1727.23,14,123.37357142857142,155
CUST_310,INV_3167,2024-05-29,144.9,books,debit card,returning,west,1082.74,9,120.30444444444444,153
CUST_207,INV_3168,2024-04-28,91.05,books,upi,returning,west,991.4,8,123.925,109
CUST_617,INV_3169,2024-02-27,261.75,clothing,credit card,loyal,north,1079.01,13,83.00076923076924,122
CUST_445,INV_3170,2024-03-03,50.81,clothing,cash on delivery,new,east,794.53,11,72.23,146
CUST_669,INV_3171,2024-06-04,38.43,clothing,cash on delivery,loyal,north,1120.45,16,70.028125,153
CUST_632,INV_3172,2024-06-20,218.16,home,cash on delivery,returning,north,1241.67,7,177.3814285714286,168
CUST_54,INV_3173,2024-04-09,5.05,electronics,cash on delivery,returning,east,415.2,6,69.2,154
CUST_911,INV_3174,2024-06-19,14.66,beauty,debit card,new,north,835.55,14,59.68214285714286,154
CUST_11,INV_3175,2024-06-13,8.6,electronics,cash on delivery,returning,east,2019.26,18,112.18111111111111,160
CUST_656,INV_3176,2024-03-06,185.22,clothing,upi,returning,north,1419.27,11,129.02454545454546,135
CUST_399,INV_3177,2024-05-24,1.07,home,credit card,loyal,north,1224.99,9,136.11,155
CUST_907,INV_3178,2024-06-16,197.8,electronics,cash on delivery,new,east,277.95,6,46.324999999999996,143
CUST_647,INV_3179,2024-06-14,60.01,books,credit card,returning,west,622.69,12,51.89083333333334,156
CUST_979,INV_3180,2024-03-25,0.4,electronics,debit card,returning,north,943.08,10,94.308,123
CUST_514,INV_3181,2024-05-16,51.36,books,credit card,loyal,north,1404.29,10,140.429,167
CUST_655,INV_3182,2024-05-23,20.68,electronics,debit card,loyal,west,409.7,8,51.2125,142
CUST_541,INV_3183,2024-05-02,97.92,electronics,debit card,loyal,east,922.86,13,70.98923076923077,142
CUST_236,INV_3184,2024-01-02,113.74,electronics,credit card,loyal,east,1333.49,14,95.24928571428572,169
CUST_278,INV_3185,2024-04-15,66.85,clothing,cash on delivery,new,west,495.45,8,61.93125,163
CUST_347,INV_3186,2024-04-17,4.14,books,upi,loyal,east,974.64,11,88.60363636363637,136
CUST_626,INV_3187,2024-03-12,106.75,home,credit card,new,south,574.0,5,114.8,134
CUST_103,INV_3188,2024-06-19,184.54,beauty,upi,returning,north,1251.99,14,89.42785714285715,172
CUST_629,INV_3189,2024-05-05,127.41,books,credit card,returning,east,1015.25,13,78.09615384615384,153
CUST_516,INV_3190,2024-06-18,177.17,clothing,upi,loyal,west,1407.26,13,108.25076923076924,168
CUST_979,INV_3191,2024-02-26,22.38,books,credit card,loyal,north,943.08,10,94.308,123
CUST_871,INV_3192,2024-03-21,219.72,home,upi,loyal,west,1672.77,14,119.48357142857142,177
CUST_247,INV_3193,2024-06-06,38.89,books,upi,returning,east,871.75,9,96.86111111111111,159
CUST_363,INV_3194,2024-05-20,1.35,clothing,credit card,returning,west,1494.74,16,93.42125,141
CUST_320,INV_3195,2024-01-19,185.4,clothing,credit card,returning,west,622.88,8,77.86,121
CUST_632,INV_3196,2024-01-07,284.42,beauty,debit card,new,north,1241.67,7,177.3814285714286,168
CUST_285,INV_3197,2024-05-16,106.58,home,upi,returning,north,482.17,7,68.88142857142857,134
CUST_148,INV_3198,2024-02-23,26.32,beauty,credit card,loyal,east,1127.95,11,102.5409090909091,178
CUST_83,INV_3199,2024-04-13,29.0,electronics,cash on delivery,new,west,1386.48,14,99.03428571428572,166
CUST_965,INV_3200,2024-03-26,62.85,clothing,cash on delivery,new,west,680.35,8,85.04375,139
CUST_405,INV_3201,2024-03-22,228.11,beauty,debit card,new,east,2154.2200000000003,9,239.3577777777778,137
CUST_977,INV_3202,2024-03-01,16.2,clothing,cash on delivery,returning,west,804.0,9,89.33333333333333,111
CUST_455,INV_3203,2024-03-27,174.85,clothing,credit card,returning,west,524.64,9,58.29333333333333,127
CUST_742,INV_3204,2024-01-02,34.43,electronics,upi,returning,west,989.5600000000001,7,141.3657142857143,149
CUST_799,INV_3205,2024-06-26,165.33,clothing,credit card,returning,west,1536.08,16,96.005,175
CUST_160,INV_3206,2024-01-31,252.91,beauty,cash on delivery,loyal,south,1260.26,17,74.13294117647058,158
CUST_783,INV_3207,2024-02-02,55.77,home,cash on delivery,new,east,979.42,8,122.4275,141
CUST_459,INV_3208,2024-03-20,45.42,books,credit card,new,east,1002.65,10,100.265,162
CUST_549,INV_3209,2024-01-11,162.06,beauty,debit card,new,west,1184.88,14,84.63428571428572,164
CUST_499,INV_3210,2024-06-09,75.39,electronics,credit card,new,east,727.19,14,51.94214285714286,170
CUST_737,INV_3211,2024-05-07,115.34,books,debit card,new,south,1151.37,11,104.66999999999999,159
CUST_508,INV_3212,2024-05-14,97.51,clothing,cash on delivery,loyal,west,749.6,11,68.14545454545454,169
CUST_653,INV_3213,2024-05-07,16.59,beauty,upi,loyal,north,955.4,9,106.15555555555555,153
CUST_803,INV_3214,2024-01-31,186.3,books,upi,new,south,917.4300000000001,14,65.5307142857143,157
CUST_480,INV_3215,2024-06-24,21.79,beauty,credit card,new,north,1189.1399999999999,12,99.09499999999998,172
CUST_662,INV_3216,2024-05-05,269.24,clothing,debit card,returning,east,1397.85,14,99.84642857142856,118
CUST_113,INV_3217,2024-02-16,28.84,beauty,cash on delivery,new,east,1221.58,10,122.15799999999999,160
CUST_748,INV_3218,2024-04-16,132.38,electronics,upi,loyal,east,1357.18,13,104.39846153846155,125
CUST_577,INV_3219,2024-01-19,33.5,books,credit card,returning,west,526.32,8,65.79,137
CUST_360,INV_3220,2024-03-21,38.24,books,credit card,loyal,south,1133.4299999999998,11,103.03909090909089,83
CUST_340,INV_3221,2024-05-02,37.11,books,cash on delivery,returning,south,709.45,9,78.82777777777778,168
CUST_769,INV_3222,2024-05-13,137.79,beauty,cash on delivery,returning,west,996.21,11,90.56454545454545,137
CUST_986,INV_3223,2024-04-16,81.38,clothing,credit card,new,west,782.36,10,78.236,154
CUST_760,INV_3224,2024-02-18,214.52,beauty,credit card,loyal,east,1743.15,12,145.26250000000002,141
CUST_968,INV_3225,2024-03-13,36.73,beauty,credit card,loyal,south,503.72,5,100.744,144
CUST_448,INV_3226,2024-02-19,117.76,books,debit card,new,east,973.53,9,108.17,131
CUST_842,INV_3227,2024-03-21,139.82,clothing,cash on delivery,returning,south,704.37,8,88.04625,149
CUST_834,INV_3228,2024-04-04,16.43,home,credit card,returning,west,1355.99,11,123.27181818181818,143
CUST_179,INV_3229,2024-01-12,51.18,clothing,cash on delivery,loyal,east,582.36,10,58.236000000000004,153
CUST_701,INV_3230,2024-01-23,65.94,beauty,credit card,new,south,1062.53,11,96.59363636363636,125
CUST_406,INV_3231,2024-02-23,43.96,electronics,credit card,new,west,1119.5,11,101.77272727272727,149
CUST_665,INV_3232,2024-04-27,38.88,clothing,credit card,loyal,north,1727.89,15,115.19266666666667,146
CUST_195,INV_3233,2024-02-28,115.97,books,cash on delivery,returning,east,1024.49,10,102.449,164
CUST_465,INV_3234,2024-06-12,24.32,electronics,credit card,returning,south,396.40999999999997,7,56.629999999999995,137
CUST_310,INV_3235,2024-01-03,123.58,home,credit card,new,south,1082.74,9,120.30444444444444,153
CUST_261,INV_3236,2024-02-27,273.4,home,cash on delivery,returning,east,623.03,8,77.87875,141
CUST_418,INV_3237,2024-02-26,83.29,electronics,credit card,returning,south,812.63,12,67.71916666666667,149
CUST_405,INV_3238,2024-05-24,94.53,home,upi,returning,north,2154.2200000000003,9,239.3577777777778,137
CUST_938,INV_3239,2024-06-15,7.14,electronics,upi,loyal,north,690.6800000000001,10,69.06800000000001,147
CUST_142,INV_3240,2024-03-30,199.86,beauty,credit card,new,south,1343.5,12,111.95833333333333,138
CUST_341,INV_3241,2024-02-24,33.61,electronics,debit card,loyal,east,1885.17,11,171.3790909090909,147
CUST_315,INV_3242,2024-02-14,95.46,beauty,cash on delivery,loyal,south,536.5,7,76.64285714285714,135
CUST_100,INV_3243,2024-01-01,386.86,books,credit card,returning,south,1127.27,11,102.47909090909091,167
CUST_243,INV_3244,2024-01-21,90.51,books,cash on delivery,new,north,698.72,6,116.45333333333333,125
CUST_489,INV_3245,2024-01-21,128.99,home,debit card,returning,west,1291.16,15,86.07733333333334,149
CUST_11,INV_3246,2024-02-21,58.94,electronics,debit card,new,west,2019.26,18,112.18111111111111,160
CUST_238,INV_3247,2024-03-22,6.23,beauty,cash on delivery,returning,south,1383.87,12,115.32249999999999,130
CUST_560,INV_3248,2024-06-19,159.75,books,debit card,new,east,1191.05,12,99.25416666666666,167
CUST_41,INV_3249,2024-06-28,3.56,books,debit card,new,north,1050.08,9,116.67555555555555,161
CUST_677,INV_3250,2024-03-07,120.62,books,cash on delivery,returning,west,1648.2,8,206.025,146
CUST_593,INV_3251,2024-04-22,2.32,home,debit card,returning,south,816.65,10,81.66499999999999,122
CUST_428,INV_3252,2024-02-13,198.27,books,upi,loyal,east,1757.97,13,135.22846153846154,171
CUST_802,INV_3253,2024-06-08,17.15,clothing,credit card,loyal,north,1426.79,12,118.89916666666666,159
CUST_157,INV_3254,2024-01-10,72.21,home,upi,new,west,180.45,5,36.089999999999996,165
CUST_215,INV_3255,2024-03-04,90.92,electronics,upi,returning,west,1566.6299999999999,12,130.55249999999998,135
CUST_669,INV_3256,2024-03-09,61.17,clothing,credit card,returning,west,1120.45,16,70.028125,153
CUST_461,INV_3257,2024-03-08,41.67,home,upi,loyal,east,875.0799999999999,8,109.38499999999999,151
CUST_133,INV_3258,2024-01-28,63.08,home,credit card,returning,east,854.97,11,77.72454545454546,109
CUST_66,INV_3259,2024-04-25,37.31,beauty,credit card,new,east,370.99,5,74.19800000000001,123
CUST_847,INV_3260,2024-02-20,57.65,clothing,cash on delivery,new,south,1753.78,11,159.43454545454546,147
CUST_6,INV_3261,2024-01-04,44.46,clothing,credit card,new,north,1140.84,11,103.71272727272726,176
CUST_947,INV_3262,2024-03-19,83.52,clothing,credit card,loyal,south,524.38,7,74.91142857142857,113
CUST_525,INV_3263,2024-01-17,27.17,books,debit card,new,north,1304.45,15,86.96333333333334,174
CUST_72,INV_3264,2024-04-17,447.91,books,debit card,loyal,east,2477.25,19,130.3815789473684,176
CUST_398,INV_3265,2024-03-14,69.49,electronics,upi,loyal,west,1349.8899999999999,10,134.98899999999998,155
CUST_404,INV_3266,2024-06-23,21.59,electronics,credit card,new,east,401.87,13,30.913076923076922,161
CUST_674,INV_3267,2024-01-23,64.83,electronics,credit card,loyal,south,1646.9099999999999,12,137.24249999999998,145
CUST_577,INV_3268,2024-01-18,201.3,books,cash on delivery,loyal,east,526.32,8,65.79,137
CUST_858,INV_3269,2024-05-08,2.2,beauty,credit card,new,east,955.58,10,95.558,115
CUST_129,INV_3270,2024-02-04,113.8,electronics,cash on delivery,new,east,1389.36,17,81.7270588235294,163
CUST_930,INV_3271,2024-03-04,79.4,home,credit card,loyal,west,319.16,4,79.79,75
CUST_465,INV_3272,2024-02-28,18.58,books,debit card,loyal,north,396.40999999999997,7,56.629999999999995,137
CUST_205,INV_3273,2024-01-01,170.09,beauty,debit card,returning,north,1322.57,13,101.73615384615384,175
CUST_787,INV_3274,2024-05-10,46.03,home,debit card,new,south,262.3,6,43.71666666666667,143
CUST_977,INV_3275,2024-03-07,34.79,home,upi,returning,north,804.0,9,89.33333333333333,111
CUST_767,INV_3276,2024-02-06,176.1,books,credit card,loyal,east,957.02,10,95.702,163
CUST_265,INV_3277,2024-01-29,101.76,clothing,debit card,returning,west,731.36,9,81.26222222222222,129
CUST_536,INV_3278,2024-03-29,228.53,beauty,cash on delivery,loyal,east,2514.01,16,157.125625,170
CUST_961,INV_3279,2024-06-09,99.39,books,debit card,returning,east,792.14,15,52.809333333333335,165
CUST_792,INV_3280,2024-04-09,135.02,clothing,credit card,loyal,south,743.33,8,92.91625,119
CUST_252,INV_3281,2024-05-01,181.06,books,debit card,loyal,east,1610.4199999999998,14,115.02999999999999,170
CUST_821,INV_3282,2024-03-30,5.63,books,credit card,loyal,east,2552.8,18,141.82222222222222,162
CUST_288,INV_3283,2024-05-11,149.63,home,credit card,new,south,1444.41,15,96.29400000000001,150
CUST_163,INV_3284,2024-01-14,95.12,books,debit card,loyal,north,1121.61,13,86.2776923076923,130
CUST_94,INV_3285,2024-06-09,7.2,clothing,cash on delivery,new,north,968.11,8,121.01375,152
CUST_781,INV_3286,2024-05-29,71.05,home,upi,loyal,north,627.52,5,125.50399999999999,162
CUST_832,INV_3287,2024-06-24,8.61,clothing,credit card,returning,south,1070.51,14,76.465,169
CUST_109,INV_3288,2024-05-10,133.16,clothing,upi,loyal,south,633.8199999999999,5,126.76399999999998,100
CUST_335,INV_3289,2024-03-25,79.08,home,debit card,loyal,west,1313.5,11,119.4090909090909,107
CUST_821,INV_3290,2024-05-30,306.99,clothing,credit card,returning,west,2552.8,18,141.82222222222222,162
CUST_237,INV_3291,2024-01-21,20.23,electronics,credit card,loyal,east,942.61,7,134.65857142857143,135
CUST_380,INV_3292,2024-06-19,93.15,books,debit card,loyal,east,1306.4,14,93.31428571428572,144
CUST_435,INV_3293,2024-01-26,23.77,home,upi,loyal,south,852.01,12,71.00083333333333,173
CUST_898,INV_3294,2024-02-10,95.21,home,cash on delivery,returning,south,909.4,13,69.95384615384616,157
CUST_482,INV_3295,2024-05-01,128.25,electronics,debit card,loyal,west,899.09,11,81.73545454545454,137
CUST_936,INV_3296,2024-02-07,128.12,electronics,debit card,new,east,1728.72,15,115.248,153
CUST_901,INV_3297,2024-03-28,168.78,electronics,cash on delivery,new,east,1474.79,12,122.89916666666666,165
CUST_24,INV_3298,2024-01-11,192.11,electronics,cash on delivery,new,east,1497.66,16,93.60375,163
CUST_652,INV_3299,2024-01-29,8.04,beauty,cash on delivery,new,north,1155.64,11,105.05818181818182,147
CUST_116,INV_3300,2024-02-29,42.05,home,cash on delivery,returning,west,1609.68,13,123.82153846153847,148
CUST_481,INV_3301,2024-03-01,116.19,clothing,debit card,loyal,north,1460.54,10,146.054,141
CUST_391,INV_3302,2024-05-26,69.03,home,cash on delivery,new,east,759.66,10,75.966,149
CUST_916,INV_3303,2024-06-22,21.16,home,upi,loyal,south,1850.32,16,115.645,127
CUST_993,INV_3304,2024-06-25,80.45,home,cash on delivery,loyal,west,490.41,10,49.041000000000004,167
CUST_963,INV_3305,2024-01-22,52.33,electronics,credit card,returning,north,738.24,7,105.46285714285715,149
CUST_536,INV_3306,2024-03-18,49.44,electronics,credit card,loyal,east,2514.01,16,157.125625,170
CUST_78,INV_3307,2024-04-22,165.94,beauty,cash on delivery,new,north,1628.28,14,116.30571428571429,164
CUST_579,INV_3308,2024-05-02,52.36,home,debit card,new,south,1594.01,11,144.91,165
CUST_172,INV_3309,2024-05-21,2.68,books,debit card,returning,west,765.0500000000001,11,69.55000000000001,160
CUST_955,INV_3310,2024-02-13,5.98,beauty,upi,new,south,1447.9499999999998,15,96.52999999999999,151
CUST_11,INV_3311,2024-05-23,193.96,electronics,debit card,new,south,2019.26,18,112.18111111111111,160
CUST_799,INV_3312,2024-04-06,323.4,home,upi,returning,west,1536.08,16,96.005,175
CUST_127,INV_3313,2024-03-17,116.61,electronics,upi,returning,east,1051.28,13,80.86769230769231,162
CUST_607,INV_3314,2024-05-19,45.31,clothing,upi,new,east,1399.46,12,116.62166666666667,143
CUST_91,INV_3315,2024-02-24,279.04,electronics,cash on delivery,returning,north,802.32,10,80.232,137
CUST_652,INV_3316,2024-02-20,108.71,electronics,debit card,returning,east,1155.64,11,105.05818181818182,147
CUST_542,INV_3317,2024-04-11,186.0,beauty,credit card,new,east,872.11,5,174.422,111
CUST_845,INV_3318,2024-06-15,145.18,clothing,upi,new,east,789.13,9,87.68111111111111,163
CUST_531,INV_3319,2024-06-09,47.66,books,credit card,returning,north,972.35,11,88.39545454545454,123
CUST_657,INV_3320,2024-06-09,65.14,books,upi,loyal,west,1862.21,16,116.388125,146
CUST_988,INV_3321,2024-01-29,20.6,books,debit card,loyal,east,415.75000000000006,7,59.39285714285715,138
CUST_827,INV_3322,2024-03-09,34.53,home,cash on delivery,new,south,1576.78,15,105.11866666666667,163
CUST_446,INV_3323,2024-06-07,150.56,books,upi,new,east,977.14,10,97.714,168
CUST_389,INV_3324,2024-03-20,224.41,home,upi,loyal,east,1622.9,15,108.19333333333334,171
CUST_671,INV_3325,2024-01-31,128.9,electronics,credit card,returning,west,1361.11,14,97.22214285714286,172
CUST_860,INV_3326,2024-04-21,62.58,books,cash on delivery,loyal,south,859.3199999999999,9,95.47999999999999,148
CUST_42,INV_3327,2024-02-15,9.05,beauty,debit card,loyal,north,1234.35,12,102.8625,151
CUST_253,INV_3328,2024-04-06,5.86,clothing,upi,new,east,1062.94,12,88.57833333333333,111
CUST_129,INV_3329,2024-02-21,46.89,clothing,debit card,returning,east,1389.36,17,81.7270588235294,163
CUST_59,INV_3330,2024-05-17,62.33,electronics,cash on delivery,loyal,east,380.88,7,54.41142857142857,113
CUST_662,INV_3331,2024-03-14,93.94,clothing,credit card,returning,east,1397.85,14,99.84642857142856,118
CUST_466,INV_3332,2024-02-10,0.65,clothing,cash on delivery,new,south,1071.0,12,89.25,111
CUST_286,INV_3333,2024-03-17,457.78,electronics,cash on delivery,loyal,west,1970.11,12,164.17583333333332,155
CUST_516,INV_3334,2024-05-10,45.25,electronics,cash on delivery,new,west,1407.26,13,108.25076923076924,168
CUST_466,INV_3335,2024-04-23,188.45,electronics,cash on delivery,loyal,east,1071.0,12,89.25,111
CUST_929,INV_3336,2024-02-21,76.56,beauty,debit card,returning,north,589.29,11,53.57181818181818,138
CUST_777,INV_3337,2024-06-10,13.98,electronics,debit card,new,south,627.48,11,57.04363636363637,172
CUST_344,INV_3338,2024-06-25,159.73,electronics,credit card,returning,south,1541.7,12,128.475,156
CUST_641,INV_3339,2024-06-04,123.73,electronics,upi,loyal,north,1177.91,8,147.23875,167
CUST_381,INV_3340,2024-03-27,74.96,books,upi,new,east,1291.66,10,129.166,129
CUST_778,INV_3341,2024-04-18,72.27,books,cash on delivery,returning,east,1093.84,13,84.14153846153846,154
CUST_689,INV_3342,2024-05-20,9.15,beauty,cash on delivery,returning,east,1618.6299999999999,10,161.863,138
CUST_252,INV_3343,2024-03-09,106.67,beauty,debit card,loyal,north,1610.4199999999998,14,115.02999999999999,170
CUST_926,INV_3344,2024-04-29,242.19,clothing,upi,new,south,976.71,8,122.08875,158
CUST_55,INV_3345,2024-03-07,9.79,books,credit card,returning,west,907.49,9,100.83222222222223,160
CUST_462,INV_3346,2024-03-01,30.59,beauty,cash on delivery,new,east,682.57,8,85.32125,165
CUST_456,INV_3347,2024-03-11,232.59,beauty,debit card,new,north,923.6800000000001,10,92.36800000000001,164
CUST_982,INV_3348,2024-05-31,33.46,clothing,cash on delivery,new,north,1381.64,11,125.60363636363637,138
CUST_82,INV_3349,2024-05-30,106.12,electronics,cash on delivery,new,east,1157.47,10,115.747,151
CUST_904,INV_3350,2024-01-30,76.53,home,debit card,loyal,north,1353.9,11,123.08181818181819,166
CUST_98,INV_3351,2024-05-25,90.72,clothing,upi,returning,east,1488.62,15,99.24133333333333,147
CUST_148,INV_3352,2024-04-05,53.75,home,upi,new,east,1127.95,11,102.5409090909091,178
CUST_328,INV_3353,2024-02-25,35.67,clothing,cash on delivery,returning,east,998.94,7,142.7057142857143,113
CUST_155,INV_3354,2024-02-22,4.98,clothing,upi,returning,south,952.72,14,68.05142857142857,160
CUST_189,INV_3355,2024-01-07,136.37,electronics,debit card,returning,north,1748.28,14,124.87714285714286,171
CUST_493,INV_3356,2024-04-06,137.08,beauty,upi,loyal,west,1712.71,17,100.74764705882353,171
CUST_882,INV_3357,2024-04-22,111.09,books,cash on delivery,new,south,1199.94,15,79.99600000000001,156
CUST_262,INV_3358,2024-05-04,103.18,clothing,cash on delivery,new,east,639.98,7,91.42571428571429,147
CUST_79,INV_3359,2024-06-28,27.93,electronics,debit card,returning,north,377.04,2,188.52,87
CUST_399,INV_3360,2024-05-11,2.26,home,cash on delivery,returning,west,1224.99,9,136.11,155
CUST_763,INV_3361,2024-06-10,165.4,beauty,upi,loyal,east,884.46,10,88.446,163
CUST_608,INV_3362,2024-06-09,67.56,clothing,debit card,loyal,north,732.59,9,81.39888888888889,158
CUST_259,INV_3363,2024-04-30,36.65,home,cash on delivery,returning,east,1545.43,13,118.87923076923077,168
CUST_771,INV_3364,2024-02-07,10.75,clothing,debit card,new,west,968.77,12,80.73083333333334,170
CUST_614,INV_3365,2024-05-01,6.48,books,debit card,loyal,north,929.96,9,103.3288888888889,114
CUST_551,INV_3366,2024-01-26,42.9,books,upi,new,west,567.21,6,94.53500000000001,162
CUST_784,INV_3367,2024-05-08,163.34,beauty,upi,loyal,east,1441.15,13,110.85769230769232,156
CUST_100,INV_3368,2024-01-04,250.99,home,credit card,new,east,1127.27,11,102.47909090909091,167
CUST_358,INV_3369,2024-02-08,227.06,books,debit card,returning,west,1136.22,8,142.0275,133
CUST_379,INV_3370,2024-02-23,252.57,electronics,upi,loyal,south,961.96,11,87.4509090909091,168
CUST_819,INV_3371,2024-06-09,238.3,beauty,cash on delivery,returning,south,963.63,11,87.60272727272728,167
CUST_220,INV_3372,2024-02-02,74.91,clothing,credit card,loyal,north,330.15999999999997,7,47.16571428571428,147
CUST_819,INV_3373,2024-01-20,24.77,home,credit card,returning,north,963.63,11,87.60272727272728,167
CUST_419,INV_3374,2024-01-16,159.97,home,cash on delivery,loyal,south,1069.12,15,71.27466666666666,166
CUST_123,INV_3375,2024-05-28,24.04,electronics,upi,loyal,west,2252.29,12,187.69083333333333,151
CUST_421,INV_3376,2024-06-21,31.09,books,debit card,loyal,east,1688.19,15,112.546,170
CUST_230,INV_3377,2024-05-06,26.56,home,credit card,new,east,415.83,9,46.20333333333333,125
CUST_689,INV_3378,2024-03-27,72.36,electronics,cash on delivery,new,north,1618.6299999999999,10,161.863,138
CUST_62,INV_3379,2024-03-22,38.84,electronics,cash on delivery,loyal,north,1103.34,10,110.33399999999999,145
CUST_484,INV_3380,2024-03-02,16.74,clothing,cash on delivery,returning,east,1281.8899999999999,16,80.11812499999999,162
CUST_627,INV_3381,2024-01-31,60.36,electronics,cash on delivery,returning,south,745.88,13,57.37538461538462,174
CUST_702,INV_3382,2024-02-11,207.07,beauty,credit card,loyal,north,1241.85,8,155.23125,164
CUST_573,INV_3383,2024-01-12,84.53,home,debit card,new,east,1355.1000000000001,14,96.79285714285716,132
CUST_767,INV_3384,2024-03-05,210.65,beauty,upi,new,north,957.02,10,95.702,163
CUST_482,INV_3385,2024-03-13,21.8,electronics,cash on delivery,new,south,899.09,11,81.73545454545454,137
CUST_518,INV_3386,2024-05-10,18.27,electronics,cash on delivery,new,west,1608.16,10,160.816,168
CUST_154,INV_3387,2024-04-24,85.7,beauty,debit card,returning,north,894.68,11,81.33454545454545,146
CUST_91,INV_3388,2024-05-16,62.24,clothing,debit card,loyal,east,802.32,10,80.232,137
CUST_981,INV_3389,2024-04-15,107.93,electronics,upi,loyal,south,770.97,8,96.37125,93
CUST_525,INV_3390,2024-06-27,158.29,beauty,credit card,loyal,east,1304.45,15,86.96333333333334,174
CUST_454,INV_3391,2024-01-16,139.15,beauty,debit card,returning,south,1356.76,14,96.91142857142857,178
CUST_740,INV_3392,2024-03-18,285.18,home,credit card,new,west,683.99,8,85.49875,81
CUST_597,INV_3393,2024-05-04,50.79,clothing,credit card,new,west,765.94,11,69.6309090909091,168
CUST_644,INV_3394,2024-05-10,23.12,books,cash on delivery,returning,east,1325.3999999999999,11,120.49090909090908,146
CUST_509,INV_3395,2024-05-31,80.05,beauty,credit card,returning,west,435.35,5,87.07000000000001,129
CUST_182,INV_3396,2024-05-20,11.74,home,cash on delivery,loyal,north,1836.42,14,131.17285714285714,157
CUST_385,INV_3397,2024-05-09,34.09,books,cash on delivery,loyal,south,1210.29,13,93.09923076923077,157
CUST_573,INV_3398,2024-04-21,23.31,home,upi,returning,south,1355.1000000000001,14,96.79285714285716,132
CUST_730,INV_3399,2024-05-06,50.51,home,credit card,returning,south,618.28,10,61.827999999999996,120
CUST_404,INV_3400,2024-01-21,11.79,clothing,debit card,returning,west,401.87,13,30.913076923076922,161
CUST_245,INV_3401,2024-05-26,3.24,electronics,debit card,new,west,731.02,10,73.102,168
CUST_741,INV_3402,2024-03-29,106.94,clothing,debit card,loyal,north,839.6,6,139.93333333333334,67
CUST_590,INV_3403,2024-02-16,94.22,books,upi,returning,west,609.6800000000001,7,87.09714285714287,65
CUST_660,INV_3404,2024-05-29,123.22,clothing,cash on delivery,returning,south,1775.47,16,110.966875,162
CUST_649,INV_3405,2024-06-09,107.99,electronics,cash on delivery,new,north,1150.4,12,95.86666666666667,151
CUST_470,INV_3406,2024-06-08,12.14,clothing,debit card,returning,north,1379.5900000000001,17,81.15235294117647,166
CUST_825,INV_3407,2024-03-25,34.4,clothing,cash on delivery,loyal,south,775.45,9,86.16111111111111,155
CUST_887,INV_3408,2024-06-15,13.87,clothing,cash on delivery,new,east,1046.3799999999999,12,87.19833333333332,161
CUST_422,INV_3409,2024-05-07,185.13,beauty,upi,returning,west,1065.8,6,177.63333333333333,139
CUST_900,INV_3410,2024-03-12,137.4,beauty,credit card,loyal,west,1352.69,8,169.08625,151
CUST_64,INV_3411,2024-02-11,22.51,clothing,credit card,loyal,south,1123.87,14,80.27642857142857,167
CUST_12,INV_3412,2024-01-09,41.75,electronics,upi,new,east,1189.3700000000001,14,84.95500000000001,160
CUST_212,INV_3413,2024-01-25,339.96,electronics,upi,loyal,west,783.83,9,87.09222222222223,133
CUST_985,INV_3414,2024-01-02,90.18,electronics,cash on delivery,new,east,935.9300000000001,11,85.08454545454546,177
CUST_241,INV_3415,2024-01-19,161.52,electronics,upi,loyal,south,1114.7,12,92.89166666666667,155
CUST_492,INV_3416,2024-01-20,30.73,home,cash on delivery,returning,south,636.61,10,63.661,159
CUST_212,INV_3417,2024-03-10,23.58,clothing,credit card,new,east,783.83,9,87.09222222222223,133
CUST_692,INV_3418,2024-01-17,153.21,clothing,upi,loyal,south,2789.69,17,164.09941176470588,153
CUST_337,INV_3419,2024-05-03,115.8,home,cash on delivery,new,south,1842.48,13,141.72923076923078,162
CUST_996,INV_3420,2024-03-29,114.25,electronics,credit card,loyal,north,892.71,10,89.271,139
CUST_172,INV_3421,2024-04-03,80.44,books,credit card,new,east,765.0500000000001,11,69.55000000000001,160
CUST_671,INV_3422,2024-03-24,82.91,books,debit card,returning,west,1361.11,14,97.22214285714286,172
CUST_163,INV_3423,2024-05-10,133.07,home,credit card,new,west,1121.61,13,86.2776923076923,130
CUST_464,INV_3424,2024-03-27,31.47,books,upi,new,north,623.29,8,77.91125,121
CUST_994,INV_3425,2024-02-20,43.51,beauty,upi,returning,south,440.69,7,62.955714285714286,154
CUST_496,INV_3426,2024-03-22,205.29,clothing,cash on delivery,loyal,south,876.26,11,79.66,159
CUST_699,INV_3427,2024-06-02,36.94,books,upi,returning,north,2424.12,16,151.5075,174
CUST_394,INV_3428,2024-01-08,79.03,beauty,credit card,new,north,1095.95,8,136.99375,161
CUST_702,INV_3429,2024-06-13,121.28,clothing,cash on delivery,returning,south,1241.85,8,155.23125,164
CUST_916,INV_3430,2024-04-30,949.57,beauty,credit card,returning,east,1850.32,16,115.645,127
CUST_307,INV_3431,2024-06-03,57.14,clothing,debit card,new,north,1040.1299999999999,9,115.57,106
CUST_767,INV_3432,2024-06-21,55.88,clothing,cash on delivery,new,east,957.02,10,95.702,163
CUST_182,INV_3433,2024-01-04,184.89,books,debit card,returning,west,1836.42,14,131.17285714285714,157
CUST_628,INV_3434,2024-03-26,163.73,home,cash on delivery,new,south,1068.54,11,97.14,153
CUST_793,INV_3435,2024-05-07,131.33,books,upi,loyal,east,1227.72,15,81.848,141
CUST_509,INV_3436,2024-04-19,62.22,electronics,credit card,loyal,east,435.35,5,87.07000000000001,129
CUST_707,INV_3437,2024-04-08,39.15,beauty,cash on delivery,loyal,south,693.33,8,86.66625,149
CUST_545,INV_3438,2024-02-06,93.84,electronics,upi,loyal,south,707.49,11,64.31727272727272,143
CUST_563,INV_3439,2024-03-11,208.93,clothing,upi,returning,west,1167.36,10,116.73599999999999,159
CUST_623,INV_3440,2024-02-02,215.22,books,upi,returning,south,1397.65,9,155.29444444444445,144
CUST_763,INV_3441,2024-01-31,11.48,electronics,debit card,returning,east,884.46,10,88.446,163
CUST_593,INV_3442,2024-05-04,55.92,electronics,upi,new,north,816.65,10,81.66499999999999,122
CUST_743,INV_3443,2024-01-12,62.5,electronics,cash on delivery,returning,south,1296.94,8,162.1175,106
CUST_226,INV_3444,2024-01-11,379.94,clothing,debit card,returning,south,1139.4,13,87.64615384615385,178
CUST_744,INV_3445,2024-03-28,113.32,clothing,credit card,new,north,852.41,7,121.77285714285713,140
CUST_732,INV_3446,2024-03-12,52.3,clothing,upi,new,south,586.39,9,65.15444444444444,176
CUST_435,INV_3447,2024-02-01,2.64,electronics,cash on delivery,new,south,852.01,12,71.00083333333333,173
CUST_924,INV_3448,2024-02-26,83.33,beauty,cash on delivery,loyal,north,1477.36,17,86.9035294117647,156
CUST_421,INV_3449,2024-06-14,10.1,books,debit card,returning,east,1688.19,15,112.546,170
CUST_553,INV_3450,2024-03-26,179.85,books,credit card,returning,west,1940.8,15,129.38666666666666,147
CUST_20,INV_3451,2024-01-19,139.64,clothing,debit card,returning,west,1237.24,11,112.47636363636364,158
CUST_553,INV_3452,2024-04-25,61.71,electronics,upi,new,west,1940.8,15,129.38666666666666,147
CUST_396,INV_3453,2024-01-14,56.07,beauty,credit card,returning,east,1235.97,10,123.59700000000001,163
CUST_624,INV_3454,2024-02-02,227.63,home,credit card,loyal,west,621.58,10,62.158,142
CUST_104,INV_3455,2024-01-10,34.03,clothing,credit card,returning,east,748.1,7,106.87142857142858,155
CUST_191,INV_3456,2024-03-20,28.64,home,debit card,returning,south,1744.07,14,124.57642857142856,154
CUST_16,INV_3457,2024-03-04,280.01,books,cash on delivery,new,west,875.55,13,67.35,151
CUST_119,INV_3458,2024-03-08,165.68,books,debit card,loyal,north,1011.79,11,91.9809090909091,163
CUST_392,INV_3459,2024-04-01,171.83,beauty,cash on delivery,returning,east,828.34,10,82.834,126
CUST_424,INV_3460,2024-05-04,21.72,beauty,debit card,new,west,1788.03,11,162.5481818181818,96
CUST_128,INV_3461,2024-06-19,15.47,home,cash on delivery,loyal,north,1228.05,16,76.753125,176
CUST_129,INV_3462,2024-03-20,2.64,books,cash on delivery,loyal,west,1389.36,17,81.7270588235294,163
CUST_571,INV_3463,2024-02-28,27.06,beauty,credit card,new,east,964.01,9,107.11222222222221,119
CUST_559,INV_3464,2024-06-28,148.81,beauty,cash on delivery,new,east,1782.0,11,162.0,111
CUST_28,INV_3465,2024-04-06,27.45,books,upi,new,south,559.96,11,50.905454545454546,136
CUST_96,INV_3466,2024-01-19,130.6,books,upi,new,east,880.9200000000001,9,97.88000000000001,153
CUST_9,INV_3467,2024-05-28,29.02,electronics,cash on delivery,new,west,883.4699999999999,13,67.95923076923076,156
CUST_241,INV_3468,2024-01-22,50.3,beauty,cash on delivery,new,east,1114.7,12,92.89166666666667,155
CUST_825,INV_3469,2024-01-09,408.41,home,cash on delivery,returning,north,775.45,9,86.16111111111111,155
CUST_955,INV_3470,2024-01-09,28.08,clothing,cash on delivery,new,south,1447.9499999999998,15,96.52999999999999,151
CUST_231,INV_3471,2024-01-27,47.22,clothing,credit card,new,south,1369.29,10,136.929,176
CUST_788,INV_3472,2024-01-17,35.82,books,upi,loyal,east,761.97,8,95.24625,155
CUST_283,INV_3473,2024-06-20,11.61,home,credit card,loyal,west,1223.8,10,122.38,171
CUST_714,INV_3474,2024-02-14,67.31,electronics,upi,loyal,south,636.83,9,70.75888888888889,165
CUST_758,INV_3475,2024-01-08,47.59,beauty,cash on delivery,new,west,1520.67,12,126.72250000000001,150
CUST_801,INV_3476,2024-05-25,118.71,electronics,upi,new,west,1939.41,12,161.6175,136
CUST_775,INV_3477,2024-05-04,170.15,home,upi,returning,north,1331.75,19,70.09210526315789,129
CUST_954,INV_3478,2024-05-02,78.58,electronics,debit card,returning,south,1420.93,11,129.17545454545456,150
CUST_725,INV_3479,2024-02-02,3.27,books,debit card,returning,east,1953.04,22,88.77454545454545,130
CUST_199,INV_3480,2024-01-01,96.48,clothing,cash on delivery,returning,west,813.37,6,135.56166666666667,157
CUST_944,INV_3481,2024-01-06,5.7,books,credit card,new,south,1317.27,12,109.7725,148
CUST_78,INV_3482,2024-02-10,95.8,beauty,debit card,loyal,south,1628.28,14,116.30571428571429,164
CUST_912,INV_3483,2024-01-05,115.53,books,cash on delivery,new,west,1248.99,11,113.54454545454546,158
CUST_955,INV_3484,2024-03-20,22.04,home,credit card,new,east,1447.9499999999998,15,96.52999999999999,151
CUST_854,INV_3485,2024-01-18,171.12,home,debit card,new,south,992.4300000000001,13,76.34076923076924,171
CUST_855,INV_3486,2024-06-25,242.01,beauty,upi,new,south,705.4,9,78.37777777777778,151
CUST_172,INV_3487,2024-03-22,167.71,beauty,debit card,loyal,east,765.0500000000001,11,69.55000000000001,160
CUST_466,INV_3488,2024-03-05,36.4,clothing,cash on delivery,loyal,west,1071.0,12,89.25,111
CUST_580,INV_3489,2024-03-23,88.34,electronics,debit card,returning,west,506.56,8,63.32,159
CUST_415,INV_3490,2024-05-15,246.29,clothing,debit card,new,west,1779.05,10,177.905,132
CUST_939,INV_3491,2024-05-10,38.66,books,credit card,returning,west,1461.0900000000001,15,97.406,141
CUST_448,INV_3492,2024-01-25,171.5,electronics,credit card,loyal,east,973.53,9,108.17,131
CUST_86,INV_3493,2024-03-09,0.95,beauty,upi,loyal,north,824.3199999999999,11,74.93818181818182,145
CUST_100,INV_3494,2024-06-16,0.37,home,cash on delivery,returning,east,1127.27,11,102.47909090909091,167
CUST_7,INV_3495,2024-03-22,142.59,books,upi,loyal,east,1709.73,13,131.5176923076923,164
CUST_844,INV_3496,2024-06-26,143.32,clothing,upi,loyal,west,937.66,9,104.18444444444444,152
CUST_199,INV_3497,2024-04-26,155.58,beauty,debit card,new,south,813.37,6,135.56166666666667,157
CUST_504,INV_3498,2024-04-04,265.96,electronics,upi,new,east,1310.05,11,119.09545454545454,156
CUST_86,INV_3499,2024-02-02,12.55,electronics,credit card,loyal,west,824.3199999999999,11,74.93818181818182,145
CUST_42,INV_3500,2024-04-20,26.39,home,upi,loyal,south,1234.35,12,102.8625,151
CUST_384,INV_3501,2024-05-25,234.05,beauty,cash on delivery,returning,east,1124.32,8,140.54,160
CUST_620,INV_3502,2024-05-04,19.51,beauty,upi,returning,north,549.15,10,54.915,172
CUST_434,INV_3503,2024-01-16,114.64,books,cash on delivery,loyal,north,1873.11,16,117.069375,161
CUST_407,INV_3504,2024-03-20,75.6,books,cash on delivery,new,west,917.11,9,101.9011111111111,106
CUST_482,INV_3505,2024-02-07,8.69,electronics,upi,new,south,899.09,11,81.73545454545454,137
CUST_663,INV_3506,2024-06-17,33.58,clothing,upi,returning,south,2021.0,17,118.88235294117646,152
CUST_16,INV_3507,2024-05-14,73.47,electronics,upi,new,west,875.55,13,67.35,151
CUST_644,INV_3508,2024-03-18,191.29,books,cash on delivery,new,west,1325.3999999999999,11,120.49090909090908,146
CUST_147,INV_3509,2024-03-03,122.94,books,credit card,returning,south,897.03,11,81.54818181818182,162
CUST_276,INV_3510,2024-04-21,97.26,books,debit card,returning,north,2147.64,14,153.40285714285713,156
CUST_231,INV_3511,2024-03-29,68.52,electronics,upi,new,north,1369.29,10,136.929,176
CUST_825,INV_3512,2024-06-08,35.48,beauty,debit card,returning,east,775.45,9,86.16111111111111,155
CUST_926,INV_3513,2024-02-07,12.7,clothing,upi,loyal,east,976.71,8,122.08875,158
CUST_365,INV_3514,2024-05-29,52.61,clothing,cash on delivery,returning,south,1150.82,11,104.61999999999999,141
CUST_227,INV_3515,2024-05-23,2.89,books,cash on delivery,loyal,north,477.6,9,53.06666666666667,175
CUST_650,INV_3516,2024-02-21,23.71,home,debit card,loyal,east,461.28000000000003,8,57.660000000000004,136
CUST_435,INV_3517,2024-01-29,56.65,electronics,credit card,loyal,north,852.01,12,71.00083333333333,173
CUST_398,INV_3518,2024-05-23,54.23,beauty,cash on delivery,returning,north,1349.8899999999999,10,134.98899999999998,155
CUST_210,INV_3519,2024-03-16,4.53,books,debit card,returning,south,748.29,11,68.02636363636363,147
CUST_390,INV_3520,2024-05-24,88.93,home,cash on delivery,returning,north,1193.3,11,108.48181818181818,157
CUST_498,INV_3521,2024-03-04,79.78,books,upi,loyal,south,1599.85,14,114.27499999999999,143
CUST_539,INV_3522,2024-03-31,8.13,home,debit card,returning,east,1091.96,14,77.99714285714286,168
CUST_562,INV_3523,2024-03-29,286.76,clothing,debit card,new,west,1821.19,13,140.09153846153848,176
CUST_490,INV_3524,2024-01-13,10.47,home,upi,new,north,1049.44,11,95.40363636363637,179
CUST_441,INV_3525,2024-03-12,192.99,clothing,debit card,returning,west,1047.24,12,87.27,141
CUST_260,INV_3526,2024-01-05,0.03,clothing,upi,loyal,west,1024.5,10,102.45,157
CUST_772,INV_3527,2024-01-12,213.95,electronics,credit card,returning,south,330.18999999999994,4,82.54749999999999,122
CUST_349,INV_3528,2024-06-17,1.99,home,upi,new,north,406.13,10,40.613,159
CUST_351,INV_3529,2024-01-03,141.8,beauty,credit card,loyal,north,887.71,9,98.63444444444445,165
CUST_519,INV_3530,2024-02-02,44.89,beauty,debit card,returning,east,1053.73,14,75.26642857142858,151
CUST_319,INV_3531,2024-04-30,134.02,home,upi,returning,west,890.6500000000001,9,98.96111111111112,161
CUST_137,INV_3532,2024-02-19,51.37,electronics,debit card,loyal,west,761.34,7,108.76285714285714,127
CUST_549,INV_3533,2024-05-16,7.35,beauty,credit card,loyal,south,1184.88,14,84.63428571428572,164
CUST_622,INV_3534,2024-06-26,145.89,books,cash on delivery,new,north,904.56,11,82.23272727272727,146
CUST_991,INV_3535,2024-01-29,7.39,beauty,cash on delivery,returning,north,640.42,9,71.15777777777777,167
CUST_367,INV_3536,2024-02-08,255.26,electronics,cash on delivery,new,west,1281.82,8,160.2275,117
CUST_219,INV_3537,2024-03-31,5.23,clothing,cash on delivery,new,east,1823.3,14,130.2357142857143,164
CUST_336,INV_3538,2024-04-09,65.26,clothing,cash on delivery,loyal,west,1099.62,10,109.96199999999999,128
CUST_222,INV_3539,2024-06-21,128.39,clothing,credit card,returning,north,1302.41,12,108.53416666666668,170
CUST_647,INV_3540,2024-01-17,49.96,electronics,cash on delivery,new,south,622.69,12,51.89083333333334,156
CUST_767,INV_3541,2024-02-25,24.49,clothing,cash on delivery,new,south,957.02,10,95.702,163
CUST_359,INV_3542,2024-02-15,142.33,clothing,debit card,loyal,south,1682.9699999999998,10,168.29699999999997,90
CUST_920,INV_3543,2024-03-07,153.38,electronics,upi,returning,north,1876.07,18,104.22611111111111,169
CUST_328,INV_3544,2024-05-21,256.0,books,upi,returning,north,998.94,7,142.7057142857143,113
CUST_961,INV_3545,2024-03-07,47.19,beauty,upi,new,south,792.14,15,52.809333333333335,165
CUST_462,INV_3546,2024-01-23,70.57,electronics,upi,loyal,north,682.57,8,85.32125,165
CUST_945,INV_3547,2024-04-03,45.12,electronics,credit card,returning,east,1503.4,13,115.64615384615385,168
CUST_962,INV_3548,2024-05-30,29.72,home,upi,returning,south,1727.8,16,107.9875,166
CUST_560,INV_3549,2024-06-03,139.04,clothing,debit card,new,east,1191.05,12,99.25416666666666,167
CUST_803,INV_3550,2024-02-23,41.5,books,credit card,returning,east,917.4300000000001,14,65.5307142857143,157
CUST_381,INV_3551,2024-05-17,55.89,home,cash on delivery,returning,north,1291.66,10,129.166,129
CUST_835,INV_3552,2024-03-17,51.7,books,debit card,returning,north,915.88,11,83.26181818181819,162
CUST_589,INV_3553,2024-01-16,124.71,clothing,debit card,returning,south,970.4399999999999,7,138.6342857142857,102
CUST_616,INV_3554,2024-02-10,249.85,clothing,cash on delivery,new,north,639.3,7,91.32857142857142,121
CUST_168,INV_3555,2024-04-07,109.89,clothing,cash on delivery,returning,east,671.21,5,134.24200000000002,157
CUST_216,INV_3556,2024-05-07,63.79,beauty,debit card,returning,north,1413.6200000000001,12,117.80166666666668,124
CUST_377,INV_3557,2024-03-01,151.05,books,credit card,loyal,south,1043.45,13,80.26538461538462,166
CUST_118,INV_3558,2024-03-26,102.44,books,cash on delivery,new,west,919.75,9,102.19444444444444,146
CUST_189,INV_3559,2024-04-27,6.25,home,upi,returning,west,1748.28,14,124.87714285714286,171
CUST_766,INV_3560,2024-04-09,10.06,electronics,debit card,loyal,north,656.89,8,82.11125,160
CUST_369,INV_3561,2024-02-18,3.87,clothing,debit card,new,west,556.19,7,79.4557142857143,157
CUST_777,INV_3562,2024-06-28,61.03,clothing,cash on delivery,returning,east,627.48,11,57.04363636363637,172
CUST_148,INV_3563,2024-01-02,174.79,home,cash on delivery,loyal,west,1127.95,11,102.5409090909091,178
CUST_675,INV_3564,2024-04-29,37.55,books,upi,new,west,1513.6100000000001,13,116.43153846153847,143
CUST_651,INV_3565,2024-06-26,48.48,beauty,upi,returning,east,474.01,8,59.25125,155
CUST_858,INV_3566,2024-05-02,240.22,books,upi,loyal,south,955.58,10,95.558,115
CUST_487,INV_3567,2024-03-26,181.34,beauty,upi,new,west,1176.0,10,117.6,140
CUST_769,INV_3568,2024-06-19,109.38,beauty,debit card,loyal,west,996.21,11,90.56454545454545,137
CUST_373,INV_3569,2024-03-17,31.03,books,cash on delivery,loyal,west,597.16,8,74.645,112
CUST_780,INV_3570,2024-05-15,12.45,clothing,credit card,returning,south,1254.05,14,89.575,168
CUST_692,INV_3571,2024-02-28,1.62,beauty,cash on delivery,loyal,north,2789.69,17,164.09941176470588,153
CUST_159,INV_3572,2024-01-12,11.32,home,cash on delivery,returning,north,1512.87,10,151.28699999999998,156
CUST_350,INV_3573,2024-01-04,34.62,home,upi,returning,south,91.22,4,22.805,152
CUST_911,INV_3574,2024-04-26,80.25,beauty,upi,loyal,east,835.55,14,59.68214285714286,154
CUST_287,INV_3575,2024-04-04,6.61,clothing,debit card,loyal,north,1150.8600000000001,13,88.52769230769232,152
CUST_287,INV_3576,2024-05-04,14.64,beauty,upi,loyal,south,1150.8600000000001,13,88.52769230769232,152
CUST_891,INV_3577,2024-02-10,19.98,home,debit card,loyal,south,1044.83,10,104.48299999999999,139
CUST_225,INV_3578,2024-05-02,99.96,home,cash on delivery,new,east,1552.4299999999998,13,119.41769230769229,158
CUST_522,INV_3579,2024-01-07,95.66,books,cash on delivery,returning,south,659.8299999999999,11,59.98454545454545,165
CUST_521,INV_3580,2024-03-09,80.02,clothing,cash on delivery,loyal,north,1074.26,7,153.46571428571428,129
CUST_782,INV_3581,2024-03-09,28.84,books,debit card,new,north,1358.75,16,84.921875,170
CUST_272,INV_3582,2024-03-21,46.38,electronics,debit card,loyal,south,1756.03,19,92.42263157894736,152
CUST_935,INV_3583,2024-01-30,10.17,beauty,debit card,new,south,2032.24,18,112.90222222222222,169
CUST_401,INV_3584,2024-03-13,25.68,books,upi,returning,east,584.6600000000001,8,73.08250000000001,166
CUST_182,INV_3585,2024-01-06,227.99,clothing,credit card,loyal,east,1836.42,14,131.17285714285714,157
CUST_968,INV_3586,2024-03-29,389.67,beauty,upi,new,west,503.72,5,100.744,144
CUST_664,INV_3587,2024-05-26,104.32,beauty,credit card,new,south,1203.96,10,120.396,136
CUST_487,INV_3588,2024-03-06,248.68,beauty,upi,returning,west,1176.0,10,117.6,140
CUST_826,INV_3589,2024-01-10,102.93,beauty,cash on delivery,loyal,west,1230.2,9,136.6888888888889,163
CUST_845,INV_3590,2024-05-23,3.38,beauty,debit card,loyal,west,789.13,9,87.68111111111111,163
CUST_123,INV_3591,2024-02-06,573.3,clothing,upi,returning,west,2252.29,12,187.69083333333333,151
CUST_984,INV_3592,2024-03-17,10.42,electronics,debit card,returning,north,1069.58,12,89.13166666666666,172
CUST_625,INV_3593,2024-03-17,114.77,home,upi,returning,east,590.19,7,84.31285714285715,94
CUST_789,INV_3594,2024-02-01,29.15,electronics,cash on delivery,new,south,1280.23,10,128.023,152
CUST_413,INV_3595,2024-02-16,49.75,home,debit card,new,east,1491.01,13,114.69307692307692,176
CUST_979,INV_3596,2024-04-19,103.83,books,cash on delivery,returning,east,943.08,10,94.308,123
CUST_724,INV_3597,2024-06-19,57.36,beauty,credit card,loyal,east,611.95,10,61.19500000000001,167
CUST_171,INV_3598,2024-04-29,28.84,books,debit card,new,east,550.38,10,55.038,125
CUST_287,INV_3599,2024-06-12,40.71,books,upi,returning,east,1150.8600000000001,13,88.52769230769232,152
CUST_434,INV_3600,2024-06-02,41.79,home,debit card,new,east,1873.11,16,117.069375,161
CUST_685,INV_3601,2024-01-10,320.21,clothing,credit card,new,north,1553.76,10,155.376,168
CUST_112,INV_3602,2024-06-07,160.25,beauty,credit card,returning,east,2010.72,18,111.70666666666666,160
CUST_887,INV_3603,2024-04-06,61.35,books,upi,loyal,south,1046.3799999999999,12,87.19833333333332,161
CUST_916,INV_3604,2024-06-05,22.29,electronics,cash on delivery,loyal,south,1850.32,16,115.645,127
CUST_994,INV_3605,2024-01-05,166.61,beauty,debit card,new,west,440.69,7,62.955714285714286,154
CUST_121,INV_3606,2024-03-17,17.1,clothing,cash on delivery,loyal,west,1001.52,11,91.04727272727273,157
CUST_543,INV_3607,2024-01-01,23.63,beauty,cash on delivery,loyal,east,729.12,10,72.912,179
CUST_221,INV_3608,2024-05-10,45.57,books,upi,returning,west,527.87,9,58.65222222222222,157
CUST_630,INV_3609,2024-03-07,212.32,electronics,debit card,returning,west,1144.15,11,104.01363636363637,164
CUST_38,INV_3610,2024-06-11,14.13,books,credit card,returning,east,1482.14,19,78.00736842105263,161
CUST_496,INV_3611,2024-01-15,13.04,clothing,upi,loyal,west,876.26,11,79.66,159
CUST_779,INV_3612,2024-04-02,68.12,home,cash on delivery,loyal,south,603.65,9,67.07222222222222,153
CUST_232,INV_3613,2024-01-30,32.35,electronics,credit card,returning,east,1707.56,16,106.7225,153
CUST_942,INV_3614,2024-04-12,84.1,clothing,cash on delivery,loyal,south,1124.26,11,102.20545454545454,165
CUST_529,INV_3615,2024-03-22,60.08,clothing,debit card,returning,south,973.99,12,81.16583333333334,133
CUST_148,INV_3616,2024-03-15,57.09,books,cash on delivery,new,north,1127.95,11,102.5409090909091,178
CUST_396,INV_3617,2024-06-19,11.88,books,credit card,new,north,1235.97,10,123.59700000000001,163
CUST_660,INV_3618,2024-02-29,15.2,books,debit card,loyal,west,1775.47,16,110.966875,162
CUST_637,INV_3619,2024-02-09,172.08,home,upi,loyal,south,1027.08,13,79.00615384615384,145
CUST_903,INV_3620,2024-06-05,217.05,beauty,cash on delivery,loyal,west,1026.3,8,128.2875,158
CUST_301,INV_3621,2024-03-14,26.75,beauty,debit card,loyal,east,731.7,15,48.78,158
CUST_359,INV_3622,2024-04-30,12.04,books,debit card,new,south,1682.9699999999998,10,168.29699999999997,90
CUST_237,INV_3623,2024-05-26,5.49,books,upi,returning,west,942.61,7,134.65857142857143,135
CUST_646,INV_3624,2024-01-03,93.73,home,upi,new,south,390.61,5,78.122,158
CUST_662,INV_3625,2024-02-05,125.65,beauty,credit card,returning,west,1397.85,14,99.84642857142856,118
CUST_235,INV_3626,2024-02-12,46.65,home,debit card,loyal,east,703.51,9,78.16777777777777,120
CUST_735,INV_3627,2024-05-22,113.84,clothing,debit card,returning,north,1179.4,14,84.24285714285715,156
CUST_202,INV_3628,2024-06-17,124.81,beauty,credit card,returning,south,498.48,8,62.31,155
CUST_255,INV_3629,2024-04-24,273.86,books,cash on delivery,returning,west,1107.01,10,110.701,101
CUST_597,INV_3630,2024-04-18,6.71,electronics,debit card,returning,north,765.94,11,69.6309090909091,168
CUST_661,INV_3631,2024-03-30,21.36,clothing,debit card,new,east,1633.99,15,108.93266666666666,133
CUST_234,INV_3632,2024-06-12,7.1,electronics,cash on delivery,loyal,north,658.28,10,65.828,156
CUST_344,INV_3633,2024-03-24,202.49,home,upi,loyal,east,1541.7,12,128.475,156
CUST_533,INV_3634,2024-03-17,157.3,home,upi,returning,west,740.64,8,92.58,107
CUST_859,INV_3635,2024-06-09,85.48,home,upi,loyal,east,249.97,6,41.66166666666667,157
CUST_796,INV_3636,2024-01-05,8.74,books,credit card,new,north,1466.08,11,133.28,175
CUST_780,INV_3637,2024-03-18,31.93,home,cash on delivery,returning,west,1254.05,14,89.575,168
CUST_465,INV_3638,2024-03-31,35.34,electronics,upi,loyal,west,396.40999999999997,7,56.629999999999995,137
CUST_769,INV_3639,2024-03-27,82.27,clothing,credit card,loyal,south,996.21,11,90.56454545454545,137
CUST_540,INV_3640,2024-01-14,29.85,books,cash on delivery,returning,west,1001.1500000000001,9,111.2388888888889,169
CUST_212,INV_3641,2024-04-13,7.58,clothing,upi,new,west,783.83,9,87.09222222222223,133
CUST_462,INV_3642,2024-03-23,131.22,home,debit card,returning,west,682.57,8,85.32125,165
CUST_435,INV_3643,2024-06-23,35.54,beauty,debit card,returning,south,852.01,12,71.00083333333333,173
CUST_282,INV_3644,2024-02-23,60.22,books,upi,loyal,east,2115.36,18,117.52000000000001,148
CUST_561,INV_3645,2024-05-11,13.66,home,upi,loyal,north,680.04,8,85.005,150
CUST_606,INV_3646,2024-04-04,162.23,books,credit card,returning,west,1199.92,13,92.30153846153847,152
CUST_462,INV_3647,2024-01-09,83.36,beauty,debit card,returning,north,682.57,8,85.32125,165
CUST_406,INV_3648,2024-02-22,231.86,electronics,cash on delivery,loyal,north,1119.5,11,101.77272727272727,149
CUST_87,INV_3649,2024-03-17,68.41,electronics,upi,returning,west,869.63,11,79.05727272727273,164
CUST_43,INV_3650,2024-02-29,283.75,electronics,cash on delivery,new,north,1212.72,10,121.272,135
CUST_460,INV_3651,2024-02-15,222.44,beauty,upi,returning,east,1047.09,7,149.5842857142857,119
CUST_277,INV_3652,2024-02-23,85.91,clothing,debit card,new,north,620.09,13,47.69923076923077,170
CUST_682,INV_3653,2024-03-14,271.65,beauty,upi,returning,north,735.53,8,91.94125,124
CUST_420,INV_3654,2024-04-21,39.02,beauty,cash on delivery,returning,south,633.8100000000001,10,63.38100000000001,146
CUST_700,INV_3655,2024-04-04,45.51,home,debit card,returning,east,734.36,10,73.436,142
CUST_352,INV_3656,2024-06-13,4.65,electronics,upi,loyal,north,628.7,6,104.78333333333335,86
CUST_695,INV_3657,2024-01-23,88.97,books,debit card,loyal,west,1503.8600000000001,10,150.38600000000002,158
CUST_514,INV_3658,2024-01-27,127.99,clothing,credit card,loyal,north,1404.29,10,140.429,167
CUST_702,INV_3659,2024-03-10,148.51,books,cash on delivery,loyal,west,1241.85,8,155.23125,164
CUST_629,INV_3660,2024-04-18,16.23,home,upi,loyal,east,1015.25,13,78.09615384615384,153
CUST_18,INV_3661,2024-03-17,58.73,home,upi,loyal,east,1436.15,15,95.74333333333334,167
CUST_22,INV_3662,2024-06-27,19.46,clothing,upi,returning,south,707.1,8,88.3875,172
CUST_412,INV_3663,2024-02-19,108.51,books,cash on delivery,new,west,395.62,7,56.51714285714286,147
CUST_29,INV_3664,2024-05-03,17.19,clothing,credit card,loyal,west,474.03,7,67.71857142857142,99
CUST_806,INV_3665,2024-01-19,234.51,clothing,cash on delivery,loyal,east,1409.26,10,140.926,157
CUST_107,INV_3666,2024-01-01,26.22,electronics,upi,returning,west,1401.55,10,140.155,176
CUST_366,INV_3667,2024-02-09,34.45,books,cash on delivery,loyal,west,1142.62,13,87.89384615384614,141
CUST_280,INV_3668,2024-06-08,190.32,electronics,upi,returning,north,725.73,7,103.67571428571429,162
CUST_127,INV_3669,2024-01-22,61.34,electronics,cash on delivery,loyal,south,1051.28,13,80.86769230769231,162
CUST_228,INV_3670,2024-04-21,2.43,electronics,debit card,new,north,1295.1399999999999,14,92.50999999999999,145
CUST_110,INV_3671,2024-02-09,68.24,beauty,cash on delivery,loyal,east,3131.33,17,184.19588235294117,168
CUST_135,INV_3672,2024-02-07,8.83,home,upi,loyal,west,321.99,5,64.398,142
CUST_361,INV_3673,2024-02-17,422.3,home,upi,returning,west,702.09,6,117.015,104
CUST_185,INV_3674,2024-03-15,88.7,beauty,cash on delivery,loyal,east,445.11,6,74.185,142
CUST_655,INV_3675,2024-06-27,29.64,clothing,cash on delivery,returning,west,409.7,8,51.2125,142
CUST_583,INV_3676,2024-04-16,82.95,books,debit card,new,east,949.73,12,79.14416666666666,167
CUST_128,INV_3677,2024-01-08,8.0,books,credit card,loyal,south,1228.05,16,76.753125,176
CUST_875,INV_3678,2024-03-26,160.89,books,credit card,returning,west,625.1,10,62.510000000000005,162
CUST_260,INV_3679,2024-03-08,259.47,electronics,debit card,new,north,1024.5,10,102.45,157
CUST_514,INV_3680,2024-03-15,207.5,books,credit card,new,north,1404.29,10,140.429,167
CUST_448,INV_3681,2024-05-16,41.82,books,credit card,returning,south,973.53,9,108.17,131
CUST_899,INV_3682,2024-03-30,39.42,books,upi,returning,east,1282.45,12,106.87083333333334,155
CUST_103,INV_3683,2024-05-09,3.57,home,upi,loyal,west,1251.99,14,89.42785714285715,172
CUST_482,INV_3684,2024-03-20,105.38,beauty,upi,new,west,899.09,11,81.73545454545454,137
CUST_223,INV_3685,2024-04-04,76.55,clothing,cash on delivery,new,north,786.03,9,87.33666666666666,126
CUST_831,INV_3686,2024-03-10,61.5,beauty,cash on delivery,returning,east,1121.82,13,86.29384615384615,139
CUST_873,INV_3687,2024-03-30,238.2,books,credit card,new,east,468.77,6,78.12833333333333,127
CUST_865,INV_3688,2024-02-28,18.38,clothing,cash on delivery,returning,west,636.91,13,48.99307692307692,136
CUST_490,INV_3689,2024-05-26,0.97,clothing,upi,loyal,west,1049.44,11,95.40363636363637,179
CUST_472,INV_3690,2024-01-28,7.61,beauty,cash on delivery,returning,north,579.6500000000001,6,96.60833333333335,86
CUST_9,INV_3691,2024-03-12,25.28,beauty,credit card,loyal,east,883.4699999999999,13,67.95923076923076,156
CUST_404,INV_3692,2024-01-14,3.39,beauty,upi,returning,west,401.87,13,30.913076923076922,161
CUST_895,INV_3693,2024-01-24,69.89,beauty,credit card,loyal,west,236.4,6,39.4,139
CUST_301,INV_3694,2024-04-21,37.7,electronics,cash on delivery,new,north,731.7,15,48.78,158
CUST_230,INV_3695,2024-02-13,19.9,home,debit card,returning,north,415.83,9,46.20333333333333,125
CUST_730,INV_3696,2024-02-25,138.66,home,debit card,returning,west,618.28,10,61.827999999999996,120
CUST_922,INV_3697,2024-04-29,22.87,books,upi,returning,south,1106.43,13,85.11,142
CUST_65,INV_3698,2024-06-27,116.35,electronics,credit card,loyal,north,1054.71,8,131.83875,173
CUST_936,INV_3699,2024-02-01,42.97,clothing,debit card,returning,west,1728.72,15,115.248,153
CUST_111,INV_3700,2024-06-26,71.71,beauty,debit card,returning,south,1059.83,13,81.52538461538461,177
CUST_12,INV_3701,2024-06-17,271.61,books,upi,new,west,1189.3700000000001,14,84.95500000000001,160
CUST_392,INV_3702,2024-01-25,3.81,clothing,upi,returning,east,828.34,10,82.834,126
CUST_499,INV_3703,2024-04-25,69.37,home,credit card,returning,south,727.19,14,51.94214285714286,170
CUST_931,INV_3704,2024-03-06,192.7,clothing,debit card,returning,east,970.01,9,107.77888888888889,112
CUST_597,INV_3705,2024-02-11,88.67,beauty,credit card,returning,west,765.94,11,69.6309090909091,168
CUST_233,INV_3706,2024-06-12,32.42,beauty,credit card,new,south,438.78,5,87.756,136
CUST_601,INV_3707,2024-03-16,50.7,home,upi,returning,east,1577.98,13,121.38307692307693,133
CUST_313,INV_3708,2024-05-16,114.03,beauty,credit card,returning,north,2380.87,15,158.72466666666665,132
CUST_565,INV_3709,2024-06-12,221.47,electronics,cash on delivery,new,south,951.3399999999999,12,79.27833333333332,162
CUST_11,INV_3710,2024-02-07,4.19,books,credit card,loyal,north,2019.26,18,112.18111111111111,160
CUST_208,INV_3711,2024-06-09,7.42,home,debit card,loyal,north,691.4,10,69.14,156
CUST_973,INV_3712,2024-06-18,39.31,home,credit card,new,east,1034.19,15,68.946,168
CUST_13,INV_3713,2024-03-01,26.5,clothing,cash on delivery,new,west,778.9,10,77.89,76
CUST_632,INV_3714,2024-06-22,30.78,home,cash on delivery,loyal,east,1241.67,7,177.3814285714286,168
CUST_417,INV_3715,2024-03-29,25.01,books,debit card,returning,west,1103.4,6,183.9,128
CUST_436,INV_3716,2024-01-18,21.79,electronics,debit card,loyal,east,1149.4,8,143.675,152
CUST_376,INV_3717,2024-03-10,14.0,clothing,credit card,returning,east,609.5400000000001,8,76.19250000000001,73
CUST_19,INV_3718,2024-03-22,271.74,books,cash on delivery,new,south,2104.34,10,210.43400000000003,153
CUST_586,INV_3719,2024-04-25,15.57,home,cash on delivery,new,west,725.16,7,103.5942857142857,129
CUST_911,INV_3720,2024-03-20,22.87,beauty,credit card,new,north,835.55,14,59.68214285714286,154
CUST_754,INV_3721,2024-01-15,28.27,beauty,debit card,loyal,west,524.78,7,74.96857142857142,139
CUST_734,INV_3722,2024-06-24,270.33,books,cash on delivery,new,west,1246.28,10,124.628,150
CUST_69,INV_3723,2024-01-13,140.94,electronics,credit card,loyal,east,580.79,8,72.59875,151
CUST_823,INV_3724,2024-04-28,155.92,beauty,debit card,returning,north,1463.07,9,162.56333333333333,98
CUST_210,INV_3725,2024-02-12,11.07,books,credit card,returning,south,748.29,11,68.02636363636363,147
CUST_100,INV_3726,2024-02-26,180.98,clothing,debit card,returning,east,1127.27,11,102.47909090909091,167
CUST_697,INV_3727,2024-01-17,52.46,home,debit card,new,south,807.16,10,80.716,150
CUST_131,INV_3728,2024-06-26,30.49,electronics,cash on delivery,returning,south,1297.4,12,108.11666666666667,163
CUST_622,INV_3729,2024-02-01,85.74,electronics,upi,new,west,904.56,11,82.23272727272727,146
CUST_380,INV_3730,2024-05-29,172.7,clothing,cash on delivery,loyal,north,1306.4,14,93.31428571428572,144
CUST_131,INV_3731,2024-02-24,150.8,electronics,credit card,new,west,1297.4,12,108.11666666666667,163
CUST_19,INV_3732,2024-01-13,220.73,books,debit card,returning,north,2104.34,10,210.43400000000003,153
CUST_905,INV_3733,2024-02-16,263.29,electronics,cash on delivery,new,south,1365.3600000000001,11,124.12363636363638,133
CUST_535,INV_3734,2024-03-27,27.2,electronics,debit card,new,west,433.76,8,54.22,147
CUST_226,INV_3735,2024-03-02,55.14,electronics,cash on delivery,loyal,south,1139.4,13,87.64615384615385,178
CUST_153,INV_3736,2024-01-29,1.47,books,credit card,new,east,2354.16,19,123.90315789473684,138
CUST_804,INV_3737,2024-01-22,211.46,home,credit card,returning,north,1903.26,13,146.4046153846154,150
CUST_741,INV_3738,2024-03-05,16.79,beauty,credit card,new,south,839.6,6,139.93333333333334,67
CUST_468,INV_3739,2024-01-29,197.67,electronics,cash on delivery,new,south,428.27,7,61.18142857142857,169
CUST_821,INV_3740,2024-02-17,39.96,clothing,upi,returning,north,2552.8,18,141.82222222222222,162
CUST_999,INV_3741,2024-01-05,45.91,clothing,credit card,new,south,517.4000000000001,4,129.35000000000002,167
CUST_870,INV_3742,2024-06-11,3.99,books,cash on delivery,loyal,east,1217.66,12,101.47166666666668,169
CUST_404,INV_3743,2024-04-10,39.58,home,upi,returning,south,401.87,13,30.913076923076922,161
CUST_201,INV_3744,2024-03-11,219.25,electronics,cash on delivery,returning,south,1577.01,9,175.22333333333333,175
CUST_37,INV_3745,2024-06-22,2.59,books,cash on delivery,new,north,855.48,6,142.58,158
CUST_941,INV_3746,2024-06-11,52.14,beauty,credit card,loyal,north,796.67,10,79.667,166
CUST_771,INV_3747,2024-06-21,3.19,home,upi,loyal,east,968.77,12,80.73083333333334,170
CUST_187,INV_3748,2024-05-20,46.35,home,cash on delivery,returning,south,1219.84,15,81.32266666666666,140
CUST_56,INV_3749,2024-05-17,18.95,books,cash on delivery,returning,west,385.46,6,64.24333333333333,131
CUST_940,INV_3750,2024-03-06,29.06,clothing,cash on delivery,new,east,330.98,6,55.163333333333334,121
CUST_19,INV_3751,2024-03-12,210.04,home,cash on delivery,returning,west,2104.34,10,210.43400000000003,153
CUST_272,INV_3752,2024-01-25,57.28,clothing,credit card,loyal,south,1756.03,19,92.42263157894736,152
CUST_118,INV_3753,2024-06-20,31.99,home,cash on delivery,new,south,919.75,9,102.19444444444444,146
CUST_582,INV_3754,2024-02-29,89.0,home,upi,new,north,332.45,7,47.49285714285714,164
CUST_515,INV_3755,2024-06-23,15.33,home,debit card,loyal,east,884.47,13,68.03615384615385,165
CUST_220,INV_3756,2024-02-09,30.03,beauty,upi,loyal,west,330.15999999999997,7,47.16571428571428,147
CUST_525,INV_3757,2024-01-07,79.02,clothing,cash on delivery,returning,south,1304.45,15,86.96333333333334,174
CUST_514,INV_3758,2024-06-22,27.12,beauty,cash on delivery,loyal,south,1404.29,10,140.429,167
CUST_727,INV_3759,2024-05-30,113.67,clothing,upi,new,north,1229.15,12,102.42916666666667,160
CUST_740,INV_3760,2024-02-15,67.63,beauty,debit card,new,north,683.99,8,85.49875,81
CUST_335,INV_3761,2024-03-26,147.84,beauty,credit card,loyal,north,1313.5,11,119.4090909090909,107
CUST_697,INV_3762,2024-05-20,296.12,beauty,debit card,returning,east,807.16,10,80.716,150
CUST_54,INV_3763,2024-01-21,12.31,books,debit card,new,east,415.2,6,69.2,154
CUST_499,INV_3764,2024-01-01,40.75,beauty,debit card,returning,south,727.19,14,51.94214285714286,170
CUST_899,INV_3765,2024-05-02,38.5,home,upi,loyal,west,1282.45,12,106.87083333333334,155
CUST_887,INV_3766,2024-05-26,16.39,electronics,debit card,returning,east,1046.3799999999999,12,87.19833333333332,161
CUST_765,INV_3767,2024-05-04,166.23,beauty,credit card,new,north,629.97,5,125.994,141
CUST_535,INV_3768,2024-02-02,142.66,electronics,cash on delivery,loyal,north,433.76,8,54.22,147
CUST_161,INV_3769,2024-01-04,66.25,electronics,upi,new,east,788.74,12,65.72833333333334,173
CUST_669,INV_3770,2024-01-03,77.17,home,upi,new,south,1120.45,16,70.028125,153
CUST_593,INV_3771,2024-03-31,6.14,electronics,debit card,loyal,south,816.65,10,81.66499999999999,122
CUST_914,INV_3772,2024-02-21,81.08,electronics,cash on delivery,returning,south,1795.96,18,99.77555555555556,170
CUST_158,INV_3773,2024-01-28,156.71,electronics,cash on delivery,loyal,south,1210.0800000000002,9,134.45333333333335,138
CUST_187,INV_3774,2024-03-10,85.29,clothing,cash on delivery,new,north,1219.84,15,81.32266666666666,140
CUST_59,INV_3775,2024-02-26,30.83,beauty,upi,new,east,380.88,7,54.41142857142857,113
CUST_914,INV_3776,2024-04-17,110.13,beauty,credit card,new,north,1795.96,18,99.77555555555556,170
CUST_816,INV_3777,2024-05-23,44.86,electronics,cash on delivery,loyal,west,870.73,13,66.97923076923077,147
CUST_318,INV_3778,2024-01-24,78.72,home,upi,loyal,south,218.88,6,36.48,85
CUST_877,INV_3779,2024-06-17,66.86,clothing,debit card,loyal,south,579.99,9,64.44333333333333,92
CUST_210,INV_3780,2024-03-17,47.99,home,cash on delivery,loyal,west,748.29,11,68.02636363636363,147
CUST_405,INV_3781,2024-06-23,126.9,home,debit card,returning,west,2154.2200000000003,9,239.3577777777778,137
CUST_663,INV_3782,2024-03-16,215.31,electronics,cash on delivery,new,north,2021.0,17,118.88235294117646,152
CUST_108,INV_3783,2024-03-09,0.52,books,debit card,returning,west,1502.8700000000001,15,100.19133333333335,150
CUST_75,INV_3784,2024-04-10,271.23,electronics,upi,new,south,1046.33,12,87.19416666666666,147
CUST_541,INV_3785,2024-06-07,71.64,books,debit card,new,west,922.86,13,70.98923076923077,142
CUST_313,INV_3786,2024-04-01,120.64,clothing,upi,returning,north,2380.87,15,158.72466666666665,132
CUST_997,INV_3787,2024-04-01,193.53,books,debit card,loyal,west,651.48,7,93.06857142857143,124
CUST_116,INV_3788,2024-01-30,62.94,electronics,debit card,new,west,1609.68,13,123.82153846153847,148
CUST_926,INV_3789,2024-01-18,180.17,electronics,debit card,loyal,north,976.71,8,122.08875,158
CUST_867,INV_3790,2024-02-13,19.56,home,cash on delivery,returning,north,605.92,9,67.32444444444444,153
CUST_703,INV_3791,2024-06-03,17.34,electronics,credit card,new,north,1227.12,15,81.80799999999999,135
CUST_18,INV_3792,2024-04-08,107.14,electronics,credit card,loyal,south,1436.15,15,95.74333333333334,167
CUST_431,INV_3793,2024-06-02,204.13,beauty,cash on delivery,returning,south,1680.19,10,168.019,158
CUST_684,INV_3794,2024-04-30,222.96,beauty,debit card,new,west,2119.79,18,117.76611111111112,175
CUST_739,INV_3795,2024-04-24,103.21,home,debit card,returning,south,1467.28,10,146.728,164
CUST_349,INV_3796,2024-02-29,74.55,books,cash on delivery,loyal,east,406.13,10,40.613,159
CUST_182,INV_3797,2024-05-25,40.26,books,upi,new,north,1836.42,14,131.17285714285714,157
CUST_112,INV_3798,2024-02-25,391.2,beauty,upi,new,east,2010.72,18,111.70666666666666,160
CUST_182,INV_3799,2024-01-31,38.52,clothing,cash on delivery,new,north,1836.42,14,131.17285714285714,157
CUST_480,INV_3800,2024-04-10,136.33,beauty,credit card,returning,west,1189.1399999999999,12,99.09499999999998,172
CUST_145,INV_3801,2024-02-28,75.92,clothing,upi,returning,north,854.13,11,77.64818181818181,159
CUST_830,INV_3802,2024-05-03,93.78,books,cash on delivery,returning,south,1706.6100000000001,14,121.9007142857143,146
CUST_627,INV_3803,2024-05-09,50.0,beauty,upi,returning,west,745.88,13,57.37538461538462,174
CUST_112,INV_3804,2024-04-06,334.74,electronics,cash on delivery,loyal,north,2010.72,18,111.70666666666666,160
CUST_762,INV_3805,2024-06-15,84.79,clothing,upi,returning,west,767.49,12,63.9575,149
CUST_475,INV_3806,2024-04-16,277.72,clothing,upi,returning,west,2205.11,13,169.62384615384616,162
CUST_762,INV_3807,2024-01-18,0.76,clothing,cash on delivery,returning,west,767.49,12,63.9575,149
CUST_302,INV_3808,2024-05-24,85.02,books,credit card,loyal,east,1727.23,14,123.37357142857142,155
CUST_970,INV_3809,2024-06-15,126.3,home,credit card,loyal,south,1611.8600000000001,13,123.98923076923077,143
CUST_824,INV_3810,2024-03-11,136.68,electronics,upi,new,west,2560.0699999999997,19,134.74052631578945,159
CUST_117,INV_3811,2024-04-15,235.36,beauty,upi,returning,south,2229.23,16,139.326875,150
CUST_812,INV_3812,2024-02-23,0.44,clothing,credit card,new,north,1181.57,10,118.157,147
CUST_160,INV_3813,2024-04-03,0.03,books,cash on delivery,new,west,1260.26,17,74.13294117647058,158
CUST_400,INV_3814,2024-03-16,63.92,clothing,debit card,loyal,south,2887.32,18,160.40666666666667,165
CUST_197,INV_3815,2024-02-04,2.97,beauty,upi,loyal,west,939.88,9,104.43111111111111,139
CUST_259,INV_3816,2024-01-11,367.04,electronics,debit card,new,east,1545.43,13,118.87923076923077,168
CUST_659,INV_3817,2024-03-01,25.11,clothing,upi,new,north,1856.52,14,132.60857142857142,164
CUST_751,INV_3818,2024-02-13,63.99,books,credit card,returning,east,1251.49,10,125.149,114
CUST_46,INV_3819,2024-04-30,6.31,books,cash on delivery,loyal,west,1456.6399999999999,12,121.38666666666666,150
CUST_986,INV_3820,2024-03-08,73.82,home,upi,loyal,south,782.36,10,78.236,154
CUST_398,INV_3821,2024-01-25,47.8,books,debit card,new,west,1349.8899999999999,10,134.98899999999998,155
CUST_709,INV_3822,2024-06-24,4.57,home,credit card,loyal,west,1134.6100000000001,11,103.14636363636365,147
CUST_558,INV_3823,2024-06-08,40.82,electronics,upi,new,west,1012.74,15,67.516,163
CUST_77,INV_3824,2024-03-24,49.67,beauty,cash on delivery,new,east,547.69,10,54.769000000000005,140
CUST_123,INV_3825,2024-04-23,459.73,home,upi,loyal,east,2252.29,12,187.69083333333333,151
CUST_74,INV_3826,2024-05-11,23.3,clothing,cash on delivery,returning,south,1455.28,16,90.955,150
CUST_870,INV_3827,2024-06-14,78.7,clothing,cash on delivery,loyal,north,1217.66,12,101.47166666666668,169
CUST_136,INV_3828,2024-06-23,436.74,beauty,credit card,new,north,1410.93,14,100.7807142857143,166
CUST_601,INV_3829,2024-01-01,157.03,books,upi,new,south,1577.98,13,121.38307692307693,133
CUST_399,INV_3830,2024-05-10,501.58,clothing,cash on delivery,returning,west,1224.99,9,136.11,155
CUST_836,INV_3831,2024-03-26,345.14,home,credit card,new,north,1783.42,12,148.61833333333334,164
CUST_504,INV_3832,2024-03-02,67.24,beauty,upi,returning,east,1310.05,11,119.09545454545454,156
CUST_499,INV_3833,2024-03-04,119.2,clothing,cash on delivery,loyal,south,727.19,14,51.94214285714286,170
CUST_572,INV_3834,2024-05-24,11.7,books,credit card,returning,south,1551.8799999999999,14,110.84857142857142,135
CUST_137,INV_3835,2024-05-05,58.19,books,upi,new,west,761.34,7,108.76285714285714,127
CUST_49,INV_3836,2024-04-14,165.56,clothing,cash on delivery,new,north,869.48,9,96.60888888888888,134
CUST_770,INV_3837,2024-03-02,70.39,beauty,credit card,returning,north,1317.23,8,164.65375,82
CUST_972,INV_3838,2024-02-04,121.3,electronics,credit card,loyal,west,2206.61,18,122.58944444444445,154
CUST_618,INV_3839,2024-01-13,136.94,clothing,upi,returning,south,1557.1,10,155.70999999999998,161
CUST_624,INV_3840,2024-06-11,29.23,books,credit card,new,south,621.58,10,62.158,142
CUST_861,INV_3841,2024-02-12,208.51,electronics,upi,loyal,south,1233.14,8,154.1425,135
CUST_253,INV_3842,2024-05-09,61.59,beauty,upi,returning,south,1062.94,12,88.57833333333333,111
CUST_629,INV_3843,2024-04-20,23.6,books,cash on delivery,returning,east,1015.25,13,78.09615384615384,153
CUST_709,INV_3844,2024-05-07,200.56,beauty,upi,returning,east,1134.6100000000001,11,103.14636363636365,147
CUST_848,INV_3845,2024-02-20,54.1,clothing,credit card,new,south,2094.2799999999997,16,130.89249999999998,147
CUST_876,INV_3846,2024-05-23,138.75,beauty,upi,new,south,1446.61,14,103.3292857142857,158
CUST_562,INV_3847,2024-05-25,79.41,books,cash on delivery,new,south,1821.19,13,140.09153846153848,176
CUST_756,INV_3848,2024-05-14,48.11,clothing,credit card,loyal,east,528.06,7,75.43714285714285,130
CUST_914,INV_3849,2024-02-14,166.01,books,cash on delivery,loyal,west,1795.96,18,99.77555555555556,170
CUST_425,INV_3850,2024-06-12,87.82,books,debit card,loyal,north,928.41,10,92.841,148
CUST_546,INV_3851,2024-06-17,49.52,electronics,cash on delivery,new,east,1600.3700000000001,13,123.10538461538462,158
CUST_301,INV_3852,2024-02-11,11.61,home,debit card,loyal,south,731.7,15,48.78,158
CUST_921,INV_3853,2024-05-14,225.8,beauty,debit card,loyal,south,1084.65,8,135.58125,156
CUST_580,INV_3854,2024-01-15,3.61,beauty,upi,returning,south,506.56,8,63.32,159
CUST_348,INV_3855,2024-02-29,198.91,electronics,credit card,new,south,1574.46,13,121.1123076923077,126
CUST_831,INV_3856,2024-02-09,44.62,beauty,upi,returning,west,1121.82,13,86.29384615384615,139
CUST_932,INV_3857,2024-06-13,101.98,electronics,credit card,new,east,702.75,7,100.39285714285714,170
CUST_979,INV_3858,2024-04-21,255.36,beauty,cash on delivery,new,north,943.08,10,94.308,123
CUST_48,INV_3859,2024-03-17,16.45,beauty,debit card,loyal,south,818.66,11,74.42363636363636,164
CUST_916,INV_3860,2024-04-14,83.69,books,debit card,returning,west,1850.32,16,115.645,127
CUST_73,INV_3861,2024-04-16,144.58,electronics,debit card,returning,west,905.9300000000001,8,113.24125000000001,105
CUST_703,INV_3862,2024-05-01,141.71,beauty,cash on delivery,loyal,south,1227.12,15,81.80799999999999,135
CUST_260,INV_3863,2024-03-20,74.58,home,cash on delivery,returning,south,1024.5,10,102.45,157
CUST_355,INV_3864,2024-05-04,98.01,electronics,upi,returning,north,1291.94,10,129.19400000000002,158
CUST_581,INV_3865,2024-06-20,141.69,electronics,upi,new,east,1979.65,13,152.28076923076924,145
CUST_601,INV_3866,2024-05-13,183.9,electronics,credit card,returning,north,1577.98,13,121.38307692307693,133
CUST_259,INV_3867,2024-02-01,143.47,books,credit card,returning,east,1545.43,13,118.87923076923077,168
CUST_637,INV_3868,2024-04-17,43.7,electronics,debit card,new,west,1027.08,13,79.00615384615384,145
CUST_742,INV_3869,2024-04-23,572.19,books,cash on delivery,loyal,west,989.5600000000001,7,141.3657142857143,149
CUST_294,INV_3870,2024-05-25,57.0,home,cash on delivery,new,south,2038.52,9,226.50222222222223,152
CUST_930,INV_3871,2024-03-08,2.48,clothing,upi,loyal,north,319.16,4,79.79,75
CUST_640,INV_3872,2024-05-06,45.04,books,upi,loyal,north,1006.74,7,143.82,112
CUST_791,INV_3873,2024-05-14,13.67,beauty,credit card,new,south,862.3,11,78.39090909090909,159
CUST_312,INV_3874,2024-04-23,12.95,electronics,credit card,new,north,1643.46,13,126.42,152
CUST_611,INV_3875,2024-01-08,33.06,clothing,upi,loyal,west,1114.33,12,92.86083333333333,172
CUST_837,INV_3876,2024-03-04,5.49,books,upi,new,west,747.28,9,83.0311111111111,122
CUST_808,INV_3877,2024-05-14,116.64,beauty,cash on delivery,new,south,407.65999999999997,3,135.88666666666666,17
CUST_181,INV_3878,2024-02-10,7.69,clothing,credit card,returning,south,1221.8700000000001,12,101.8225,149
CUST_685,INV_3879,2024-02-09,22.73,home,upi,new,east,1553.76,10,155.376,168
CUST_827,INV_3880,2024-01-03,9.75,books,upi,new,west,1576.78,15,105.11866666666667,163
CUST_363,INV_3881,2024-05-24,6.53,books,debit card,returning,west,1494.74,16,93.42125,141
CUST_187,INV_3882,2024-04-19,31.16,home,upi,loyal,west,1219.84,15,81.32266666666666,140
CUST_568,INV_3883,2024-04-23,84.84,books,upi,loyal,west,368.41,8,46.05125,172
CUST_542,INV_3884,2024-04-21,334.35,electronics,cash on delivery,new,west,872.11,5,174.422,111
CUST_595,INV_3885,2024-06-28,208.39,books,upi,new,east,1111.22,13,85.47846153846154,179
CUST_663,INV_3886,2024-05-29,208.69,electronics,credit card,loyal,south,2021.0,17,118.88235294117646,152
CUST_984,INV_3887,2024-01-04,19.37,books,debit card,new,south,1069.58,12,89.13166666666666,172
CUST_547,INV_3888,2024-05-13,30.78,beauty,cash on delivery,loyal,north,1250.64,10,125.06400000000001,162
CUST_724,INV_3889,2024-06-14,7.95,beauty,credit card,loyal,west,611.95,10,61.19500000000001,167
CUST_925,INV_3890,2024-01-26,150.72,clothing,debit card,returning,west,685.0,8,85.625,162
CUST_407,INV_3891,2024-05-18,7.24,beauty,debit card,returning,south,917.11,9,101.9011111111111,106
CUST_875,INV_3892,2024-01-17,81.35,home,upi,new,west,625.1,10,62.510000000000005,162
CUST_617,INV_3893,2024-04-01,28.49,clothing,debit card,new,west,1079.01,13,83.00076923076924,122
CUST_413,INV_3894,2024-01-31,27.9,beauty,debit card,loyal,west,1491.01,13,114.69307692307692,176
CUST_341,INV_3895,2024-06-11,468.04,electronics,upi,new,south,1885.17,11,171.3790909090909,147
CUST_219,INV_3896,2024-05-23,141.38,books,cash on delivery,returning,north,1823.3,14,130.2357142857143,164
CUST_902,INV_3897,2024-04-16,181.36,beauty,upi,loyal,south,1227.18,10,122.718,167
CUST_162,INV_3898,2024-05-25,84.86,electronics,cash on delivery,loyal,west,1730.47,10,173.047,153
CUST_950,INV_3899,2024-04-20,204.81,clothing,debit card,new,south,1161.93,8,145.24125,109
CUST_219,INV_3900,2024-04-10,103.7,books,credit card,loyal,east,1823.3,14,130.2357142857143,164
CUST_269,INV_3901,2024-04-21,292.2,beauty,cash on delivery,loyal,west,1414.0900000000001,12,117.84083333333335,156
CUST_631,INV_3902,2024-03-02,33.04,clothing,cash on delivery,loyal,south,334.24,7,47.74857142857143,129
CUST_905,INV_3903,2024-04-21,90.47,beauty,cash on delivery,returning,south,1365.3600000000001,11,124.12363636363638,133
CUST_847,INV_3904,2024-06-03,117.16,clothing,cash on delivery,loyal,north,1753.78,11,159.43454545454546,147
CUST_399,INV_3905,2024-06-11,49.91,beauty,debit card,returning,west,1224.99,9,136.11,155
CUST_181,INV_3906,2024-04-25,211.78,electronics,credit card,loyal,east,1221.8700000000001,12,101.8225,149
CUST_990,INV_3907,2024-06-21,390.22,home,cash on delivery,new,east,1127.03,8,140.87875,141
CUST_617,INV_3908,2024-02-04,68.08,electronics,credit card,new,west,1079.01,13,83.00076923076924,122
CUST_728,INV_3909,2024-01-28,49.53,books,debit card,loyal,south,808.54,9,89.83777777777777,142
CUST_204,INV_3910,2024-04-12,63.85,beauty,cash on delivery,new,east,604.12,8,75.515,120
CUST_581,INV_3911,2024-05-04,191.55,home,credit card,returning,west,1979.65,13,152.28076923076924,145
CUST_555,INV_3912,2024-04-11,103.7,home,cash on delivery,loyal,east,1410.72,14,100.76571428571428,147
CUST_840,INV_3913,2024-05-16,4.58,books,cash on delivery,returning,west,174.72,6,29.12,156
CUST_812,INV_3914,2024-05-22,78.13,books,debit card,loyal,east,1181.57,10,118.157,147
CUST_227,INV_3915,2024-01-21,1.75,home,cash on delivery,returning,north,477.6,9,53.06666666666667,175
CUST_695,INV_3916,2024-02-21,150.75,books,credit card,new,west,1503.8600000000001,10,150.38600000000002,158
CUST_618,INV_3917,2024-06-11,39.8,books,credit card,returning,north,1557.1,10,155.70999999999998,161
CUST_595,INV_3918,2024-04-06,63.87,beauty,debit card,returning,west,1111.22,13,85.47846153846154,179
CUST_849,INV_3919,2024-02-20,160.29,electronics,upi,new,east,1751.8999999999999,14,125.13571428571427,174
CUST_249,INV_3920,2024-03-23,4.76,clothing,upi,new,east,321.73,8,40.21625,109
CUST_874,INV_3921,2024-02-24,17.26,home,debit card,loyal,south,504.63000000000005,7,72.09,146
CUST_440,INV_3922,2024-03-17,50.74,clothing,debit card,loyal,east,952.15,14,68.01071428571429,154
CUST_532,INV_3923,2024-05-06,26.13,home,upi,returning,north,608.9300000000001,9,67.6588888888889,112
CUST_195,INV_3924,2024-06-20,41.23,home,upi,loyal,south,1024.49,10,102.449,164
CUST_689,INV_3925,2024-04-02,630.6,electronics,credit card,returning,north,1618.6299999999999,10,161.863,138
CUST_928,INV_3926,2024-03-28,174.53,home,credit card,loyal,north,1642.5,21,78.21428571428571,169
CUST_986,INV_3927,2024-03-20,215.33,home,credit card,new,north,782.36,10,78.236,154
CUST_518,INV_3928,2024-06-01,276.55,electronics,upi,new,north,1608.16,10,160.816,168
CUST_69,INV_3929,2024-04-01,41.69,books,debit card,new,north,580.79,8,72.59875,151
CUST_638,INV_3930,2024-02-16,35.25,clothing,cash on delivery,new,west,1112.73,10,111.273,162
CUST_398,INV_3931,2024-02-07,26.67,home,credit card,returning,west,1349.8899999999999,10,134.98899999999998,155
CUST_977,INV_3932,2024-05-18,177.26,electronics,cash on delivery,new,south,804.0,9,89.33333333333333,111
CUST_671,INV_3933,2024-01-15,113.8,home,debit card,new,north,1361.11,14,97.22214285714286,172
CUST_759,INV_3934,2024-01-01,26.94,electronics,upi,new,west,751.3000000000001,6,125.21666666666668,176
CUST_202,INV_3935,2024-05-14,47.32,clothing,credit card,new,east,498.48,8,62.31,155
CUST_147,INV_3936,2024-01-01,70.67,beauty,upi,loyal,south,897.03,11,81.54818181818182,162
CUST_471,INV_3937,2024-02-18,75.11,books,debit card,returning,west,462.12,7,66.01714285714286,144
CUST_654,INV_3938,2024-04-05,219.58,beauty,credit card,returning,east,1045.21,10,104.521,156
CUST_943,INV_3939,2024-06-05,47.89,electronics,debit card,loyal,south,740.44,11,67.31272727272727,136
CUST_198,INV_3940,2024-01-26,239.17,home,debit card,loyal,east,723.96,8,90.495,146
CUST_916,INV_3941,2024-03-27,58.23,books,credit card,returning,north,1850.32,16,115.645,127
CUST_425,INV_3942,2024-06-21,137.19,clothing,cash on delivery,returning,east,928.41,10,92.841,148
CUST_665,INV_3943,2024-04-02,266.29,books,credit card,loyal,north,1727.89,15,115.19266666666667,146
CUST_491,INV_3944,2024-04-11,238.14,home,upi,new,south,1204.84,10,120.484,111
CUST_887,INV_3945,2024-03-11,5.86,beauty,cash on delivery,returning,north,1046.3799999999999,12,87.19833333333332,161
CUST_895,INV_3946,2024-05-19,23.03,electronics,credit card,loyal,east,236.4,6,39.4,139
CUST_141,INV_3947,2024-04-04,64.8,beauty,credit card,new,north,251.05,5,50.21,81
CUST_312,INV_3948,2024-06-08,56.48,books,credit card,new,north,1643.46,13,126.42,152
CUST_164,INV_3949,2024-04-27,102.41,home,credit card,loyal,south,633.75,10,63.375,164
CUST_313,INV_3950,2024-05-27,289.51,electronics,credit card,returning,north,2380.87,15,158.72466666666665,132
CUST_20,INV_3951,2024-04-28,11.92,home,upi,returning,west,1237.24,11,112.47636363636364,158
CUST_81,INV_3952,2024-02-20,60.12,home,debit card,new,south,954.4300000000001,11,86.76636363636364,115
CUST_580,INV_3953,2024-03-21,21.37,books,upi,loyal,east,506.56,8,63.32,159
CUST_130,INV_3954,2024-02-05,224.53,beauty,debit card,new,south,663.9599999999999,10,66.39599999999999,143
CUST_598,INV_3955,2024-03-07,334.05,home,credit card,new,east,1016.04,9,112.89333333333333,119
CUST_729,INV_3956,2024-05-08,65.14,home,upi,new,east,707.35,9,78.59444444444445,140
CUST_932,INV_3957,2024-04-23,10.98,home,debit card,loyal,north,702.75,7,100.39285714285714,170
CUST_983,INV_3958,2024-06-03,153.85,electronics,debit card,returning,south,1420.05,15,94.67,178
CUST_304,INV_3959,2024-04-20,119.45,home,credit card,new,east,751.09,11,68.28090909090909,165
CUST_914,INV_3960,2024-06-16,43.8,home,credit card,returning,west,1795.96,18,99.77555555555556,170
CUST_370,INV_3961,2024-05-21,218.4,books,cash on delivery,returning,north,1717.41,10,171.741,145
CUST_856,INV_3962,2024-04-09,372.27,home,cash on delivery,loyal,north,1079.73,8,134.96625,123
CUST_852,INV_3963,2024-04-18,81.61,home,debit card,returning,east,1323.13,13,101.77923076923078,126
CUST_383,INV_3964,2024-04-29,83.41,books,cash on delivery,returning,west,1846.6,12,153.88333333333333,151
CUST_907,INV_3965,2024-03-19,35.31,electronics,upi,new,north,277.95,6,46.324999999999996,143
CUST_444,INV_3966,2024-05-13,87.83,beauty,debit card,loyal,south,1275.1,12,106.25833333333333,172
CUST_424,INV_3967,2024-06-09,57.92,books,upi,loyal,east,1788.03,11,162.5481818181818,96
CUST_160,INV_3968,2024-01-19,35.98,electronics,cash on delivery,new,west,1260.26,17,74.13294117647058,158
CUST_177,INV_3969,2024-05-06,6.95,beauty,upi,new,east,1067.21,8,133.40125,124
CUST_628,INV_3970,2024-01-29,29.13,home,debit card,returning,north,1068.54,11,97.14,153
CUST_707,INV_3971,2024-01-24,22.05,books,upi,returning,west,693.33,8,86.66625,149
CUST_894,INV_3972,2024-05-30,78.1,home,debit card,loyal,east,761.35,10,76.135,161
CUST_489,INV_3973,2024-01-10,92.05,books,cash on delivery,loyal,east,1291.16,15,86.07733333333334,149
CUST_326,INV_3974,2024-04-14,93.8,beauty,debit card,returning,east,2143.43,15,142.89533333333333,119
CUST_597,INV_3975,2024-06-17,49.13,electronics,cash on delivery,new,south,765.94,11,69.6309090909091,168
CUST_288,INV_3976,2024-06-25,54.68,books,credit card,loyal,south,1444.41,15,96.29400000000001,150
CUST_592,INV_3977,2024-05-24,179.72,electronics,cash on delivery,new,south,1160.55,8,145.06875,97
CUST_663,INV_3978,2024-06-21,64.67,home,debit card,returning,south,2021.0,17,118.88235294117646,152
CUST_572,INV_3979,2024-06-06,440.41,home,debit card,loyal,north,1551.8799999999999,14,110.84857142857142,135
CUST_572,INV_3980,2024-06-20,57.91,beauty,credit card,loyal,east,1551.8799999999999,14,110.84857142857142,135
CUST_353,INV_3981,2024-02-24,104.86,beauty,credit card,returning,south,1307.47,9,145.27444444444444,129
CUST_27,INV_3982,2024-05-26,5.17,clothing,cash on delivery,returning,north,947.5699999999999,9,105.28555555555555,161
CUST_953,INV_3983,2024-06-05,105.94,clothing,upi,new,south,781.53,8,97.69125,161
CUST_42,INV_3984,2024-01-02,190.67,beauty,upi,new,north,1234.35,12,102.8625,151
CUST_680,INV_3985,2024-06-12,285.52,home,credit card,returning,west,853.41,11,77.58272727272727,169
CUST_422,INV_3986,2024-05-26,592.22,electronics,cash on delivery,returning,south,1065.8,6,177.63333333333333,139
CUST_597,INV_3987,2024-05-14,33.15,beauty,credit card,returning,south,765.94,11,69.6309090909091,168
CUST_176,INV_3988,2024-06-02,85.65,electronics,credit card,loyal,east,1919.6100000000001,12,159.9675,145
CUST_528,INV_3989,2024-04-20,59.91,clothing,debit card,returning,south,1481.26,10,148.126,171
CUST_609,INV_3990,2024-02-07,82.97,electronics,debit card,loyal,south,2235.26,16,139.70375,177
CUST_965,INV_3991,2024-05-10,17.13,beauty,debit card,returning,north,680.35,8,85.04375,139
CUST_493,INV_3992,2024-04-11,193.9,home,credit card,loyal,east,1712.71,17,100.74764705882353,171
CUST_197,INV_3993,2024-04-04,240.32,beauty,cash on delivery,new,east,939.88,9,104.43111111111111,139
CUST_609,INV_3994,2024-04-01,59.72,books,upi,new,west,2235.26,16,139.70375,177
CUST_576,INV_3995,2024-03-11,32.91,books,upi,loyal,north,356.34999999999997,5,71.27,88
CUST_841,INV_3996,2024-06-19,15.18,books,debit card,new,south,637.4,8,79.675,155
CUST_852,INV_3997,2024-01-24,115.13,home,cash on delivery,new,north,1323.13,13,101.77923076923078,126
CUST_516,INV_3998,2024-06-15,37.43,beauty,debit card,loyal,south,1407.26,13,108.25076923076924,168
CUST_513,INV_3999,2024-03-08,240.28,books,cash on delivery,returning,west,1542.87,9,171.42999999999998,138
CUST_21,INV_4000,2024-05-07,111.17,beauty,cash on delivery,returning,south,1068.97,15,71.26466666666667,156
CUST_111,INV_4001,2024-04-02,103.76,clothing,cash on delivery,loyal,east,1059.83,13,81.52538461538461,177
CUST_56,INV_4002,2024-02-13,81.96,books,credit card,new,west,385.46,6,64.24333333333333,131
CUST_65,INV_4003,2024-05-12,4.69,books,cash on delivery,returning,south,1054.71,8,131.83875,173
CUST_841,INV_4004,2024-02-24,268.71,home,credit card,returning,west,637.4,8,79.675,155
CUST_97,INV_4005,2024-06-06,98.87,beauty,upi,new,east,1315.1100000000001,9,146.12333333333333,161
CUST_143,INV_4006,2024-01-29,512.64,home,upi,loyal,east,1385.37,14,98.955,149
CUST_879,INV_4007,2024-06-02,77.08,home,credit card,loyal,north,846.73,6,141.12166666666667,151
CUST_434,INV_4008,2024-06-02,123.83,beauty,upi,returning,south,1873.11,16,117.069375,161
CUST_636,INV_4009,2024-02-06,5.79,clothing,upi,loyal,west,1154.28,9,128.25333333333333,87
CUST_678,INV_4010,2024-04-24,99.9,beauty,debit card,new,north,705.93,9,78.43666666666667,154
CUST_85,INV_4011,2024-06-06,144.67,clothing,credit card,loyal,west,780.99,11,70.99909090909091,156
CUST_587,INV_4012,2024-01-03,150.74,home,credit card,loyal,north,1142.67,14,81.61928571428572,176
CUST_343,INV_4013,2024-05-01,147.02,clothing,credit card,loyal,north,1414.3899999999999,12,117.86583333333333,169
CUST_935,INV_4014,2024-02-12,25.65,clothing,debit card,loyal,north,2032.24,18,112.90222222222222,169
CUST_293,INV_4015,2024-01-07,370.49,clothing,credit card,new,east,1691.33,13,130.10230769230768,168
CUST_955,INV_4016,2024-05-04,533.54,books,upi,loyal,east,1447.9499999999998,15,96.52999999999999,151
CUST_570,INV_4017,2024-02-18,7.86,books,cash on delivery,returning,east,1121.49,14,80.10642857142857,155
CUST_649,INV_4018,2024-04-30,275.59,home,debit card,loyal,east,1150.4,12,95.86666666666667,151
CUST_610,INV_4019,2024-03-13,34.17,beauty,debit card,returning,west,779.24,12,64.93666666666667,174
CUST_703,INV_4020,2024-02-10,116.89,clothing,credit card,new,south,1227.12,15,81.80799999999999,135
CUST_242,INV_4021,2024-04-15,41.27,books,cash on delivery,loyal,east,565.77,6,94.295,126
CUST_830,INV_4022,2024-03-17,343.44,beauty,cash on delivery,returning,south,1706.6100000000001,14,121.9007142857143,146
CUST_560,INV_4023,2024-05-06,10.7,clothing,cash on delivery,loyal,north,1191.05,12,99.25416666666666,167
CUST_959,INV_4024,2024-03-31,68.87,beauty,upi,loyal,south,1104.43,9,122.71444444444445,66
CUST_31,INV_4025,2024-06-03,55.87,electronics,cash on delivery,returning,east,213.66,6,35.61,109
CUST_390,INV_4026,2024-01-08,39.46,clothing,credit card,new,west,1193.3,11,108.48181818181818,157
CUST_276,INV_4027,2024-02-01,103.71,beauty,upi,new,east,2147.64,14,153.40285714285713,156
CUST_531,INV_4028,2024-03-04,14.05,clothing,cash on delivery,new,west,972.35,11,88.39545454545454,123
CUST_153,INV_4029,2024-05-17,126.11,clothing,credit card,new,east,2354.16,19,123.90315789473684,138
CUST_382,INV_4030,2024-01-13,394.21,electronics,upi,new,north,1317.6999999999998,10,131.76999999999998,153
CUST_67,INV_4031,2024-04-02,163.25,beauty,upi,new,west,823.55,9,91.50555555555555,144
CUST_877,INV_4032,2024-06-11,196.62,home,cash on delivery,loyal,north,579.99,9,64.44333333333333,92
CUST_883,INV_4033,2024-03-01,44.57,books,upi,loyal,east,1316.5900000000001,13,101.27615384615386,174
CUST_213,INV_4034,2024-01-08,39.29,clothing,debit card,returning,north,783.45,10,78.345,103
CUST_654,INV_4035,2024-01-29,72.78,clothing,credit card,new,south,1045.21,10,104.521,156
CUST_375,INV_4036,2024-04-04,4.68,clothing,cash on delivery,new,south,1246.71,14,89.05071428571429,148
CUST_743,INV_4037,2024-02-10,290.7,clothing,credit card,new,west,1296.94,8,162.1175,106
CUST_212,INV_4038,2024-06-06,15.52,books,credit card,returning,south,783.83,9,87.09222222222223,133
CUST_78,INV_4039,2024-05-28,233.32,home,debit card,loyal,south,1628.28,14,116.30571428571429,164
CUST_725,INV_4040,2024-01-11,8.73,electronics,upi,loyal,east,1953.04,22,88.77454545454545,130
CUST_627,INV_4041,2024-01-02,172.95,home,debit card,new,east,745.88,13,57.37538461538462,174
CUST_603,INV_4042,2024-06-26,16.48,books,debit card,loyal,south,534.06,10,53.40599999999999,117
CUST_781,INV_4043,2024-06-17,3.89,beauty,upi,loyal,west,627.52,5,125.50399999999999,162
CUST_922,INV_4044,2024-05-10,127.11,electronics,cash on delivery,loyal,south,1106.43,13,85.11,142
CUST_380,INV_4045,2024-03-20,32.89,electronics,credit card,new,east,1306.4,14,93.31428571428572,144
CUST_679,INV_4046,2024-06-27,125.35,beauty,cash on delivery,loyal,north,524.1899999999999,6,87.365,144
CUST_57,INV_4047,2024-03-27,80.99,clothing,cash on delivery,loyal,west,1066.52,12,88.87666666666667,125
CUST_795,INV_4048,2024-06-01,11.52,books,debit card,returning,west,1477.78,11,134.34363636363636,157
CUST_25,INV_4049,2024-06-06,269.02,beauty,upi,new,south,772.76,8,96.595,148
CUST_880,INV_4050,2024-04-15,60.21,home,upi,loyal,north,1739.45,16,108.715625,135
CUST_446,INV_4051,2024-05-18,132.59,home,credit card,new,west,977.14,10,97.714,168
CUST_65,INV_4052,2024-01-17,69.52,beauty,upi,loyal,west,1054.71,8,131.83875,173
CUST_920,INV_4053,2024-06-02,92.73,books,cash on delivery,new,east,1876.07,18,104.22611111111111,169
CUST_759,INV_4054,2024-01-23,36.06,electronics,upi,loyal,south,751.3000000000001,6,125.21666666666668,176
CUST_253,INV_4055,2024-06-28,22.36,electronics,upi,loyal,south,1062.94,12,88.57833333333333,111
CUST_898,INV_4056,2024-02-17,78.21,clothing,cash on delivery,returning,west,909.4,13,69.95384615384616,157
CUST_967,INV_4057,2024-01-20,58.02,books,credit card,new,north,663.1800000000001,11,60.289090909090916,140
CUST_43,INV_4058,2024-01-02,49.45,home,credit card,loyal,north,1212.72,10,121.272,135
CUST_96,INV_4059,2024-03-28,111.65,home,cash on delivery,returning,north,880.9200000000001,9,97.88000000000001,153
CUST_553,INV_4060,2024-01-31,117.28,clothing,upi,returning,north,1940.8,15,129.38666666666666,147
CUST_226,INV_4061,2024-06-03,4.7,home,upi,new,south,1139.4,13,87.64615384615385,178
CUST_773,INV_4062,2024-05-09,41.36,clothing,credit card,new,east,730.25,10,73.025,139
CUST_678,INV_4063,2024-03-18,53.06,clothing,credit card,returning,north,705.93,9,78.43666666666667,154
CUST_435,INV_4064,2024-01-04,10.19,beauty,credit card,new,north,852.01,12,71.00083333333333,173
CUST_790,INV_4065,2024-05-20,26.91,electronics,debit card,new,east,1002.99,11,91.1809090909091,137
CUST_600,INV_4066,2024-06-11,5.3,books,credit card,new,south,1760.6799999999998,14,125.76285714285713,168
CUST_378,INV_4067,2024-05-07,558.39,books,upi,loyal,east,932.3599999999999,7,133.1942857142857,111
CUST_177,INV_4068,2024-05-13,133.39,electronics,credit card,new,east,1067.21,8,133.40125,124
CUST_426,INV_4069,2024-01-31,9.15,books,upi,new,north,803.35,12,66.94583333333334,137
CUST_914,INV_4070,2024-05-17,2.05,home,upi,returning,east,1795.96,18,99.77555555555556,170
CUST_708,INV_4071,2024-01-21,127.04,home,upi,returning,east,1246.67,11,113.33363636363637,127
CUST_306,INV_4072,2024-01-23,57.84,books,credit card,returning,south,352.3,5,70.46000000000001,154
CUST_778,INV_4073,2024-05-10,154.55,beauty,credit card,new,north,1093.84,13,84.14153846153846,154
CUST_503,INV_4074,2024-06-08,257.02,books,cash on delivery,new,north,1643.37,11,149.3972727272727,159
CUST_267,INV_4075,2024-05-27,91.45,clothing,credit card,returning,west,1714.25,16,107.140625,141
CUST_585,INV_4076,2024-01-29,20.72,clothing,credit card,returning,north,685.78,10,68.578,150
CUST_7,INV_4077,2024-04-14,152.42,electronics,credit card,loyal,south,1709.73,13,131.5176923076923,164
CUST_919,INV_4078,2024-02-21,311.93,home,debit card,loyal,south,1715.16,15,114.34400000000001,174
CUST_507,INV_4079,2024-04-24,86.81,beauty,credit card,loyal,south,879.5,12,73.29166666666667,167
CUST_475,INV_4080,2024-06-22,114.57,books,debit card,new,west,2205.11,13,169.62384615384616,162
CUST_296,INV_4081,2024-06-10,41.17,clothing,upi,new,west,114.42,3,38.14,114
CUST_163,INV_4082,2024-04-10,48.05,home,upi,returning,south,1121.61,13,86.2776923076923,130
CUST_484,INV_4083,2024-03-24,132.67,home,upi,loyal,north,1281.8899999999999,16,80.11812499999999,162
CUST_596,INV_4084,2024-03-01,262.79,beauty,upi,new,west,670.57,7,95.7957142857143,118
CUST_71,INV_4085,2024-05-04,99.15,beauty,debit card,loyal,north,926.36,10,92.636,143
CUST_566,INV_4086,2024-03-11,155.99,beauty,debit card,loyal,west,968.67,13,74.51307692307692,111
CUST_904,INV_4087,2024-03-10,18.83,beauty,upi,new,east,1353.9,11,123.08181818181819,166
CUST_558,INV_4088,2024-05-18,23.82,clothing,credit card,loyal,south,1012.74,15,67.516,163
CUST_910,INV_4089,2024-04-17,75.94,beauty,upi,returning,east,983.23,10,98.32300000000001,151
CUST_943,INV_4090,2024-01-21,19.43,home,upi,returning,south,740.44,11,67.31272727272727,136
CUST_237,INV_4091,2024-05-10,100.78,home,debit card,new,east,942.61,7,134.65857142857143,135
CUST_103,INV_4092,2024-03-22,34.48,books,upi,loyal,north,1251.99,14,89.42785714285715,172
CUST_209,INV_4093,2024-03-28,156.8,home,debit card,returning,north,1118.48,11,101.68,159
CUST_553,INV_4094,2024-04-20,165.08,home,cash on delivery,loyal,south,1940.8,15,129.38666666666666,147
CUST_827,INV_4095,2024-01-10,62.32,clothing,debit card,returning,north,1576.78,15,105.11866666666667,163
CUST_467,INV_4096,2024-06-03,19.94,home,upi,returning,south,728.05,6,121.34166666666665,158
CUST_453,INV_4097,2024-01-12,104.06,electronics,credit card,loyal,east,746.74,8,93.3425,148
CUST_267,INV_4098,2024-01-07,493.19,home,debit card,new,south,1714.25,16,107.140625,141
CUST_385,INV_4099,2024-05-24,97.44,books,debit card,new,west,1210.29,13,93.09923076923077,157
CUST_774,INV_4100,2024-04-23,3.64,books,debit card,new,east,500.69,5,100.138,114
CUST_847,INV_4101,2024-01-26,1.74,beauty,upi,loyal,east,1753.78,11,159.43454545454546,147
CUST_386,INV_4102,2024-01-15,38.62,clothing,upi,loyal,south,2344.88,16,146.555,158
CUST_876,INV_4103,2024-02-02,21.79,books,debit card,loyal,west,1446.61,14,103.3292857142857,158
CUST_258,INV_4104,2024-03-02,167.69,electronics,credit card,new,west,754.65,7,107.80714285714285,159
CUST_282,INV_4105,2024-02-16,186.31,electronics,upi,loyal,north,2115.36,18,117.52000000000001,148
CUST_625,INV_4106,2024-04-04,29.92,beauty,credit card,new,east,590.19,7,84.31285714285715,94
CUST_874,INV_4107,2024-02-04,39.4,clothing,cash on delivery,returning,north,504.63000000000005,7,72.09,146
CUST_39,INV_4108,2024-03-16,26.95,clothing,credit card,new,east,838.78,10,83.878,123
CUST_485,INV_4109,2024-05-02,239.01,home,upi,new,east,944.07,5,188.81400000000002,59
CUST_928,INV_4110,2024-03-23,69.85,electronics,debit card,new,east,1642.5,21,78.21428571428571,169
CUST_219,INV_4111,2024-01-25,106.75,electronics,cash on delivery,loyal,east,1823.3,14,130.2357142857143,164
CUST_128,INV_4112,2024-02-26,53.7,electronics,credit card,new,south,1228.05,16,76.753125,176
CUST_519,INV_4113,2024-02-01,99.7,electronics,debit card,returning,west,1053.73,14,75.26642857142858,151
CUST_612,INV_4114,2024-03-03,48.75,books,cash on delivery,returning,east,1710.26,16,106.89125,177
CUST_927,INV_4115,2024-01-12,41.5,clothing,credit card,returning,north,718.8000000000001,9,79.86666666666667,179
CUST_891,INV_4116,2024-03-03,100.64,home,debit card,returning,north,1044.83,10,104.48299999999999,139
CUST_687,INV_4117,2024-03-17,89.42,books,cash on delivery,returning,south,1128.25,12,94.02083333333333,89
CUST_618,INV_4118,2024-04-01,34.75,clothing,upi,returning,west,1557.1,10,155.70999999999998,161
CUST_612,INV_4119,2024-01-01,16.18,beauty,credit card,new,east,1710.26,16,106.89125,177
CUST_259,INV_4120,2024-06-27,45.98,electronics,credit card,loyal,south,1545.43,13,118.87923076923077,168
CUST_989,INV_4121,2024-03-10,53.65,home,cash on delivery,loyal,north,1160.0,12,96.66666666666667,120
CUST_965,INV_4122,2024-05-15,99.07,clothing,credit card,returning,west,680.35,8,85.04375,139
CUST_365,INV_4123,2024-05-12,245.96,beauty,debit card,new,east,1150.82,11,104.61999999999999,141
CUST_757,INV_4124,2024-03-26,3.69,electronics,credit card,returning,west,1097.94,17,64.58470588235295,170
CUST_786,INV_4125,2024-02-08,27.93,beauty,credit card,returning,north,1196.88,13,92.06769230769231,155
CUST_543,INV_4126,2024-01-23,21.53,beauty,debit card,returning,south,729.12,10,72.912,179
CUST_648,INV_4127,2024-03-08,69.77,books,debit card,returning,south,1229.63,9,136.62555555555556,135
CUST_523,INV_4128,2024-06-28,56.16,beauty,upi,loyal,north,1222.61,11,111.14636363636363,172
CUST_906,INV_4129,2024-01-04,130.58,books,debit card,loyal,east,992.6,7,141.8,172
CUST_813,INV_4130,2024-05-05,27.76,books,credit card,new,east,432.77,10,43.277,173
CUST_886,INV_4131,2024-06-23,90.26,beauty,cash on delivery,new,west,1133.96,12,94.49666666666667,164
CUST_15,INV_4132,2024-01-21,215.29,clothing,credit card,returning,north,761.0699999999999,8,95.13374999999999,138
CUST_128,INV_4133,2024-04-14,241.55,beauty,upi,loyal,north,1228.05,16,76.753125,176
CUST_574,INV_4134,2024-03-06,318.89,beauty,cash on delivery,returning,east,1145.9,15,76.39333333333335,157
CUST_108,INV_4135,2024-01-07,148.4,clothing,upi,loyal,north,1502.8700000000001,15,100.19133333333335,150
CUST_886,INV_4136,2024-02-18,236.43,electronics,credit card,loyal,south,1133.96,12,94.49666666666667,164
CUST_532,INV_4137,2024-01-16,26.73,home,debit card,new,east,608.9300000000001,9,67.6588888888889,112
CUST_669,INV_4138,2024-05-24,22.01,electronics,cash on delivery,new,east,1120.45,16,70.028125,153
CUST_268,INV_4139,2024-03-24,0.65,beauty,credit card,loyal,south,725.07,8,90.63375,79
CUST_161,INV_4140,2024-03-27,122.71,electronics,cash on delivery,new,north,788.74,12,65.72833333333334,173
CUST_259,INV_4141,2024-04-07,277.21,home,upi,returning,east,1545.43,13,118.87923076923077,168
CUST_923,INV_4142,2024-03-15,20.69,electronics,credit card,loyal,east,935.05,9,103.89444444444445,156
CUST_101,INV_4143,2024-02-03,101.32,home,cash on delivery,loyal,east,642.11,11,58.373636363636365,156
CUST_505,INV_4144,2024-06-09,137.22,electronics,credit card,loyal,north,1616.42,10,161.642,94
CUST_734,INV_4145,2024-01-26,262.57,books,credit card,returning,east,1246.28,10,124.628,150
CUST_570,INV_4146,2024-03-06,104.09,beauty,upi,loyal,north,1121.49,14,80.10642857142857,155
CUST_246,INV_4147,2024-05-04,351.64,home,upi,new,west,1430.28,15,95.352,149
CUST_639,INV_4148,2024-03-03,42.26,beauty,upi,returning,south,288.77,8,36.09625,117
CUST_794,INV_4149,2024-03-27,43.07,books,debit card,loyal,north,537.71,9,59.74555555555556,177
CUST_836,INV_4150,2024-02-10,78.31,electronics,cash on delivery,returning,north,1783.42,12,148.61833333333334,164
CUST_536,INV_4151,2024-04-07,48.37,beauty,upi,returning,south,2514.01,16,157.125625,170
CUST_130,INV_4152,2024-05-03,0.14,electronics,debit card,new,north,663.9599999999999,10,66.39599999999999,143
CUST_352,INV_4153,2024-03-19,131.59,electronics,debit card,new,south,628.7,6,104.78333333333335,86
CUST_195,INV_4154,2024-01-10,139.32,beauty,cash on delivery,new,west,1024.49,10,102.449,164
CUST_792,INV_4155,2024-01-15,137.43,home,cash on delivery,loyal,east,743.33,8,92.91625,119
CUST_915,INV_4156,2024-02-11,42.32,home,upi,loyal,south,779.0500000000001,9,86.56111111111112,125
CUST_929,INV_4157,2024-04-02,73.88,beauty,debit card,new,south,589.29,11,53.57181818181818,138
CUST_665,INV_4158,2024-01-17,44.62,home,cash on delivery,new,east,1727.89,15,115.19266666666667,146
CUST_381,INV_4159,2024-01-09,1.62,clothing,cash on delivery,loyal,east,1291.66,10,129.166,129
CUST_644,INV_4160,2024-04-23,82.66,electronics,cash on delivery,new,north,1325.3999999999999,11,120.49090909090908,146
CUST_226,INV_4161,2024-02-05,13.21,beauty,cash on delivery,returning,north,1139.4,13,87.64615384615385,178
CUST_700,INV_4162,2024-02-05,8.34,books,debit card,returning,north,734.36,10,73.436,142
CUST_475,INV_4163,2024-02-17,140.85,beauty,credit card,returning,east,2205.11,13,169.62384615384616,162
CUST_476,INV_4164,2024-02-20,0.96,beauty,cash on delivery,loyal,east,1088.04,15,72.536,158
CUST_264,INV_4165,2024-04-06,319.44,electronics,debit card,new,east,1034.75,10,103.475,165
CUST_371,INV_4166,2024-04-28,72.41,books,cash on delivery,returning,north,502.57,5,100.514,88
CUST_485,INV_4167,2024-04-04,407.55,electronics,debit card,loyal,east,944.07,5,188.81400000000002,59
CUST_433,INV_4168,2024-03-10,5.97,home,upi,new,east,886.0899999999999,8,110.76124999999999,164
CUST_645,INV_4169,2024-03-14,87.59,beauty,credit card,new,west,1134.8,12,94.56666666666666,158
CUST_210,INV_4170,2024-03-20,42.97,electronics,debit card,returning,south,748.29,11,68.02636363636363,147
CUST_571,INV_4171,2024-03-08,185.46,clothing,debit card,new,south,964.01,9,107.11222222222221,119
CUST_939,INV_4172,2024-05-29,44.82,beauty,debit card,new,east,1461.0900000000001,15,97.406,141
CUST_376,INV_4173,2024-03-17,30.18,home,cash on delivery,returning,north,609.5400000000001,8,76.19250000000001,73
CUST_394,INV_4174,2024-04-25,194.88,electronics,upi,returning,west,1095.95,8,136.99375,161
CUST_449,INV_4175,2024-01-06,46.94,electronics,cash on delivery,new,west,1535.53,15,102.36866666666667,160
CUST_942,INV_4176,2024-06-02,1.7,clothing,upi,loyal,south,1124.26,11,102.20545454545454,165
CUST_363,INV_4177,2024-03-15,49.48,home,credit card,loyal,west,1494.74,16,93.42125,141
CUST_875,INV_4178,2024-03-28,106.28,clothing,cash on delivery,returning,west,625.1,10,62.510000000000005,162
CUST_456,INV_4179,2024-01-03,29.35,beauty,debit card,new,west,923.6800000000001,10,92.36800000000001,164
CUST_724,INV_4180,2024-02-21,56.56,books,credit card,returning,east,611.95,10,61.19500000000001,167
CUST_727,INV_4181,2024-03-14,5.84,electronics,cash on delivery,loyal,south,1229.15,12,102.42916666666667,160
CUST_225,INV_4182,2024-05-04,88.7,clothing,upi,loyal,south,1552.4299999999998,13,119.41769230769229,158
CUST_981,INV_4183,2024-03-05,141.18,electronics,cash on delivery,new,north,770.97,8,96.37125,93
CUST_130,INV_4184,2024-02-21,53.33,electronics,cash on delivery,returning,east,663.9599999999999,10,66.39599999999999,143
CUST_587,INV_4185,2024-03-16,54.51,clothing,debit card,returning,west,1142.67,14,81.61928571428572,176
CUST_475,INV_4186,2024-05-21,9.24,electronics,debit card,loyal,east,2205.11,13,169.62384615384616,162
CUST_797,INV_4187,2024-03-29,22.56,home,credit card,returning,west,1604.42,11,145.85636363636365,161
CUST_985,INV_4188,2024-03-12,16.8,home,debit card,returning,west,935.9300000000001,11,85.08454545454546,177
CUST_276,INV_4189,2024-03-08,65.72,books,cash on delivery,returning,north,2147.64,14,153.40285714285713,156
CUST_155,INV_4190,2024-06-04,75.34,home,cash on delivery,new,north,952.72,14,68.05142857142857,160
CUST_759,INV_4191,2024-05-17,297.48,clothing,upi,loyal,north,751.3000000000001,6,125.21666666666668,176
CUST_217,INV_4192,2024-04-24,7.61,home,cash on delivery,returning,west,1137.8400000000001,13,87.52615384615386,138
CUST_189,INV_4193,2024-02-26,91.6,books,credit card,new,west,1748.28,14,124.87714285714286,171
CUST_416,INV_4194,2024-03-06,74.76,beauty,credit card,returning,east,448.39,5,89.678,79
CUST_980,INV_4195,2024-03-30,72.62,beauty,debit card,returning,south,1345.78,11,122.34363636363636,143
CUST_674,INV_4196,2024-02-19,206.48,clothing,upi,loyal,west,1646.9099999999999,12,137.24249999999998,145
CUST_691,INV_4197,2024-01-14,23.01,books,cash on delivery,new,east,422.05,9,46.894444444444446,147
CUST_545,INV_4198,2024-01-16,4.16,home,debit card,returning,east,707.49,11,64.31727272727272,143
CUST_40,INV_4199,2024-06-19,111.56,books,cash on delivery,loyal,west,1247.77,12,103.98083333333334,177
CUST_306,INV_4200,2024-02-11,42.34,electronics,credit card,new,west,352.3,5,70.46000000000001,154
CUST_942,INV_4201,2024-04-19,1.77,books,credit card,returning,north,1124.26,11,102.20545454545454,165
CUST_337,INV_4202,2024-01-22,28.95,home,upi,loyal,north,1842.48,13,141.72923076923078,162
CUST_313,INV_4203,2024-03-08,37.01,clothing,cash on delivery,returning,north,2380.87,15,158.72466666666665,132
CUST_74,INV_4204,2024-01-19,95.93,electronics,cash on delivery,returning,east,1455.28,16,90.955,150
CUST_952,INV_4205,2024-03-06,18.94,books,credit card,new,north,1082.96,10,108.296,141
CUST_278,INV_4206,2024-06-15,53.28,beauty,upi,loyal,west,495.45,8,61.93125,163
CUST_175,INV_4207,2024-03-13,65.87,home,debit card,new,north,253.44,5,50.688,122
CUST_895,INV_4208,2024-05-26,61.48,clothing,upi,returning,west,236.4,6,39.4,139
CUST_661,INV_4209,2024-05-23,364.74,home,debit card,loyal,west,1633.99,15,108.93266666666666,133
CUST_272,INV_4210,2024-02-23,4.66,books,debit card,returning,south,1756.03,19,92.42263157894736,152
CUST_836,INV_4211,2024-06-01,301.53,clothing,credit card,returning,south,1783.42,12,148.61833333333334,164
CUST_619,INV_4212,2024-04-21,87.21,beauty,debit card,returning,north,1679.21,13,129.17000000000002,165
CUST_650,INV_4213,2024-01-18,158.83,electronics,cash on delivery,loyal,west,461.28000000000003,8,57.660000000000004,136
CUST_861,INV_4214,2024-05-30,56.28,books,credit card,returning,south,1233.14,8,154.1425,135
CUST_782,INV_4215,2024-04-26,60.48,clothing,upi,loyal,east,1358.75,16,84.921875,170
CUST_858,INV_4216,2024-03-25,211.47,electronics,upi,returning,south,955.58,10,95.558,115
CUST_930,INV_4217,2024-05-18,226.27,clothing,debit card,new,north,319.16,4,79.79,75
CUST_288,INV_4218,2024-02-08,27.27,books,cash on delivery,loyal,east,1444.41,15,96.29400000000001,150
CUST_723,INV_4219,2024-04-14,22.22,clothing,upi,returning,east,342.29,7,48.89857142857143,67
CUST_892,INV_4220,2024-03-08,68.56,beauty,debit card,new,west,1313.34,11,119.39454545454545,141
CUST_271,INV_4221,2024-01-25,230.54,clothing,upi,loyal,west,1447.75,7,206.82142857142858,140
CUST_929,INV_4222,2024-06-06,38.91,books,cash on delivery,new,west,589.29,11,53.57181818181818,138
CUST_65,INV_4223,2024-06-21,105.56,clothing,debit card,returning,west,1054.71,8,131.83875,173
CUST_482,INV_4224,2024-05-02,123.15,electronics,cash on delivery,new,south,899.09,11,81.73545454545454,137
CUST_935,INV_4225,2024-04-30,150.81,electronics,debit card,returning,north,2032.24,18,112.90222222222222,169
CUST_247,INV_4226,2024-03-01,82.99,home,cash on delivery,returning,north,871.75,9,96.86111111111111,159
CUST_155,INV_4227,2024-04-09,51.49,home,upi,loyal,west,952.72,14,68.05142857142857,160
CUST_46,INV_4228,2024-02-20,341.17,beauty,upi,returning,south,1456.6399999999999,12,121.38666666666666,150
CUST_934,INV_4229,2024-04-07,94.5,electronics,cash on delivery,returning,south,807.47,10,80.747,136
CUST_453,INV_4230,2024-05-16,130.4,home,upi,loyal,south,746.74,8,93.3425,148
CUST_200,INV_4231,2024-01-02,42.31,clothing,upi,loyal,north,1145.51,15,76.36733333333333,178
CUST_659,INV_4232,2024-01-05,110.85,beauty,debit card,returning,west,1856.52,14,132.60857142857142,164
CUST_123,INV_4233,2024-06-28,29.81,books,cash on delivery,returning,south,2252.29,12,187.69083333333333,151
CUST_0,INV_4234,2024-03-26,28.12,home,debit card,loyal,south,944.31,16,59.019375,127
CUST_967,INV_4235,2024-05-12,125.43,home,upi,loyal,west,663.1800000000001,11,60.289090909090916,140
CUST_758,INV_4236,2024-03-08,73.69,electronics,upi,new,south,1520.67,12,126.72250000000001,150
CUST_854,INV_4237,2024-01-09,114.97,beauty,credit card,new,north,992.4300000000001,13,76.34076923076924,171
CUST_639,INV_4238,2024-04-02,31.39,electronics,cash on delivery,new,east,288.77,8,36.09625,117
CUST_190,INV_4239,2024-05-29,91.31,electronics,cash on delivery,loyal,north,897.22,13,69.01692307692308,127
CUST_578,INV_4240,2024-06-03,58.69,beauty,debit card,loyal,west,803.99,8,100.49875,138
CUST_515,INV_4241,2024-05-17,90.87,clothing,cash on delivery,loyal,west,884.47,13,68.03615384615385,165
CUST_441,INV_4242,2024-05-04,34.37,home,debit card,new,north,1047.24,12,87.27,141
CUST_920,INV_4243,2024-03-01,125.68,electronics,upi,returning,east,1876.07,18,104.22611111111111,169
CUST_814,INV_4244,2024-02-20,163.95,home,credit card,returning,west,1539.8899999999999,11,139.98999999999998,166
CUST_805,INV_4245,2024-01-10,30.1,beauty,upi,returning,west,875.45,12,72.95416666666667,171
CUST_142,INV_4246,2024-05-13,35.76,clothing,debit card,loyal,north,1343.5,12,111.95833333333333,138
CUST_190,INV_4247,2024-03-02,108.22,books,debit card,returning,east,897.22,13,69.01692307692308,127
CUST_532,INV_4248,2024-04-22,118.94,clothing,credit card,returning,east,608.9300000000001,9,67.6588888888889,112
CUST_226,INV_4249,2024-05-12,121.77,beauty,upi,loyal,east,1139.4,13,87.64615384615385,178
CUST_312,INV_4250,2024-05-01,114.79,clothing,cash on delivery,loyal,west,1643.46,13,126.42,152
CUST_628,INV_4251,2024-05-02,49.89,books,credit card,loyal,east,1068.54,11,97.14,153
CUST_948,INV_4252,2024-03-03,50.23,electronics,cash on delivery,loyal,north,643.81,7,91.97285714285714,93
CUST_301,INV_4253,2024-04-20,29.41,clothing,upi,loyal,west,731.7,15,48.78,158
CUST_653,INV_4254,2024-03-29,17.06,beauty,credit card,new,east,955.4,9,106.15555555555555,153
CUST_995,INV_4255,2024-02-20,117.95,clothing,upi,loyal,south,1159.33,7,165.6185714285714,127
CUST_459,INV_4256,2024-06-26,9.78,books,upi,returning,east,1002.65,10,100.265,162
CUST_400,INV_4257,2024-05-11,277.73,beauty,cash on delivery,returning,east,2887.32,18,160.40666666666667,165
CUST_550,INV_4258,2024-04-13,175.27,clothing,cash on delivery,new,west,1213.02,12,101.085,156
CUST_392,INV_4259,2024-05-02,194.85,beauty,cash on delivery,loyal,north,828.34,10,82.834,126
CUST_866,INV_4260,2024-02-17,237.16,books,upi,returning,south,927.96,11,84.36,149
CUST_763,INV_4261,2024-02-01,52.53,electronics,debit card,returning,west,884.46,10,88.446,163
CUST_844,INV_4262,2024-04-29,187.54,books,upi,loyal,east,937.66,9,104.18444444444444,152
CUST_206,INV_4263,2024-06-27,17.2,electronics,debit card,new,west,741.92,13,57.07076923076923,157
CUST_209,INV_4264,2024-06-28,2.19,home,credit card,loyal,west,1118.48,11,101.68,159
CUST_114,INV_4265,2024-04-08,153.66,books,cash on delivery,loyal,south,583.08,7,83.29714285714286,117
CUST_736,INV_4266,2024-03-14,7.77,electronics,cash on delivery,loyal,east,777.28,6,129.54666666666665,122
CUST_645,INV_4267,2024-02-03,446.76,home,upi,loyal,west,1134.8,12,94.56666666666666,158
CUST_250,INV_4268,2024-06-12,112.33,home,debit card,loyal,north,1687.99,12,140.66583333333332,171
CUST_218,INV_4269,2024-03-10,140.02,home,credit card,new,south,320.1,4,80.025,141
CUST_406,INV_4270,2024-06-19,28.21,beauty,upi,returning,west,1119.5,11,101.77272727272727,149
CUST_442,INV_4271,2024-04-19,112.04,books,credit card,loyal,south,1684.2,14,120.3,146
CUST_602,INV_4272,2024-01-16,4.42,books,debit card,returning,west,361.34999999999997,4,90.33749999999999,124
CUST_353,INV_4273,2024-02-28,181.91,books,cash on delivery,returning,west,1307.47,9,145.27444444444444,129
CUST_887,INV_4274,2024-01-19,18.59,books,cash on delivery,loyal,west,1046.3799999999999,12,87.19833333333332,161
CUST_557,INV_4275,2024-04-04,119.52,beauty,debit card,returning,north,1240.24,14,88.58857142857143,126
CUST_549,INV_4276,2024-04-22,25.42,books,cash on delivery,loyal,north,1184.88,14,84.63428571428572,164
CUST_141,INV_4277,2024-02-10,7.09,electronics,upi,loyal,north,251.05,5,50.21,81
CUST_611,INV_4278,2024-03-21,65.68,home,debit card,loyal,west,1114.33,12,92.86083333333333,172
CUST_500,INV_4279,2024-06-23,18.55,beauty,cash on delivery,new,north,647.19,8,80.89875,133
CUST_839,INV_4280,2024-04-12,130.73,beauty,debit card,loyal,south,1780.11,16,111.256875,135
CUST_701,INV_4281,2024-02-23,27.12,books,credit card,loyal,north,1062.53,11,96.59363636363636,125
CUST_546,INV_4282,2024-04-04,41.93,home,upi,returning,south,1600.3700000000001,13,123.10538461538462,158
CUST_658,INV_4283,2024-05-26,83.8,electronics,upi,new,east,1108.12,15,73.87466666666666,158
CUST_541,INV_4284,2024-03-02,33.54,home,upi,returning,east,922.86,13,70.98923076923077,142
CUST_845,INV_4285,2024-04-08,47.48,clothing,cash on delivery,returning,north,789.13,9,87.68111111111111,163
CUST_506,INV_4286,2024-04-02,169.08,home,credit card,loyal,north,770.7,7,110.10000000000001,143
CUST_595,INV_4287,2024-03-05,19.75,electronics,cash on delivery,new,south,1111.22,13,85.47846153846154,179
CUST_880,INV_4288,2024-03-08,8.58,electronics,cash on delivery,new,west,1739.45,16,108.715625,135
CUST_280,INV_4289,2024-01-28,39.8,electronics,debit card,loyal,south,725.73,7,103.67571428571429,162
CUST_423,INV_4290,2024-01-18,55.23,beauty,upi,new,east,496.1,10,49.61,162
CUST_855,INV_4291,2024-01-26,78.23,beauty,cash on delivery,loyal,west,705.4,9,78.37777777777778,151
CUST_269,INV_4292,2024-04-13,46.59,clothing,upi,new,south,1414.0900000000001,12,117.84083333333335,156
CUST_153,INV_4293,2024-05-26,156.02,home,credit card,new,north,2354.16,19,123.90315789473684,138
CUST_613,INV_4294,2024-02-24,4.01,books,credit card,loyal,east,425.91999999999996,7,60.84571428571428,138
CUST_726,INV_4295,2024-04-28,56.52,clothing,upi,new,east,1882.9499999999998,14,134.49642857142857,160
CUST_661,INV_4296,2024-05-03,48.17,books,upi,new,north,1633.99,15,108.93266666666666,133
CUST_943,INV_4297,2024-05-13,104.29,books,credit card,new,south,740.44,11,67.31272727272727,136
CUST_82,INV_4298,2024-05-08,338.96,clothing,credit card,returning,north,1157.47,10,115.747,151
CUST_621,INV_4299,2024-01-08,71.41,home,cash on delivery,loyal,south,1010.19,11,91.83545454545455,172
CUST_946,INV_4300,2024-02-20,433.34,books,credit card,returning,east,1168.55,16,73.034375,160
CUST_898,INV_4301,2024-03-25,35.99,beauty,cash on delivery,new,north,909.4,13,69.95384615384616,157
CUST_425,INV_4302,2024-01-25,3.14,beauty,credit card,new,east,928.41,10,92.841,148
CUST_274,INV_4303,2024-06-23,18.11,clothing,cash on delivery,returning,east,652.3000000000001,6,108.71666666666668,123
CUST_712,INV_4304,2024-03-23,50.27,books,debit card,new,west,691.0600000000001,6,115.17666666666668,77
CUST_283,INV_4305,2024-04-02,38.03,clothing,debit card,new,north,1223.8,10,122.38,171
CUST_979,INV_4306,2024-04-26,10.21,beauty,cash on delivery,loyal,east,943.08,10,94.308,123
CUST_172,INV_4307,2024-05-17,56.68,clothing,upi,new,south,765.0500000000001,11,69.55000000000001,160
CUST_326,INV_4308,2024-02-25,41.27,books,debit card,loyal,north,2143.43,15,142.89533333333333,119
CUST_717,INV_4309,2024-01-12,13.08,books,credit card,loyal,south,1060.88,8,132.61,167
CUST_62,INV_4310,2024-06-09,35.11,beauty,upi,returning,south,1103.34,10,110.33399999999999,145
CUST_72,INV_4311,2024-04-29,217.54,electronics,credit card,returning,south,2477.25,19,130.3815789473684,176
CUST_762,INV_4312,2024-03-11,35.96,electronics,debit card,new,north,767.49,12,63.9575,149
CUST_635,INV_4313,2024-01-17,125.16,home,credit card,returning,south,338.47,5,67.694,111
CUST_374,INV_4314,2024-05-01,94.69,beauty,cash on delivery,loyal,north,1235.58,13,95.04461538461538,162
CUST_632,INV_4315,2024-05-03,55.72,home,upi,returning,west,1241.67,7,177.3814285714286,168
CUST_507,INV_4316,2024-01-10,27.32,beauty,debit card,loyal,south,879.5,12,73.29166666666667,167
CUST_786,INV_4317,2024-01-31,46.05,books,upi,returning,north,1196.88,13,92.06769230769231,155
CUST_942,INV_4318,2024-02-29,89.68,beauty,cash on delivery,new,south,1124.26,11,102.20545454545454,165
CUST_397,INV_4319,2024-03-10,43.19,clothing,debit card,returning,east,692.7,8,86.5875,90
CUST_119,INV_4320,2024-01-17,24.19,home,credit card,new,south,1011.79,11,91.9809090909091,163
CUST_933,INV_4321,2024-02-19,12.38,beauty,upi,returning,east,816.76,11,74.25090909090909,151
CUST_436,INV_4322,2024-02-06,211.83,home,debit card,loyal,east,1149.4,8,143.675,152
CUST_828,INV_4323,2024-04-27,58.04,beauty,debit card,returning,south,408.52,7,58.36,141
CUST_675,INV_4324,2024-06-05,98.14,electronics,cash on delivery,returning,south,1513.6100000000001,13,116.43153846153847,143
CUST_935,INV_4325,2024-06-08,67.41,home,debit card,loyal,east,2032.24,18,112.90222222222222,169
CUST_464,INV_4326,2024-03-20,206.02,books,debit card,loyal,west,623.29,8,77.91125,121
CUST_285,INV_4327,2024-01-11,79.17,books,cash on delivery,returning,north,482.17,7,68.88142857142857,134
CUST_264,INV_4328,2024-05-13,65.54,beauty,credit card,loyal,south,1034.75,10,103.475,165
CUST_319,INV_4329,2024-05-02,258.5,books,credit card,loyal,east,890.6500000000001,9,98.96111111111112,161
CUST_672,INV_4330,2024-02-04,127.19,books,debit card,returning,north,832.29,10,83.229,127
CUST_375,INV_4331,2024-02-02,11.83,home,credit card,new,south,1246.71,14,89.05071428571429,148
CUST_819,INV_4332,2024-01-18,19.57,beauty,cash on delivery,returning,north,963.63,11,87.60272727272728,167
CUST_88,INV_4333,2024-06-13,154.7,home,credit card,returning,east,1012.77,8,126.59625,155
CUST_653,INV_4334,2024-01-13,180.7,beauty,debit card,new,south,955.4,9,106.15555555555555,153
CUST_202,INV_4335,2024-03-30,78.79,books,cash on delivery,returning,west,498.48,8,62.31,155
CUST_820,INV_4336,2024-04-19,80.85,beauty,credit card,returning,north,655.62,7,93.66,174
CUST_738,INV_4337,2024-01-01,99.95,beauty,upi,loyal,south,1133.27,11,103.02454545454545,169
CUST_954,INV_4338,2024-03-03,57.82,clothing,upi,returning,north,1420.93,11,129.17545454545456,150
CUST_333,INV_4339,2024-02-03,114.01,beauty,cash on delivery,new,north,1502.38,12,125.19833333333334,162
CUST_221,INV_4340,2024-04-12,11.48,clothing,credit card,new,south,527.87,9,58.65222222222222,157
CUST_40,INV_4341,2024-01-10,325.14,home,debit card,loyal,south,1247.77,12,103.98083333333334,177
CUST_707,INV_4342,2024-05-07,138.69,clothing,upi,returning,south,693.33,8,86.66625,149
CUST_67,INV_4343,2024-01-07,99.74,home,credit card,returning,east,823.55,9,91.50555555555555,144
CUST_987,INV_4344,2024-02-25,38.03,beauty,credit card,returning,south,1846.98,17,108.64588235294117,171
CUST_775,INV_4345,2024-03-20,17.55,home,debit card,returning,north,1331.75,19,70.09210526315789,129
CUST_513,INV_4346,2024-06-13,52.65,books,debit card,new,south,1542.87,9,171.42999999999998,138
CUST_872,INV_4347,2024-06-05,108.35,beauty,credit card,new,east,1664.3799999999999,9,184.9311111111111,146
CUST_636,INV_4348,2024-01-12,100.43,clothing,debit card,loyal,east,1154.28,9,128.25333333333333,87
CUST_621,INV_4349,2024-05-24,48.23,electronics,cash on delivery,returning,south,1010.19,11,91.83545454545455,172
CUST_597,INV_4350,2024-02-17,95.01,beauty,upi,new,north,765.94,11,69.6309090909091,168
CUST_936,INV_4351,2024-01-26,168.07,books,upi,returning,east,1728.72,15,115.248,153
CUST_631,INV_4352,2024-04-21,2.66,home,credit card,new,north,334.24,7,47.74857142857143,129
CUST_126,INV_4353,2024-05-01,59.9,clothing,credit card,new,west,547.5600000000001,11,49.77818181818182,167
CUST_254,INV_4354,2024-01-12,142.11,clothing,debit card,loyal,east,518.61,4,129.6525,75
CUST_694,INV_4355,2024-05-28,79.0,books,upi,returning,west,958.35,7,136.90714285714287,178
CUST_15,INV_4356,2024-02-11,105.4,books,debit card,loyal,east,761.0699999999999,8,95.13374999999999,138
CUST_476,INV_4357,2024-03-01,72.71,beauty,credit card,loyal,north,1088.04,15,72.536,158
CUST_61,INV_4358,2024-02-27,481.28,electronics,credit card,loyal,west,1200.96,6,200.16,114
CUST_880,INV_4359,2024-02-03,5.62,electronics,credit card,loyal,north,1739.45,16,108.715625,135
CUST_431,INV_4360,2024-01-07,67.54,home,credit card,loyal,east,1680.19,10,168.019,158
CUST_669,INV_4361,2024-04-18,9.59,clothing,credit card,loyal,north,1120.45,16,70.028125,153
CUST_267,INV_4362,2024-02-04,17.41,beauty,credit card,loyal,west,1714.25,16,107.140625,141
CUST_34,INV_4363,2024-01-15,48.29,clothing,cash on delivery,returning,south,905.3,11,82.3,164
CUST_778,INV_4364,2024-01-25,16.91,beauty,cash on delivery,loyal,south,1093.84,13,84.14153846153846,154
CUST_575,INV_4365,2024-02-28,331.56,books,debit card,returning,east,542.46,8,67.8075,137
CUST_493,INV_4366,2024-03-19,293.35,home,cash on delivery,returning,south,1712.71,17,100.74764705882353,171
CUST_561,INV_4367,2024-03-26,40.96,books,debit card,new,east,680.04,8,85.005,150
CUST_468,INV_4368,2024-05-13,102.1,clothing,debit card,loyal,north,428.27,7,61.18142857142857,169
CUST_766,INV_4369,2024-06-28,76.3,home,cash on delivery,returning,north,656.89,8,82.11125,160
CUST_660,INV_4370,2024-03-28,169.06,beauty,upi,new,west,1775.47,16,110.966875,162
CUST_324,INV_4371,2024-05-28,98.74,beauty,debit card,new,west,831.17,8,103.89625,145
CUST_303,INV_4372,2024-03-11,0.03,home,credit card,loyal,south,1490.35,11,135.48636363636362,146
CUST_275,INV_4373,2024-04-30,144.04,books,debit card,loyal,north,861.36,10,86.136,152
CUST_868,INV_4374,2024-04-02,137.38,home,debit card,loyal,west,823.44,10,82.34400000000001,168
CUST_962,INV_4375,2024-04-05,71.28,books,upi,loyal,south,1727.8,16,107.9875,166
CUST_683,INV_4376,2024-02-01,233.22,home,credit card,returning,east,555.6600000000001,5,111.13200000000002,94
CUST_928,INV_4377,2024-02-22,239.08,books,upi,returning,west,1642.5,21,78.21428571428571,169
CUST_200,INV_4378,2024-02-28,74.22,electronics,upi,loyal,west,1145.51,15,76.36733333333333,178
CUST_444,INV_4379,2024-03-09,93.65,home,upi,loyal,south,1275.1,12,106.25833333333333,172
CUST_904,INV_4380,2024-05-11,566.13,books,debit card,returning,west,1353.9,11,123.08181818181819,166
CUST_323,INV_4381,2024-03-26,35.5,clothing,credit card,loyal,south,941.5899999999999,11,85.5990909090909,156
CUST_34,INV_4382,2024-01-18,39.25,clothing,credit card,new,west,905.3,11,82.3,164
CUST_976,INV_4383,2024-03-21,20.18,home,upi,returning,north,937.01,8,117.12625,114
CUST_481,INV_4384,2024-04-23,226.21,home,cash on delivery,new,north,1460.54,10,146.054,141
CUST_727,INV_4385,2024-01-24,136.45,beauty,credit card,new,north,1229.15,12,102.42916666666667,160
CUST_479,INV_4386,2024-03-06,11.17,books,credit card,new,west,1529.98,12,127.49833333333333,144
CUST_64,INV_4387,2024-05-20,400.45,home,upi,new,south,1123.87,14,80.27642857142857,167
CUST_7,INV_4388,2024-03-02,131.29,clothing,debit card,loyal,north,1709.73,13,131.5176923076923,164
CUST_300,INV_4389,2024-02-23,190.06,clothing,upi,loyal,east,811.0799999999999,10,81.10799999999999,124
CUST_342,INV_4390,2024-05-22,4.93,clothing,cash on delivery,loyal,west,881.05,13,67.77307692307691,151
CUST_430,INV_4391,2024-05-10,70.31,books,cash on delivery,loyal,south,792.87,9,88.09666666666666,145
CUST_423,INV_4392,2024-02-06,119.93,electronics,upi,returning,west,496.1,10,49.61,162
CUST_331,INV_4393,2024-02-06,78.3,home,cash on delivery,loyal,south,887.69,7,126.81285714285715,126
CUST_437,INV_4394,2024-05-10,109.86,electronics,debit card,returning,south,766.99,12,63.91583333333333,121
CUST_587,INV_4395,2024-02-04,170.31,books,debit card,new,west,1142.67,14,81.61928571428572,176
CUST_173,INV_4396,2024-06-28,46.89,home,debit card,returning,east,130.13,3,43.376666666666665,73
CUST_558,INV_4397,2024-05-03,188.83,beauty,cash on delivery,loyal,east,1012.74,15,67.516,163
CUST_526,INV_4398,2024-06-04,17.78,home,debit card,new,west,474.71,7,67.81571428571428,135
CUST_872,INV_4399,2024-01-18,31.59,home,upi,new,north,1664.3799999999999,9,184.9311111111111,146
CUST_658,INV_4400,2024-05-01,4.43,home,debit card,loyal,north,1108.12,15,73.87466666666666,158
CUST_25,INV_4401,2024-06-12,45.32,home,cash on delivery,new,south,772.76,8,96.595,148
CUST_819,INV_4402,2024-06-09,47.79,home,credit card,new,north,963.63,11,87.60272727272728,167
CUST_604,INV_4403,2024-06-02,163.61,books,cash on delivery,new,west,755.38,10,75.538,148
CUST_405,INV_4404,2024-02-17,105.88,home,upi,returning,west,2154.2200000000003,9,239.3577777777778,137
CUST_231,INV_4405,2024-06-16,57.4,books,upi,new,east,1369.29,10,136.929,176
CUST_532,INV_4406,2024-01-17,105.59,home,cash on delivery,new,north,608.9300000000001,9,67.6588888888889,112
CUST_818,INV_4407,2024-06-16,5.42,home,debit card,returning,north,736.22,10,73.622,148
CUST_549,INV_4408,2024-05-14,19.88,books,debit card,loyal,south,1184.88,14,84.63428571428572,164
CUST_787,INV_4409,2024-02-26,98.6,home,credit card,returning,west,262.3,6,43.71666666666667,143
CUST_504,INV_4410,2024-01-08,102.55,clothing,debit card,returning,west,1310.05,11,119.09545454545454,156
CUST_668,INV_4411,2024-05-07,148.78,home,upi,loyal,west,659.13,9,73.23666666666666,120
CUST_178,INV_4412,2024-04-26,51.58,beauty,debit card,loyal,east,1390.4499999999998,10,139.045,161
CUST_131,INV_4413,2024-02-25,128.21,books,cash on delivery,returning,east,1297.4,12,108.11666666666667,163
CUST_822,INV_4414,2024-05-05,115.2,home,cash on delivery,new,east,404.05,7,57.721428571428575,97
CUST_454,INV_4415,2024-06-07,330.75,home,credit card,loyal,west,1356.76,14,96.91142857142857,178
CUST_347,INV_4416,2024-02-28,24.22,books,upi,new,west,974.64,11,88.60363636363637,136
CUST_539,INV_4417,2024-02-27,80.22,electronics,cash on delivery,loyal,north,1091.96,14,77.99714285714286,168
CUST_771,INV_4418,2024-05-19,92.07,clothing,upi,new,west,968.77,12,80.73083333333334,170
CUST_405,INV_4419,2024-06-24,660.61,clothing,debit card,returning,west,2154.2200000000003,9,239.3577777777778,137
CUST_75,INV_4420,2024-06-07,22.46,home,credit card,returning,east,1046.33,12,87.19416666666666,147
CUST_940,INV_4421,2024-04-17,74.07,books,credit card,returning,north,330.98,6,55.163333333333334,121
CUST_578,INV_4422,2024-03-14,42.49,beauty,debit card,returning,west,803.99,8,100.49875,138
CUST_853,INV_4423,2024-06-15,74.63,home,cash on delivery,loyal,south,665.79,9,73.97666666666666,154
CUST_491,INV_4424,2024-05-27,26.41,clothing,upi,returning,east,1204.84,10,120.484,111
CUST_193,INV_4425,2024-04-10,4.88,home,upi,new,south,1323.7,13,101.82307692307693,165
CUST_983,INV_4426,2024-02-17,85.0,books,upi,returning,north,1420.05,15,94.67,178
CUST_161,INV_4427,2024-03-11,40.93,beauty,cash on delivery,returning,east,788.74,12,65.72833333333334,173
CUST_346,INV_4428,2024-04-25,20.08,electronics,debit card,returning,north,686.51,5,137.302,124
CUST_950,INV_4429,2024-05-01,39.15,beauty,upi,returning,west,1161.93,8,145.24125,109
CUST_360,INV_4430,2024-03-18,5.05,home,cash on delivery,loyal,east,1133.4299999999998,11,103.03909090909089,83
CUST_768,INV_4431,2024-01-29,300.46,clothing,upi,loyal,north,2004.6799999999998,9,222.7422222222222,169
CUST_583,INV_4432,2024-04-02,87.02,books,cash on delivery,loyal,north,949.73,12,79.14416666666666,167
CUST_86,INV_4433,2024-03-13,168.61,home,debit card,new,north,824.3199999999999,11,74.93818181818182,145
CUST_933,INV_4434,2024-04-09,55.01,electronics,upi,new,south,816.76,11,74.25090909090909,151
CUST_261,INV_4435,2024-06-24,233.63,books,debit card,returning,east,623.03,8,77.87875,141
CUST_213,INV_4436,2024-03-14,66.03,books,credit card,new,north,783.45,10,78.345,103
CUST_664,INV_4437,2024-04-04,85.32,books,cash on delivery,new,east,1203.96,10,120.396,136
CUST_721,INV_4438,2024-01-17,67.69,home,credit card,new,west,710.14,8,88.7675,161
CUST_912,INV_4439,2024-05-16,132.15,electronics,debit card,new,west,1248.99,11,113.54454545454546,158
CUST_572,INV_4440,2024-04-06,83.62,home,debit card,loyal,north,1551.8799999999999,14,110.84857142857142,135
CUST_779,INV_4441,2024-06-10,31.69,books,debit card,loyal,east,603.65,9,67.07222222222222,153
CUST_261,INV_4442,2024-06-21,15.73,books,upi,new,north,623.03,8,77.87875,141
CUST_729,INV_4443,2024-01-09,93.17,clothing,upi,new,north,707.35,9,78.59444444444445,140
CUST_282,INV_4444,2024-05-14,67.17,beauty,debit card,loyal,south,2115.36,18,117.52000000000001,148
CUST_647,INV_4445,2024-05-23,10.09,home,debit card,returning,east,622.69,12,51.89083333333334,156
CUST_466,INV_4446,2024-01-19,50.35,electronics,upi,loyal,south,1071.0,12,89.25,111
CUST_379,INV_4447,2024-05-13,72.31,books,upi,new,north,961.96,11,87.4509090909091,168
CUST_361,INV_4448,2024-04-23,175.38,home,cash on delivery,new,south,702.09,6,117.015,104
CUST_448,INV_4449,2024-05-18,7.92,beauty,debit card,new,south,973.53,9,108.17,131
CUST_440,INV_4450,2024-05-04,42.85,home,upi,loyal,south,952.15,14,68.01071428571429,154
CUST_92,INV_4451,2024-03-01,172.97,beauty,upi,new,west,1036.66,13,79.74307692307693,129
CUST_620,INV_4452,2024-02-11,104.53,home,credit card,loyal,west,549.15,10,54.915,172
CUST_752,INV_4453,2024-01-13,34.24,clothing,debit card,returning,south,1458.89,11,132.62636363636364,175
CUST_866,INV_4454,2024-05-19,186.65,home,debit card,new,east,927.96,11,84.36,149
CUST_423,INV_4455,2024-03-25,67.98,clothing,upi,new,west,496.1,10,49.61,162
CUST_141,INV_4456,2024-01-20,68.99,beauty,credit card,returning,south,251.05,5,50.21,81
CUST_290,INV_4457,2024-02-19,375.45,books,cash on delivery,loyal,north,794.5799999999999,8,99.32249999999999,148
CUST_431,INV_4458,2024-06-12,293.97,books,debit card,new,west,1680.19,10,168.019,158
CUST_748,INV_4459,2024-04-01,44.4,home,cash on delivery,new,north,1357.18,13,104.39846153846155,125
CUST_851,INV_4460,2024-03-28,15.15,electronics,debit card,new,south,1729.42,13,133.0323076923077,160
CUST_823,INV_4461,2024-03-09,39.4,home,upi,new,south,1463.07,9,162.56333333333333,98
CUST_688,INV_4462,2024-02-06,3.1,clothing,cash on delivery,returning,south,1145.06,9,127.22888888888889,143
CUST_652,INV_4463,2024-05-19,2.1,clothing,debit card,loyal,north,1155.64,11,105.05818181818182,147
CUST_700,INV_4464,2024-04-08,50.34,beauty,cash on delivery,returning,west,734.36,10,73.436,142
CUST_997,INV_4465,2024-05-04,283.06,home,upi,loyal,south,651.48,7,93.06857142857143,124
CUST_48,INV_4466,2024-06-16,205.07,beauty,credit card,returning,east,818.66,11,74.42363636363636,164
CUST_301,INV_4467,2024-02-23,71.63,electronics,credit card,returning,south,731.7,15,48.78,158
CUST_880,INV_4468,2024-05-09,83.29,books,cash on delivery,loyal,west,1739.45,16,108.715625,135
CUST_189,INV_4469,2024-06-26,0.6,books,cash on delivery,new,west,1748.28,14,124.87714285714286,171
CUST_135,INV_4470,2024-02-10,24.27,home,cash on delivery,new,east,321.99,5,64.398,142
CUST_554,INV_4471,2024-02-14,2.51,beauty,debit card,returning,south,467.72999999999996,5,93.54599999999999,124
CUST_403,INV_4472,2024-04-12,140.46,beauty,upi,returning,west,1055.5900000000001,8,131.94875000000002,91
CUST_891,INV_4473,2024-04-15,15.74,electronics,cash on delivery,returning,west,1044.83,10,104.48299999999999,139
CUST_864,INV_4474,2024-05-16,203.29,beauty,credit card,new,west,854.61,7,122.08714285714287,162
CUST_601,INV_4475,2024-05-07,103.09,clothing,debit card,loyal,north,1577.98,13,121.38307692307693,133
CUST_806,INV_4476,2024-03-26,26.06,clothing,cash on delivery,new,west,1409.26,10,140.926,157
CUST_340,INV_4477,2024-02-16,17.16,clothing,debit card,returning,west,709.45,9,78.82777777777778,168
CUST_756,INV_4478,2024-01-05,98.79,home,cash on delivery,new,north,528.06,7,75.43714285714285,130
CUST_944,INV_4479,2024-01-01,231.1,clothing,cash on delivery,new,south,1317.27,12,109.7725,148
CUST_703,INV_4480,2024-02-13,126.71,clothing,debit card,new,east,1227.12,15,81.80799999999999,135
CUST_317,INV_4481,2024-05-29,42.85,books,upi,loyal,north,2119.2799999999997,16,132.45499999999998,166
CUST_617,INV_4482,2024-02-07,88.52,home,upi,returning,north,1079.01,13,83.00076923076924,122
CUST_362,INV_4483,2024-01-19,37.22,clothing,credit card,new,north,1155.73,12,96.31083333333333,167
CUST_821,INV_4484,2024-06-07,706.98,electronics,upi,new,west,2552.8,18,141.82222222222222,162
CUST_381,INV_4485,2024-04-24,138.17,clothing,upi,returning,south,1291.66,10,129.166,129
CUST_232,INV_4486,2024-03-27,95.29,home,debit card,new,south,1707.56,16,106.7225,153
CUST_776,INV_4487,2024-06-18,55.04,beauty,debit card,new,south,447.11,5,89.422,90
CUST_343,INV_4488,2024-05-02,96.27,books,credit card,new,east,1414.3899999999999,12,117.86583333333333,169
CUST_548,INV_4489,2024-03-22,41.8,books,cash on delivery,new,south,588.86,9,65.42888888888889,128
CUST_816,INV_4490,2024-06-02,2.93,home,debit card,returning,east,870.73,13,66.97923076923077,147
CUST_552,INV_4491,2024-05-20,50.27,clothing,debit card,new,west,966.34,10,96.634,166
CUST_528,INV_4492,2024-02-27,266.62,electronics,debit card,loyal,south,1481.26,10,148.126,171
CUST_855,INV_4493,2024-05-25,98.43,clothing,upi,new,east,705.4,9,78.37777777777778,151
CUST_788,INV_4494,2024-03-07,8.77,clothing,debit card,loyal,west,761.97,8,95.24625,155
CUST_818,INV_4495,2024-05-01,216.28,electronics,credit card,returning,west,736.22,10,73.622,148
CUST_570,INV_4496,2024-03-27,31.32,books,credit card,new,east,1121.49,14,80.10642857142857,155
CUST_934,INV_4497,2024-05-10,27.94,clothing,debit card,loyal,west,807.47,10,80.747,136
CUST_182,INV_4498,2024-02-24,35.25,beauty,cash on delivery,loyal,west,1836.42,14,131.17285714285714,157
CUST_40,INV_4499,2024-03-29,86.09,beauty,debit card,new,south,1247.77,12,103.98083333333334,177
CUST_550,INV_4500,2024-02-27,78.68,home,credit card,new,east,1213.02,12,101.085,156
CUST_396,INV_4501,2024-03-03,67.61,home,cash on delivery,returning,west,1235.97,10,123.59700000000001,163
CUST_703,INV_4502,2024-03-31,126.42,electronics,upi,returning,north,1227.12,15,81.80799999999999,135
CUST_778,INV_4503,2024-02-21,38.06,electronics,debit card,new,north,1093.84,13,84.14153846153846,154
CUST_493,INV_4504,2024-05-05,152.36,home,credit card,returning,west,1712.71,17,100.74764705882353,171
CUST_658,INV_4505,2024-01-24,19.28,clothing,upi,returning,south,1108.12,15,73.87466666666666,158
CUST_906,INV_4506,2024-03-12,152.61,books,credit card,returning,north,992.6,7,141.8,172
CUST_332,INV_4507,2024-01-09,109.01,beauty,upi,returning,south,570.24,6,95.04,152
CUST_126,INV_4508,2024-04-19,114.95,electronics,credit card,new,west,547.5600000000001,11,49.77818181818182,167
CUST_557,INV_4509,2024-06-13,65.69,home,credit card,new,east,1240.24,14,88.58857142857143,126
CUST_556,INV_4510,2024-04-03,109.96,beauty,upi,loyal,west,779.64,11,70.87636363636364,134
CUST_0,INV_4511,2024-04-26,8.32,electronics,debit card,returning,west,944.31,16,59.019375,127
CUST_167,INV_4512,2024-03-23,190.75,electronics,credit card,new,north,1408.6799999999998,11,128.06181818181815,154
CUST_619,INV_4513,2024-03-20,5.71,clothing,cash on delivery,loyal,east,1679.21,13,129.17000000000002,165
CUST_18,INV_4514,2024-05-31,16.1,electronics,debit card,returning,south,1436.15,15,95.74333333333334,167
CUST_331,INV_4515,2024-05-28,85.99,books,cash on delivery,loyal,south,887.69,7,126.81285714285715,126
CUST_583,INV_4516,2024-04-09,134.48,electronics,credit card,returning,east,949.73,12,79.14416666666666,167
CUST_455,INV_4517,2024-02-09,7.93,books,upi,new,south,524.64,9,58.29333333333333,127
CUST_956,INV_4518,2024-04-12,253.53,clothing,debit card,loyal,north,1002.25,9,111.36111111111111,128
CUST_108,INV_4519,2024-03-02,363.47,books,upi,new,west,1502.8700000000001,15,100.19133333333335,150
CUST_267,INV_4520,2024-03-09,93.13,beauty,upi,returning,south,1714.25,16,107.140625,141
CUST_444,INV_4521,2024-05-21,65.63,electronics,cash on delivery,returning,north,1275.1,12,106.25833333333333,172
CUST_239,INV_4522,2024-04-18,135.25,home,cash on delivery,returning,south,355.33000000000004,2,177.66500000000002,86
CUST_928,INV_4523,2024-06-18,39.8,home,debit card,loyal,north,1642.5,21,78.21428571428571,169
CUST_300,INV_4524,2024-06-26,67.98,books,debit card,loyal,south,811.0799999999999,10,81.10799999999999,124
CUST_601,INV_4525,2024-01-04,247.87,clothing,debit card,loyal,south,1577.98,13,121.38307692307693,133
CUST_102,INV_4526,2024-03-12,311.58,books,cash on delivery,new,east,1174.56,8,146.82,153
CUST_987,INV_4527,2024-01-17,261.82,books,cash on delivery,loyal,east,1846.98,17,108.64588235294117,171
CUST_249,INV_4528,2024-04-23,30.44,books,upi,returning,north,321.73,8,40.21625,109
CUST_452,INV_4529,2024-03-25,26.46,beauty,upi,new,east,1422.5,11,129.3181818181818,156
CUST_519,INV_4530,2024-02-26,35.33,beauty,upi,returning,west,1053.73,14,75.26642857142858,151
CUST_152,INV_4531,2024-04-16,58.22,books,debit card,returning,east,595.8299999999999,8,74.47874999999999,124
CUST_858,INV_4532,2024-02-17,37.71,clothing,credit card,loyal,north,955.58,10,95.558,115
CUST_173,INV_4533,2024-06-20,46.87,electronics,cash on delivery,loyal,east,130.13,3,43.376666666666665,73
CUST_342,INV_4534,2024-06-21,96.93,home,debit card,loyal,north,881.05,13,67.77307692307691,151
CUST_669,INV_4535,2024-04-26,143.77,beauty,cash on delivery,returning,west,1120.45,16,70.028125,153
CUST_430,INV_4536,2024-06-09,133.01,electronics,credit card,new,north,792.87,9,88.09666666666666,145
CUST_726,INV_4537,2024-01-31,168.43,beauty,cash on delivery,loyal,north,1882.9499999999998,14,134.49642857142857,160
CUST_688,INV_4538,2024-04-21,3.27,beauty,cash on delivery,loyal,west,1145.06,9,127.22888888888889,143
CUST_686,INV_4539,2024-02-16,4.89,beauty,cash on delivery,new,west,778.83,13,59.910000000000004,142
CUST_851,INV_4540,2024-05-13,155.77,books,upi,returning,north,1729.42,13,133.0323076923077,160
CUST_849,INV_4541,2024-04-17,76.16,books,credit card,returning,south,1751.8999999999999,14,125.13571428571427,174
CUST_657,INV_4542,2024-03-12,86.31,beauty,debit card,new,south,1862.21,16,116.388125,146
CUST_961,INV_4543,2024-03-11,5.4,beauty,debit card,loyal,north,792.14,15,52.809333333333335,165
CUST_323,INV_4544,2024-06-10,29.48,home,debit card,new,east,941.5899999999999,11,85.5990909090909,156
CUST_989,INV_4545,2024-04-17,101.71,electronics,credit card,loyal,north,1160.0,12,96.66666666666667,120
CUST_672,INV_4546,2024-02-22,196.03,electronics,cash on delivery,new,north,832.29,10,83.229,127
CUST_638,INV_4547,2024-05-21,248.87,clothing,debit card,returning,east,1112.73,10,111.273,162
CUST_419,INV_4548,2024-01-16,69.4,clothing,credit card,returning,west,1069.12,15,71.27466666666666,166
CUST_593,INV_4549,2024-06-19,78.85,clothing,upi,returning,north,816.65,10,81.66499999999999,122
CUST_484,INV_4550,2024-04-25,179.01,books,credit card,returning,south,1281.8899999999999,16,80.11812499999999,162
CUST_658,INV_4551,2024-03-13,77.14,books,upi,new,west,1108.12,15,73.87466666666666,158
CUST_750,INV_4552,2024-03-14,72.74,home,credit card,new,west,1289.12,13,99.16307692307691,171
CUST_411,INV_4553,2024-03-21,235.48,books,upi,loyal,north,1097.61,9,121.95666666666665,163
CUST_935,INV_4554,2024-01-12,156.03,clothing,debit card,new,south,2032.24,18,112.90222222222222,169
CUST_83,INV_4555,2024-05-07,239.77,beauty,credit card,loyal,east,1386.48,14,99.03428571428572,166
CUST_112,INV_4556,2024-03-10,24.62,clothing,upi,new,east,2010.72,18,111.70666666666666,160
CUST_736,INV_4557,2024-05-26,74.31,home,cash on delivery,new,east,777.28,6,129.54666666666665,122
CUST_331,INV_4558,2024-02-10,184.82,beauty,debit card,new,south,887.69,7,126.81285714285715,126
CUST_377,INV_4559,2024-06-05,11.78,books,debit card,new,west,1043.45,13,80.26538461538462,166
CUST_754,INV_4560,2024-02-28,158.31,beauty,upi,returning,west,524.78,7,74.96857142857142,139
CUST_654,INV_4561,2024-03-29,20.21,home,upi,new,north,1045.21,10,104.521,156
CUST_40,INV_4562,2024-01-24,165.09,books,credit card,loyal,west,1247.77,12,103.98083333333334,177
CUST_934,INV_4563,2024-05-23,94.68,electronics,upi,returning,west,807.47,10,80.747,136
CUST_769,INV_4564,2024-06-28,21.47,clothing,upi,new,east,996.21,11,90.56454545454545,137
CUST_958,INV_4565,2024-03-20,64.12,clothing,cash on delivery,new,east,897.02,9,99.66888888888889,134
CUST_796,INV_4566,2024-05-13,114.54,home,debit card,loyal,east,1466.08,11,133.28,175
CUST_104,INV_4567,2024-06-13,100.47,home,upi,returning,west,748.1,7,106.87142857142858,155
CUST_201,INV_4568,2024-05-11,55.73,clothing,upi,returning,north,1577.01,9,175.22333333333333,175
CUST_449,INV_4569,2024-04-01,229.63,beauty,cash on delivery,returning,west,1535.53,15,102.36866666666667,160
CUST_818,INV_4570,2024-06-14,73.24,electronics,upi,returning,north,736.22,10,73.622,148
CUST_842,INV_4571,2024-06-17,70.5,electronics,cash on delivery,loyal,west,704.37,8,88.04625,149
CUST_972,INV_4572,2024-04-01,6.43,home,debit card,new,south,2206.61,18,122.58944444444445,154
CUST_265,INV_4573,2024-03-21,255.26,home,debit card,new,west,731.36,9,81.26222222222222,129
CUST_909,INV_4574,2024-05-21,19.49,beauty,cash on delivery,returning,south,1021.12,7,145.87428571428572,160
CUST_209,INV_4575,2024-03-11,75.15,home,cash on delivery,loyal,north,1118.48,11,101.68,159
CUST_562,INV_4576,2024-06-27,162.74,electronics,debit card,new,west,1821.19,13,140.09153846153848,176
CUST_117,INV_4577,2024-03-05,24.26,clothing,debit card,returning,west,2229.23,16,139.326875,150
CUST_712,INV_4578,2024-02-21,74.94,electronics,cash on delivery,returning,north,691.0600000000001,6,115.17666666666668,77
CUST_376,INV_4579,2024-01-30,27.53,beauty,credit card,loyal,east,609.5400000000001,8,76.19250000000001,73
CUST_550,INV_4580,2024-04-08,142.58,clothing,debit card,loyal,east,1213.02,12,101.085,156
CUST_539,INV_4581,2024-06-06,83.09,clothing,debit card,loyal,south,1091.96,14,77.99714285714286,168
CUST_770,INV_4582,2024-04-07,193.78,electronics,cash on delivery,returning,west,1317.23,8,164.65375,82
CUST_83,INV_4583,2024-02-11,224.96,clothing,cash on delivery,loyal,east,1386.48,14,99.03428571428572,166
CUST_453,INV_4584,2024-05-18,104.62,clothing,cash on delivery,returning,north,746.74,8,93.3425,148
CUST_666,INV_4585,2024-01-27,129.24,home,credit card,new,north,432.81,7,61.83,128
CUST_628,INV_4586,2024-05-31,79.68,clothing,cash on delivery,returning,west,1068.54,11,97.14,153
CUST_513,INV_4587,2024-06-15,48.52,beauty,credit card,returning,south,1542.87,9,171.42999999999998,138
CUST_604,INV_4588,2024-03-12,104.45,clothing,cash on delivery,new,north,755.38,10,75.538,148
CUST_677,INV_4589,2024-01-18,238.91,home,cash on delivery,loyal,west,1648.2,8,206.025,146
CUST_386,INV_4590,2024-03-17,53.9,books,credit card,loyal,south,2344.88,16,146.555,158
CUST_911,INV_4591,2024-02-14,37.75,books,upi,returning,east,835.55,14,59.68214285714286,154
CUST_349,INV_4592,2024-04-24,49.17,beauty,debit card,returning,west,406.13,10,40.613,159
CUST_295,INV_4593,2024-03-27,57.16,beauty,cash on delivery,new,south,1865.1,14,133.22142857142856,162
CUST_257,INV_4594,2024-05-19,7.64,clothing,upi,loyal,north,431.55,7,61.65,153
CUST_80,INV_4595,2024-06-25,69.0,clothing,credit card,new,east,786.99,8,98.37375,175
CUST_936,INV_4596,2024-06-07,68.18,books,cash on delivery,returning,north,1728.72,15,115.248,153
CUST_267,INV_4597,2024-04-01,88.78,books,credit card,returning,north,1714.25,16,107.140625,141
CUST_418,INV_4598,2024-01-22,45.07,electronics,credit card,new,east,812.63,12,67.71916666666667,149
CUST_234,INV_4599,2024-06-20,94.96,books,credit card,new,west,658.28,10,65.828,156
CUST_832,INV_4600,2024-04-01,210.55,books,upi,loyal,west,1070.51,14,76.465,169
CUST_310,INV_4601,2024-03-17,311.16,beauty,credit card,new,west,1082.74,9,120.30444444444444,153
CUST_812,INV_4602,2024-01-25,87.61,electronics,debit card,loyal,north,1181.57,10,118.157,147
CUST_974,INV_4603,2024-04-17,4.35,electronics,cash on delivery,loyal,north,1943.69,10,194.369,172
CUST_985,INV_4604,2024-06-27,348.14,clothing,cash on delivery,new,west,935.9300000000001,11,85.08454545454546,177
CUST_356,INV_4605,2024-05-14,122.37,clothing,debit card,new,west,905.13,8,113.14125,131
CUST_212,INV_4606,2024-04-18,40.94,electronics,cash on delivery,loyal,east,783.83,9,87.09222222222223,133
CUST_573,INV_4607,2024-05-13,15.92,electronics,debit card,new,north,1355.1000000000001,14,96.79285714285716,132
CUST_48,INV_4608,2024-01-24,15.48,clothing,upi,loyal,south,818.66,11,74.42363636363636,164
CUST_126,INV_4609,2024-01-19,18.36,beauty,credit card,loyal,west,547.5600000000001,11,49.77818181818182,167
CUST_222,INV_4610,2024-03-23,4.66,beauty,upi,returning,west,1302.41,12,108.53416666666668,170
CUST_920,INV_4611,2024-04-24,232.44,beauty,debit card,loyal,north,1876.07,18,104.22611111111111,169
CUST_278,INV_4612,2024-01-09,77.82,beauty,credit card,returning,west,495.45,8,61.93125,163
CUST_407,INV_4613,2024-04-21,120.38,clothing,upi,new,west,917.11,9,101.9011111111111,106
CUST_504,INV_4614,2024-06-12,176.09,home,credit card,loyal,north,1310.05,11,119.09545454545454,156
CUST_293,INV_4615,2024-04-11,156.8,books,credit card,loyal,west,1691.33,13,130.10230769230768,168
CUST_795,INV_4616,2024-06-16,214.22,books,upi,new,east,1477.78,11,134.34363636363636,157
CUST_276,INV_4617,2024-05-31,341.9,books,cash on delivery,new,south,2147.64,14,153.40285714285713,156
CUST_437,INV_4618,2024-02-17,57.82,books,debit card,new,north,766.99,12,63.91583333333333,121
CUST_106,INV_4619,2024-03-09,300.25,clothing,upi,loyal,east,1046.54,8,130.8175,138
CUST_657,INV_4620,2024-06-18,128.48,home,upi,new,north,1862.21,16,116.388125,146
CUST_419,INV_4621,2024-04-28,7.33,clothing,cash on delivery,new,north,1069.12,15,71.27466666666666,166
CUST_610,INV_4622,2024-02-14,114.5,home,debit card,returning,north,779.24,12,64.93666666666667,174
CUST_428,INV_4623,2024-05-04,116.06,clothing,upi,returning,south,1757.97,13,135.22846153846154,171
CUST_374,INV_4624,2024-01-14,236.3,electronics,credit card,loyal,east,1235.58,13,95.04461538461538,162
CUST_72,INV_4625,2024-06-05,46.67,home,debit card,new,south,2477.25,19,130.3815789473684,176
CUST_948,INV_4626,2024-05-13,87.93,books,cash on delivery,new,north,643.81,7,91.97285714285714,93
CUST_997,INV_4627,2024-05-14,1.23,home,upi,returning,west,651.48,7,93.06857142857143,124
CUST_633,INV_4628,2024-02-06,40.36,beauty,credit card,loyal,south,1314.47,13,101.11307692307693,161
CUST_29,INV_4629,2024-02-22,6.43,home,debit card,new,west,474.03,7,67.71857142857142,99
CUST_187,INV_4630,2024-01-18,73.79,beauty,upi,loyal,north,1219.84,15,81.32266666666666,140
CUST_363,INV_4631,2024-02-07,170.07,beauty,debit card,returning,west,1494.74,16,93.42125,141
CUST_865,INV_4632,2024-05-08,23.12,electronics,credit card,new,south,636.91,13,48.99307692307692,136
CUST_799,INV_4633,2024-02-13,74.96,home,credit card,returning,east,1536.08,16,96.005,175
CUST_450,INV_4634,2024-02-16,22.82,electronics,debit card,returning,west,990.25,9,110.02777777777777,110
CUST_194,INV_4635,2024-02-04,12.86,books,credit card,returning,south,1282.82,14,91.63,161
CUST_155,INV_4636,2024-02-29,71.54,home,credit card,new,east,952.72,14,68.05142857142857,160
CUST_171,INV_4637,2024-03-30,8.25,clothing,debit card,loyal,north,550.38,10,55.038,125
CUST_846,INV_4638,2024-02-21,88.52,clothing,debit card,new,east,982.58,7,140.36857142857144,118
CUST_40,INV_4639,2024-01-08,3.18,clothing,cash on delivery,returning,north,1247.77,12,103.98083333333334,177
CUST_62,INV_4640,2024-04-16,11.28,beauty,upi,loyal,south,1103.34,10,110.33399999999999,145
CUST_22,INV_4641,2024-06-17,79.85,clothing,cash on delivery,returning,south,707.1,8,88.3875,172
CUST_359,INV_4642,2024-05-10,89.5,books,cash on delivery,new,east,1682.9699999999998,10,168.29699999999997,90
CUST_74,INV_4643,2024-05-21,2.94,home,cash on delivery,loyal,south,1455.28,16,90.955,150
CUST_559,INV_4644,2024-04-05,85.19,home,cash on delivery,new,south,1782.0,11,162.0,111
CUST_671,INV_4645,2024-01-26,182.33,beauty,upi,loyal,north,1361.11,14,97.22214285714286,172
CUST_824,INV_4646,2024-04-20,128.13,beauty,debit card,returning,south,2560.0699999999997,19,134.74052631578945,159
CUST_117,INV_4647,2024-05-02,14.06,beauty,credit card,returning,west,2229.23,16,139.326875,150
CUST_611,INV_4648,2024-06-16,89.77,books,credit card,returning,north,1114.33,12,92.86083333333333,172
CUST_379,INV_4649,2024-02-20,111.55,home,debit card,new,west,961.96,11,87.4509090909091,168
CUST_928,INV_4650,2024-05-02,3.79,electronics,debit card,new,east,1642.5,21,78.21428571428571,169
CUST_919,INV_4651,2024-01-05,193.34,beauty,debit card,returning,west,1715.16,15,114.34400000000001,174
CUST_678,INV_4652,2024-03-17,236.73,clothing,credit card,returning,south,705.93,9,78.43666666666667,154
CUST_289,INV_4653,2024-06-08,190.01,electronics,cash on delivery,loyal,east,452.74,5,90.548,152
CUST_439,INV_4654,2024-01-01,174.09,electronics,cash on delivery,loyal,south,1140.03,10,114.003,162
CUST_667,INV_4655,2024-01-11,136.64,beauty,cash on delivery,new,east,656.47,6,109.41166666666668,162
CUST_932,INV_4656,2024-01-08,100.36,clothing,upi,loyal,east,702.75,7,100.39285714285714,170
CUST_6,INV_4657,2024-06-01,113.52,beauty,cash on delivery,new,north,1140.84,11,103.71272727272726,176
CUST_195,INV_4658,2024-06-16,164.19,beauty,upi,new,west,1024.49,10,102.449,164
CUST_420,INV_4659,2024-02-01,108.62,clothing,credit card,loyal,south,633.8100000000001,10,63.38100000000001,146
CUST_567,INV_4660,2024-01-28,39.71,electronics,upi,loyal,east,1221.72,8,152.715,142
CUST_832,INV_4661,2024-05-10,47.15,electronics,debit card,loyal,north,1070.51,14,76.465,169
CUST_192,INV_4662,2024-05-07,227.36,clothing,debit card,returning,east,993.54,9,110.39333333333333,161
CUST_558,INV_4663,2024-03-02,1.73,electronics,credit card,returning,west,1012.74,15,67.516,163
CUST_147,INV_4664,2024-01-27,120.0,books,cash on delivery,loyal,east,897.03,11,81.54818181818182,162
CUST_786,INV_4665,2024-02-14,309.62,beauty,credit card,returning,west,1196.88,13,92.06769230769231,155
CUST_668,INV_4666,2024-04-14,122.5,books,debit card,new,east,659.13,9,73.23666666666666,120
CUST_201,INV_4667,2024-04-01,510.14,books,cash on delivery,returning,west,1577.01,9,175.22333333333333,175
CUST_443,INV_4668,2024-01-25,116.33,books,debit card,returning,south,1208.88,8,151.11,126
CUST_913,INV_4669,2024-02-13,3.5,home,credit card,returning,west,1886.23,11,171.47545454545454,176
CUST_987,INV_4670,2024-06-22,175.45,home,cash on delivery,new,west,1846.98,17,108.64588235294117,171
CUST_418,INV_4671,2024-05-21,33.5,books,credit card,new,south,812.63,12,67.71916666666667,149
CUST_426,INV_4672,2024-05-15,59.07,beauty,debit card,loyal,west,803.35,12,66.94583333333334,137
CUST_478,INV_4673,2024-06-24,37.41,books,cash on delivery,returning,east,255.21,4,63.8025,163
CUST_474,INV_4674,2024-05-21,31.27,books,debit card,returning,east,412.5,6,68.75,137
CUST_125,INV_4675,2024-03-20,56.46,home,cash on delivery,new,east,1259.0,12,104.91666666666667,149
CUST_394,INV_4676,2024-03-22,47.6,books,upi,returning,south,1095.95,8,136.99375,161
CUST_816,INV_4677,2024-05-14,100.33,beauty,upi,new,west,870.73,13,66.97923076923077,147
CUST_880,INV_4678,2024-03-28,167.75,beauty,debit card,returning,west,1739.45,16,108.715625,135
CUST_805,INV_4679,2024-06-25,35.25,books,credit card,loyal,east,875.45,12,72.95416666666667,171
CUST_575,INV_4680,2024-05-06,24.04,beauty,upi,new,west,542.46,8,67.8075,137
CUST_324,INV_4681,2024-02-24,109.93,books,upi,new,east,831.17,8,103.89625,145
CUST_391,INV_4682,2024-05-20,110.96,home,cash on delivery,new,east,759.66,10,75.966,149
CUST_929,INV_4683,2024-02-25,231.4,books,cash on delivery,returning,east,589.29,11,53.57181818181818,138
CUST_687,INV_4684,2024-01-15,1.61,electronics,cash on delivery,loyal,south,1128.25,12,94.02083333333333,89
CUST_627,INV_4685,2024-02-27,191.76,home,debit card,new,north,745.88,13,57.37538461538462,174
CUST_439,INV_4686,2024-06-11,73.61,beauty,credit card,loyal,north,1140.03,10,114.003,162
CUST_203,INV_4687,2024-03-28,97.1,beauty,credit card,new,west,469.57,7,67.08142857142857,132
CUST_485,INV_4688,2024-04-06,9.58,home,cash on delivery,loyal,east,944.07,5,188.81400000000002,59
CUST_832,INV_4689,2024-05-23,56.67,electronics,debit card,returning,north,1070.51,14,76.465,169
CUST_30,INV_4690,2024-01-08,25.79,home,cash on delivery,returning,north,356.78,6,59.46333333333333,102
CUST_387,INV_4691,2024-06-21,29.33,clothing,credit card,loyal,west,872.6700000000001,10,87.26700000000001,155
CUST_624,INV_4692,2024-02-09,70.14,electronics,debit card,loyal,south,621.58,10,62.158,142
CUST_876,INV_4693,2024-01-14,167.37,home,cash on delivery,returning,west,1446.61,14,103.3292857142857,158
CUST_433,INV_4694,2024-02-22,136.17,clothing,cash on delivery,loyal,west,886.0899999999999,8,110.76124999999999,164
CUST_836,INV_4695,2024-05-06,89.4,books,credit card,loyal,east,1783.42,12,148.61833333333334,164
CUST_925,INV_4696,2024-06-03,77.53,electronics,debit card,loyal,south,685.0,8,85.625,162
CUST_375,INV_4697,2024-06-23,55.74,books,credit card,new,west,1246.71,14,89.05071428571429,148
CUST_343,INV_4698,2024-03-20,360.12,clothing,debit card,loyal,north,1414.3899999999999,12,117.86583333333333,169
CUST_442,INV_4699,2024-04-24,82.14,beauty,debit card,new,north,1684.2,14,120.3,146
CUST_578,INV_4700,2024-05-13,29.3,beauty,cash on delivery,returning,west,803.99,8,100.49875,138
CUST_74,INV_4701,2024-02-24,26.15,beauty,credit card,returning,east,1455.28,16,90.955,150
CUST_556,INV_4702,2024-02-13,94.51,books,debit card,returning,east,779.64,11,70.87636363636364,134
CUST_771,INV_4703,2024-01-18,73.99,electronics,upi,loyal,west,968.77,12,80.73083333333334,170
CUST_665,INV_4704,2024-01-16,0.77,books,cash on delivery,returning,south,1727.89,15,115.19266666666667,146
CUST_154,INV_4705,2024-01-12,177.23,books,credit card,new,east,894.68,11,81.33454545454545,146
CUST_429,INV_4706,2024-05-27,121.78,beauty,debit card,new,north,291.29,4,72.8225,41
CUST_362,INV_4707,2024-02-14,108.42,books,cash on delivery,loyal,south,1155.73,12,96.31083333333333,167
CUST_447,INV_4708,2024-04-02,7.13,clothing,credit card,new,west,962.81,7,137.5442857142857,104
CUST_986,INV_4709,2024-01-22,44.95,home,credit card,new,south,782.36,10,78.236,154
CUST_233,INV_4710,2024-04-06,273.93,home,cash on delivery,returning,east,438.78,5,87.756,136
CUST_562,INV_4711,2024-02-16,198.48,home,debit card,new,east,1821.19,13,140.09153846153848,176
CUST_817,INV_4712,2024-01-29,33.62,beauty,cash on delivery,returning,north,212.51,5,42.501999999999995,118
CUST_261,INV_4713,2024-02-14,17.09,beauty,upi,returning,west,623.03,8,77.87875,141
CUST_826,INV_4714,2024-03-17,59.62,home,cash on delivery,new,south,1230.2,9,136.6888888888889,163
CUST_124,INV_4715,2024-01-09,43.98,electronics,credit card,new,south,965.91,10,96.591,165
CUST_910,INV_4716,2024-01-24,114.64,home,upi,loyal,south,983.23,10,98.32300000000001,151
CUST_244,INV_4717,2024-01-15,339.43,books,upi,loyal,south,845.55,9,93.94999999999999,168
CUST_541,INV_4718,2024-06-12,45.1,home,debit card,new,north,922.86,13,70.98923076923077,142
CUST_937,INV_4719,2024-01-13,6.42,home,cash on delivery,returning,north,1849.38,14,132.09857142857143,167
CUST_484,INV_4720,2024-03-31,227.9,electronics,debit card,returning,north,1281.8899999999999,16,80.11812499999999,162
CUST_121,INV_4721,2024-06-20,3.87,beauty,cash on delivery,loyal,east,1001.52,11,91.04727272727273,157
CUST_124,INV_4722,2024-04-10,305.26,beauty,credit card,returning,north,965.91,10,96.591,165
CUST_548,INV_4723,2024-03-11,109.24,books,debit card,loyal,north,588.86,9,65.42888888888889,128
CUST_169,INV_4724,2024-05-01,284.2,home,credit card,returning,west,725.29,8,90.66125,177
CUST_123,INV_4725,2024-03-16,22.27,clothing,credit card,new,west,2252.29,12,187.69083333333333,151
CUST_868,INV_4726,2024-06-12,4.16,books,upi,new,west,823.44,10,82.34400000000001,168
CUST_34,INV_4727,2024-04-25,66.98,beauty,debit card,returning,west,905.3,11,82.3,164
CUST_86,INV_4728,2024-03-01,59.9,electronics,cash on delivery,loyal,north,824.3199999999999,11,74.93818181818182,145
CUST_645,INV_4729,2024-06-16,40.27,beauty,debit card,new,north,1134.8,12,94.56666666666666,158
CUST_707,INV_4730,2024-05-05,316.19,beauty,credit card,loyal,east,693.33,8,86.66625,149
CUST_785,INV_4731,2024-06-03,172.93,electronics,upi,new,south,497.06000000000006,3,165.6866666666667,81
CUST_200,INV_4732,2024-01-01,108.35,home,debit card,returning,south,1145.51,15,76.36733333333333,178
CUST_368,INV_4733,2024-06-10,17.78,home,upi,new,west,721.13,11,65.55727272727273,176
CUST_796,INV_4734,2024-03-08,132.55,beauty,upi,returning,east,1466.08,11,133.28,175
CUST_76,INV_4735,2024-03-28,129.83,books,credit card,loyal,north,257.02,4,64.255,122
CUST_58,INV_4736,2024-01-21,55.35,clothing,debit card,new,south,1328.9,14,94.92142857142858,150
CUST_430,INV_4737,2024-06-09,258.74,books,debit card,loyal,west,792.87,9,88.09666666666666,145
CUST_637,INV_4738,2024-05-14,18.27,books,debit card,loyal,west,1027.08,13,79.00615384615384,145
CUST_499,INV_4739,2024-01-03,31.11,beauty,upi,returning,south,727.19,14,51.94214285714286,170
CUST_912,INV_4740,2024-02-20,6.53,beauty,cash on delivery,loyal,south,1248.99,11,113.54454545454546,158
CUST_108,INV_4741,2024-03-19,158.69,clothing,debit card,new,south,1502.8700000000001,15,100.19133333333335,150
CUST_735,INV_4742,2024-04-04,97.22,clothing,credit card,returning,north,1179.4,14,84.24285714285715,156
CUST_277,INV_4743,2024-05-02,37.82,clothing,upi,returning,south,620.09,13,47.69923076923077,170
CUST_67,INV_4744,2024-01-06,17.89,beauty,cash on delivery,returning,east,823.55,9,91.50555555555555,144
CUST_68,INV_4745,2024-06-05,4.1,beauty,debit card,loyal,east,1342.35,15,89.49,125
CUST_164,INV_4746,2024-01-17,18.24,books,cash on delivery,new,south,633.75,10,63.375,164
CUST_488,INV_4747,2024-04-26,60.38,beauty,upi,new,north,1247.72,11,113.42909090909092,117
CUST_304,INV_4748,2024-02-29,28.39,home,cash on delivery,new,west,751.09,11,68.28090909090909,165
CUST_908,INV_4749,2024-05-29,29.97,home,upi,returning,south,947.69,13,72.89923076923077,157
CUST_673,INV_4750,2024-05-31,208.41,clothing,cash on delivery,returning,south,1697.43,10,169.743,139
CUST_364,INV_4751,2024-05-04,72.39,beauty,cash on delivery,new,south,1129.3899999999999,9,125.48777777777777,175
CUST_853,INV_4752,2024-03-21,130.66,home,upi,loyal,east,665.79,9,73.97666666666666,154
CUST_820,INV_4753,2024-03-25,3.64,books,cash on delivery,returning,east,655.62,7,93.66,174
CUST_378,INV_4754,2024-02-20,45.44,electronics,credit card,new,west,932.3599999999999,7,133.1942857142857,111
CUST_342,INV_4755,2024-06-26,65.23,books,debit card,loyal,north,881.05,13,67.77307692307691,151
CUST_946,INV_4756,2024-05-18,20.63,electronics,cash on delivery,returning,south,1168.55,16,73.034375,160
CUST_898,INV_4757,2024-03-11,12.81,books,cash on delivery,returning,south,909.4,13,69.95384615384616,157
CUST_553,INV_4758,2024-06-18,204.26,home,cash on delivery,returning,south,1940.8,15,129.38666666666666,147
CUST_353,INV_4759,2024-02-08,280.4,beauty,debit card,new,west,1307.47,9,145.27444444444444,129
CUST_415,INV_4760,2024-03-09,8.21,electronics,upi,returning,south,1779.05,10,177.905,132
CUST_108,INV_4761,2024-02-17,42.93,beauty,debit card,returning,east,1502.8700000000001,15,100.19133333333335,150
CUST_562,INV_4762,2024-05-04,317.69,beauty,cash on delivery,loyal,north,1821.19,13,140.09153846153848,176
CUST_761,INV_4763,2024-02-26,8.68,home,upi,new,east,890.0999999999999,9,98.89999999999999,163
CUST_496,INV_4764,2024-01-21,103.18,clothing,cash on delivery,loyal,south,876.26,11,79.66,159
CUST_340,INV_4765,2024-03-22,358.35,clothing,upi,returning,west,709.45,9,78.82777777777778,168
CUST_941,INV_4766,2024-04-08,382.69,electronics,cash on delivery,new,east,796.67,10,79.667,166
CUST_382,INV_4767,2024-05-27,63.72,home,cash on delivery,new,north,1317.6999999999998,10,131.76999999999998,153
CUST_532,INV_4768,2024-01-15,17.76,beauty,upi,returning,west,608.9300000000001,9,67.6588888888889,112
CUST_299,INV_4769,2024-03-09,22.58,books,credit card,new,south,292.94,5,58.588,147
CUST_138,INV_4770,2024-06-27,220.37,books,debit card,new,south,1076.78,10,107.678,169
CUST_358,INV_4771,2024-03-16,242.68,electronics,upi,loyal,west,1136.22,8,142.0275,133
CUST_835,INV_4772,2024-03-02,93.62,electronics,debit card,new,east,915.88,11,83.26181818181819,162
CUST_498,INV_4773,2024-04-28,145.32,electronics,credit card,new,east,1599.85,14,114.27499999999999,143
CUST_384,INV_4774,2024-02-06,134.68,home,credit card,loyal,west,1124.32,8,140.54,160
CUST_603,INV_4775,2024-05-13,108.42,books,upi,returning,east,534.06,10,53.40599999999999,117
CUST_958,INV_4776,2024-01-26,175.61,home,credit card,loyal,north,897.02,9,99.66888888888889,134
CUST_279,INV_4777,2024-01-08,115.65,home,credit card,returning,west,696.17,7,99.45285714285714,162
CUST_636,INV_4778,2024-01-04,76.36,beauty,cash on delivery,returning,north,1154.28,9,128.25333333333333,87
CUST_482,INV_4779,2024-01-21,27.04,home,cash on delivery,returning,west,899.09,11,81.73545454545454,137
CUST_908,INV_4780,2024-06-07,136.21,home,credit card,loyal,north,947.69,13,72.89923076923077,157
CUST_110,INV_4781,2024-05-28,64.14,beauty,cash on delivery,returning,south,3131.33,17,184.19588235294117,168
CUST_865,INV_4782,2024-01-25,34.93,clothing,credit card,loyal,south,636.91,13,48.99307692307692,136
CUST_138,INV_4783,2024-05-22,161.92,beauty,cash on delivery,loyal,east,1076.78,10,107.678,169
CUST_995,INV_4784,2024-06-11,119.31,electronics,credit card,returning,west,1159.33,7,165.6185714285714,127
CUST_434,INV_4785,2024-06-25,277.0,clothing,credit card,returning,south,1873.11,16,117.069375,161
CUST_508,INV_4786,2024-02-12,18.09,books,debit card,loyal,west,749.6,11,68.14545454545454,169
CUST_272,INV_4787,2024-06-17,104.75,home,credit card,loyal,west,1756.03,19,92.42263157894736,152
CUST_98,INV_4788,2024-02-06,28.0,clothing,debit card,returning,north,1488.62,15,99.24133333333333,147
CUST_763,INV_4789,2024-02-11,233.91,books,upi,returning,south,884.46,10,88.446,163
CUST_849,INV_4790,2024-06-23,10.48,beauty,credit card,returning,east,1751.8999999999999,14,125.13571428571427,174
CUST_103,INV_4791,2024-04-01,106.76,beauty,credit card,loyal,east,1251.99,14,89.42785714285715,172
CUST_213,INV_4792,2024-03-01,156.58,electronics,debit card,loyal,east,783.45,10,78.345,103
CUST_760,INV_4793,2024-05-21,43.84,electronics,credit card,loyal,west,1743.15,12,145.26250000000002,141
CUST_663,INV_4794,2024-03-08,308.21,clothing,cash on delivery,returning,east,2021.0,17,118.88235294117646,152
CUST_761,INV_4795,2024-02-22,190.2,home,debit card,new,west,890.0999999999999,9,98.89999999999999,163
CUST_786,INV_4796,2024-03-24,34.9,beauty,debit card,new,south,1196.88,13,92.06769230769231,155
CUST_164,INV_4797,2024-02-03,0.76,clothing,cash on delivery,new,west,633.75,10,63.375,164
CUST_998,INV_4798,2024-03-16,35.19,clothing,credit card,new,east,802.62,9,89.18,156
CUST_852,INV_4799,2024-04-06,33.03,clothing,upi,new,south,1323.13,13,101.77923076923078,126
CUST_519,INV_4800,2024-05-31,220.7,electronics,upi,loyal,east,1053.73,14,75.26642857142858,151
CUST_283,INV_4801,2024-05-27,341.49,beauty,upi,returning,west,1223.8,10,122.38,171
CUST_516,INV_4802,2024-01-30,7.3,electronics,debit card,returning,west,1407.26,13,108.25076923076924,168
CUST_656,INV_4803,2024-03-28,63.73,electronics,debit card,returning,east,1419.27,11,129.02454545454546,135
CUST_612,INV_4804,2024-01-07,79.48,clothing,cash on delivery,returning,south,1710.26,16,106.89125,177
CUST_163,INV_4805,2024-02-05,9.75,books,credit card,returning,west,1121.61,13,86.2776923076923,130
CUST_885,INV_4806,2024-02-07,47.4,books,cash on delivery,new,north,990.19,11,90.01727272727273,143
CUST_658,INV_4807,2024-02-21,38.14,books,debit card,returning,north,1108.12,15,73.87466666666666,158
CUST_63,INV_4808,2024-05-22,76.8,clothing,upi,returning,north,492.82,6,82.13666666666667,148
CUST_90,INV_4809,2024-06-22,108.23,home,credit card,new,north,471.46,5,94.292,165
CUST_116,INV_4810,2024-05-30,121.57,beauty,upi,returning,east,1609.68,13,123.82153846153847,148
CUST_865,INV_4811,2024-05-19,14.71,clothing,credit card,new,west,636.91,13,48.99307692307692,136
CUST_266,INV_4812,2024-06-20,167.64,clothing,upi,new,south,877.1,9,97.45555555555556,160
CUST_821,INV_4813,2024-05-22,113.49,electronics,credit card,loyal,north,2552.8,18,141.82222222222222,162
CUST_684,INV_4814,2024-04-02,219.89,books,upi,returning,east,2119.79,18,117.76611111111112,175
CUST_558,INV_4815,2024-04-16,59.66,clothing,cash on delivery,returning,south,1012.74,15,67.516,163
CUST_139,INV_4816,2024-05-05,224.33,home,debit card,returning,east,1144.72,8,143.09,97
CUST_245,INV_4817,2024-02-18,200.82,beauty,cash on delivery,new,west,731.02,10,73.102,168
CUST_660,INV_4818,2024-01-21,57.7,home,upi,loyal,north,1775.47,16,110.966875,162
CUST_757,INV_4819,2024-01-15,47.99,clothing,credit card,returning,south,1097.94,17,64.58470588235295,170
CUST_394,INV_4820,2024-01-14,270.03,clothing,cash on delivery,new,south,1095.95,8,136.99375,161
CUST_486,INV_4821,2024-02-11,125.58,electronics,upi,new,east,786.74,7,112.39142857142858,170
CUST_475,INV_4822,2024-01-15,263.45,home,debit card,new,east,2205.11,13,169.62384615384616,162
CUST_516,INV_4823,2024-03-03,159.44,electronics,credit card,new,west,1407.26,13,108.25076923076924,168
CUST_976,INV_4824,2024-01-27,93.98,home,cash on delivery,loyal,south,937.01,8,117.12625,114
CUST_183,INV_4825,2024-04-02,12.31,books,debit card,loyal,north,781.65,10,78.16499999999999,119
CUST_19,INV_4826,2024-04-14,34.46,books,upi,new,north,2104.34,10,210.43400000000003,153
CUST_936,INV_4827,2024-02-22,346.87,home,credit card,returning,south,1728.72,15,115.248,153
CUST_557,INV_4828,2024-02-21,38.48,electronics,upi,loyal,south,1240.24,14,88.58857142857143,126
CUST_523,INV_4829,2024-03-03,9.79,books,credit card,returning,west,1222.61,11,111.14636363636363,172
CUST_581,INV_4830,2024-02-26,122.95,clothing,debit card,returning,north,1979.65,13,152.28076923076924,145
CUST_528,INV_4831,2024-04-29,132.43,beauty,debit card,loyal,north,1481.26,10,148.126,171
CUST_882,INV_4832,2024-02-21,33.61,electronics,debit card,returning,east,1199.94,15,79.99600000000001,156
CUST_146,INV_4833,2024-04-16,35.34,home,cash on delivery,loyal,east,1396.88,13,107.4523076923077,172
CUST_665,INV_4834,2024-02-12,63.28,beauty,cash on delivery,loyal,north,1727.89,15,115.19266666666667,146
CUST_303,INV_4835,2024-05-14,2.2,beauty,cash on delivery,returning,south,1490.35,11,135.48636363636362,146
CUST_619,INV_4836,2024-04-26,155.74,clothing,upi,returning,south,1679.21,13,129.17000000000002,165
CUST_747,INV_4837,2024-06-18,38.14,electronics,cash on delivery,new,east,1537.69,11,139.79,145
CUST_819,INV_4838,2024-01-04,192.25,beauty,credit card,loyal,south,963.63,11,87.60272727272728,167
CUST_863,INV_4839,2024-05-12,162.27,electronics,debit card,returning,west,1743.0,12,145.25,141
CUST_581,INV_4840,2024-03-20,108.29,clothing,upi,loyal,south,1979.65,13,152.28076923076924,145
CUST_694,INV_4841,2024-02-10,39.29,home,upi,new,south,958.35,7,136.90714285714287,178
CUST_761,INV_4842,2024-05-11,72.63,beauty,cash on delivery,new,south,890.0999999999999,9,98.89999999999999,163
CUST_227,INV_4843,2024-01-02,58.85,beauty,credit card,new,east,477.6,9,53.06666666666667,175
CUST_101,INV_4844,2024-05-28,41.38,beauty,debit card,new,south,642.11,11,58.373636363636365,156
CUST_586,INV_4845,2024-02-12,188.48,electronics,upi,new,north,725.16,7,103.5942857142857,129
CUST_416,INV_4846,2024-03-22,66.07,beauty,debit card,new,east,448.39,5,89.678,79
CUST_957,INV_4847,2024-04-17,178.81,electronics,credit card,new,south,1402.95,15,93.53,149
CUST_215,INV_4848,2024-05-16,11.12,books,debit card,new,south,1566.6299999999999,12,130.55249999999998,135
CUST_406,INV_4849,2024-06-04,15.2,books,cash on delivery,loyal,west,1119.5,11,101.77272727272727,149
CUST_398,INV_4850,2024-01-26,378.63,electronics,debit card,returning,south,1349.8899999999999,10,134.98899999999998,155
CUST_922,INV_4851,2024-03-22,88.62,books,upi,loyal,east,1106.43,13,85.11,142
CUST_714,INV_4852,2024-03-23,71.29,clothing,cash on delivery,loyal,south,636.83,9,70.75888888888889,165
CUST_703,INV_4853,2024-05-10,74.06,clothing,cash on delivery,returning,east,1227.12,15,81.80799999999999,135
CUST_760,INV_4854,2024-03-13,24.24,books,cash on delivery,returning,north,1743.15,12,145.26250000000002,141
CUST_498,INV_4855,2024-04-09,126.83,home,cash on delivery,new,south,1599.85,14,114.27499999999999,143
CUST_753,INV_4856,2024-02-18,8.86,electronics,upi,returning,east,1313.51,10,131.351,109
CUST_464,INV_4857,2024-05-24,85.17,books,credit card,loyal,north,623.29,8,77.91125,121
CUST_690,INV_4858,2024-03-03,84.58,electronics,credit card,new,east,1153.93,12,96.16083333333334,166
CUST_948,INV_4859,2024-02-24,245.56,books,cash on delivery,loyal,south,643.81,7,91.97285714285714,93
CUST_973,INV_4860,2024-05-30,74.69,clothing,credit card,returning,east,1034.19,15,68.946,168
CUST_730,INV_4861,2024-02-03,14.74,home,upi,loyal,south,618.28,10,61.827999999999996,120
CUST_81,INV_4862,2024-04-14,85.04,electronics,credit card,loyal,east,954.4300000000001,11,86.76636363636364,115
CUST_603,INV_4863,2024-04-14,9.58,home,credit card,new,north,534.06,10,53.40599999999999,117
CUST_946,INV_4864,2024-03-09,22.79,clothing,upi,new,south,1168.55,16,73.034375,160
CUST_686,INV_4865,2024-01-15,3.16,beauty,credit card,loyal,north,778.83,13,59.910000000000004,142
CUST_750,INV_4866,2024-06-23,72.01,beauty,cash on delivery,returning,south,1289.12,13,99.16307692307691,171
CUST_771,INV_4867,2024-01-03,8.83,electronics,cash on delivery,new,east,968.77,12,80.73083333333334,170
CUST_902,INV_4868,2024-06-04,63.37,clothing,upi,loyal,north,1227.18,10,122.718,167
CUST_364,INV_4869,2024-01-03,270.22,electronics,cash on delivery,new,south,1129.3899999999999,9,125.48777777777777,175
CUST_162,INV_4870,2024-04-11,127.21,electronics,cash on delivery,new,north,1730.47,10,173.047,153
CUST_47,INV_4871,2024-01-04,8.06,electronics,cash on delivery,returning,west,1064.54,8,133.0675,157
CUST_510,INV_4872,2024-03-28,25.39,home,cash on delivery,loyal,north,657.49,14,46.96357142857143,136
CUST_328,INV_4873,2024-06-07,111.98,books,cash on delivery,loyal,south,998.94,7,142.7057142857143,113
CUST_839,INV_4874,2024-02-14,225.1,clothing,credit card,loyal,east,1780.11,16,111.256875,135
CUST_115,INV_4875,2024-02-14,3.35,home,upi,loyal,west,515.52,10,51.552,133
CUST_940,INV_4876,2024-03-15,167.37,books,debit card,loyal,west,330.98,6,55.163333333333334,121
CUST_848,INV_4877,2024-06-13,82.51,electronics,upi,new,west,2094.2799999999997,16,130.89249999999998,147
CUST_336,INV_4878,2024-01-09,78.99,beauty,upi,new,north,1099.62,10,109.96199999999999,128
CUST_880,INV_4879,2024-05-24,316.56,home,upi,new,south,1739.45,16,108.715625,135
CUST_736,INV_4880,2024-04-27,137.69,clothing,credit card,new,north,777.28,6,129.54666666666665,122
CUST_863,INV_4881,2024-03-05,189.79,clothing,upi,returning,west,1743.0,12,145.25,141
CUST_839,INV_4882,2024-05-10,43.69,books,upi,returning,west,1780.11,16,111.256875,135
CUST_146,INV_4883,2024-01-26,80.83,home,credit card,loyal,west,1396.88,13,107.4523076923077,172
CUST_574,INV_4884,2024-06-07,95.56,electronics,cash on delivery,returning,north,1145.9,15,76.39333333333335,157
CUST_805,INV_4885,2024-01-26,38.8,books,debit card,new,west,875.45,12,72.95416666666667,171
CUST_322,INV_4886,2024-01-23,84.45,clothing,cash on delivery,new,east,620.87,7,88.69571428571429,150
CUST_442,INV_4887,2024-01-30,27.0,home,upi,new,south,1684.2,14,120.3,146
CUST_836,INV_4888,2024-01-10,15.48,beauty,cash on delivery,new,west,1783.42,12,148.61833333333334,164
CUST_12,INV_4889,2024-03-12,46.84,electronics,credit card,new,south,1189.3700000000001,14,84.95500000000001,160
CUST_942,INV_4890,2024-03-04,134.43,clothing,debit card,loyal,north,1124.26,11,102.20545454545454,165
CUST_493,INV_4891,2024-05-29,247.92,home,cash on delivery,loyal,west,1712.71,17,100.74764705882353,171
CUST_700,INV_4892,2024-05-22,61.2,beauty,upi,new,east,734.36,10,73.436,142
CUST_286,INV_4893,2024-05-02,102.95,clothing,debit card,loyal,west,1970.11,12,164.17583333333332,155
CUST_719,INV_4894,2024-04-14,10.87,beauty,upi,returning,east,1877.88,16,117.3675,140
CUST_113,INV_4895,2024-03-14,234.82,clothing,cash on delivery,returning,east,1221.58,10,122.15799999999999,160
CUST_479,INV_4896,2024-05-27,84.07,books,cash on delivery,new,south,1529.98,12,127.49833333333333,144
CUST_21,INV_4897,2024-04-14,151.57,books,upi,loyal,south,1068.97,15,71.26466666666667,156
CUST_348,INV_4898,2024-02-16,158.2,books,debit card,new,north,1574.46,13,121.1123076923077,126
CUST_725,INV_4899,2024-03-27,29.64,home,debit card,loyal,east,1953.04,22,88.77454545454545,130
CUST_682,INV_4900,2024-02-22,75.33,books,debit card,new,east,735.53,8,91.94125,124
CUST_834,INV_4901,2024-05-08,323.09,home,cash on delivery,new,south,1355.99,11,123.27181818181818,143
CUST_565,INV_4902,2024-01-02,9.39,electronics,cash on delivery,new,north,951.3399999999999,12,79.27833333333332,162
CUST_905,INV_4903,2024-02-27,114.9,books,upi,returning,south,1365.3600000000001,11,124.12363636363638,133
CUST_809,INV_4904,2024-05-26,327.71,home,upi,loyal,south,907.48,7,129.64000000000001,131
CUST_319,INV_4905,2024-03-12,35.75,clothing,credit card,loyal,north,890.6500000000001,9,98.96111111111112,161
CUST_125,INV_4906,2024-05-19,197.65,home,credit card,returning,east,1259.0,12,104.91666666666667,149
CUST_276,INV_4907,2024-06-02,271.29,home,credit card,returning,east,2147.64,14,153.40285714285713,156
CUST_975,INV_4908,2024-01-27,137.47,clothing,upi,loyal,north,646.1899999999999,9,71.79888888888888,171
CUST_203,INV_4909,2024-01-29,26.31,home,debit card,loyal,east,469.57,7,67.08142857142857,132
CUST_193,INV_4910,2024-01-15,40.65,clothing,credit card,new,north,1323.7,13,101.82307692307693,165
CUST_680,INV_4911,2024-06-22,3.65,beauty,upi,new,north,853.41,11,77.58272727272727,169
CUST_663,INV_4912,2024-05-08,178.05,books,cash on delivery,loyal,south,2021.0,17,118.88235294117646,152
CUST_546,INV_4913,2024-02-29,189.45,electronics,debit card,loyal,east,1600.3700000000001,13,123.10538461538462,158
CUST_695,INV_4914,2024-04-16,100.16,home,credit card,new,east,1503.8600000000001,10,150.38600000000002,158
CUST_285,INV_4915,2024-01-03,43.47,clothing,cash on delivery,returning,north,482.17,7,68.88142857142857,134
CUST_56,INV_4916,2024-04-24,7.99,books,debit card,loyal,south,385.46,6,64.24333333333333,131
CUST_733,INV_4917,2024-05-25,139.86,home,debit card,loyal,south,988.9300000000001,12,82.41083333333334,94
CUST_302,INV_4918,2024-02-21,129.65,books,cash on delivery,returning,east,1727.23,14,123.37357142857142,155
CUST_162,INV_4919,2024-02-29,243.73,beauty,credit card,returning,west,1730.47,10,173.047,153
CUST_18,INV_4920,2024-02-03,131.13,home,credit card,returning,north,1436.15,15,95.74333333333334,167
CUST_369,INV_4921,2024-04-05,176.43,clothing,cash on delivery,loyal,east,556.19,7,79.4557142857143,157
CUST_263,INV_4922,2024-03-29,137.02,beauty,cash on delivery,loyal,east,1411.37,8,176.42125,87
CUST_793,INV_4923,2024-02-29,99.61,home,cash on delivery,loyal,west,1227.72,15,81.848,141
CUST_112,INV_4924,2024-06-02,55.68,books,upi,new,west,2010.72,18,111.70666666666666,160
CUST_487,INV_4925,2024-01-19,232.4,beauty,debit card,returning,south,1176.0,10,117.6,140
CUST_326,INV_4926,2024-04-20,105.26,clothing,credit card,returning,south,2143.43,15,142.89533333333333,119
CUST_541,INV_4927,2024-01-22,50.81,home,credit card,new,south,922.86,13,70.98923076923077,142
CUST_646,INV_4928,2024-06-09,8.72,books,cash on delivery,new,south,390.61,5,78.122,158
CUST_578,INV_4929,2024-06-14,34.35,books,debit card,new,north,803.99,8,100.49875,138
CUST_64,INV_4930,2024-05-07,78.47,beauty,cash on delivery,new,west,1123.87,14,80.27642857142857,167
CUST_291,INV_4931,2024-02-04,32.25,home,debit card,returning,east,627.5,6,104.58333333333333,116
CUST_24,INV_4932,2024-04-16,25.0,books,cash on delivery,new,south,1497.66,16,93.60375,163
CUST_548,INV_4933,2024-05-07,74.95,beauty,cash on delivery,new,east,588.86,9,65.42888888888889,128
CUST_0,INV_4934,2024-03-23,18.61,electronics,debit card,returning,north,944.31,16,59.019375,127
CUST_910,INV_4935,2024-05-17,161.15,books,credit card,returning,south,983.23,10,98.32300000000001,151
CUST_548,INV_4936,2024-05-22,66.24,beauty,credit card,returning,north,588.86,9,65.42888888888889,128
CUST_140,INV_4937,2024-05-18,85.3,electronics,upi,returning,south,1463.55,14,104.53928571428571,160
CUST_743,INV_4938,2024-04-20,15.94,beauty,debit card,loyal,east,1296.94,8,162.1175,106
CUST_647,INV_4939,2024-03-30,39.24,books,credit card,loyal,north,622.69,12,51.89083333333334,156
CUST_900,INV_4940,2024-01-24,52.78,electronics,credit card,loyal,south,1352.69,8,169.08625,151
CUST_187,INV_4941,2024-03-17,165.14,beauty,debit card,loyal,east,1219.84,15,81.32266666666666,140
CUST_127,INV_4942,2024-04-10,147.04,home,credit card,returning,east,1051.28,13,80.86769230769231,162
CUST_200,INV_4943,2024-05-11,25.23,electronics,debit card,loyal,east,1145.51,15,76.36733333333333,178
CUST_126,INV_4944,2024-01-13,95.76,beauty,credit card,new,south,547.5600000000001,11,49.77818181818182,167
CUST_256,INV_4945,2024-04-07,27.9,home,cash on delivery,new,east,801.95,5,160.39000000000001,87
CUST_675,INV_4946,2024-04-29,444.37,electronics,debit card,new,east,1513.6100000000001,13,116.43153846153847,143
CUST_546,INV_4947,2024-02-06,303.91,beauty,debit card,loyal,south,1600.3700000000001,13,123.10538461538462,158
CUST_193,INV_4948,2024-02-17,82.84,books,credit card,loyal,north,1323.7,13,101.82307692307693,165
CUST_702,INV_4949,2024-01-01,120.03,electronics,debit card,new,east,1241.85,8,155.23125,164
CUST_103,INV_4950,2024-02-29,161.66,electronics,upi,loyal,south,1251.99,14,89.42785714285715,172
CUST_534,INV_4951,2024-05-19,127.65,home,upi,returning,north,468.87,6,78.145,109
CUST_264,INV_4952,2024-05-28,120.34,beauty,debit card,loyal,east,1034.75,10,103.475,165
CUST_801,INV_4953,2024-05-18,318.34,books,upi,new,south,1939.41,12,161.6175,136
CUST_941,INV_4954,2024-02-13,90.75,home,credit card,new,west,796.67,10,79.667,166
CUST_973,INV_4955,2024-04-24,101.14,electronics,credit card,loyal,south,1034.19,15,68.946,168
CUST_383,INV_4956,2024-04-17,189.23,home,debit card,loyal,east,1846.6,12,153.88333333333333,151
CUST_259,INV_4957,2024-02-13,110.83,home,credit card,new,north,1545.43,13,118.87923076923077,168
CUST_413,INV_4958,2024-03-18,132.03,home,credit card,new,north,1491.01,13,114.69307692307692,176
CUST_990,INV_4959,2024-06-10,26.68,electronics,upi,loyal,north,1127.03,8,140.87875,141
CUST_357,INV_4960,2024-01-25,46.4,clothing,credit card,loyal,east,803.75,7,114.82142857142857,131
CUST_74,INV_4961,2024-05-11,15.93,home,credit card,new,east,1455.28,16,90.955,150
CUST_354,INV_4962,2024-04-25,70.47,clothing,upi,new,north,1420.43,12,118.36916666666667,134
CUST_583,INV_4963,2024-04-28,60.83,books,cash on delivery,new,north,949.73,12,79.14416666666666,167
CUST_770,INV_4964,2024-05-23,586.49,books,debit card,new,north,1317.23,8,164.65375,82
CUST_909,INV_4965,2024-01-10,94.47,books,debit card,new,north,1021.12,7,145.87428571428572,160
CUST_187,INV_4966,2024-04-18,154.39,beauty,cash on delivery,new,south,1219.84,15,81.32266666666666,140
CUST_972,INV_4967,2024-02-04,40.65,electronics,upi,new,east,2206.61,18,122.58944444444445,154
CUST_684,INV_4968,2024-05-13,178.11,clothing,upi,loyal,west,2119.79,18,117.76611111111112,175
CUST_991,INV_4969,2024-01-19,95.47,beauty,credit card,returning,north,640.42,9,71.15777777777777,167
CUST_289,INV_4970,2024-01-08,119.4,clothing,credit card,returning,south,452.74,5,90.548,152
CUST_44,INV_4971,2024-01-10,34.88,electronics,debit card,loyal,west,367.18,7,52.45428571428572,157
CUST_572,INV_4972,2024-06-14,79.55,home,debit card,returning,west,1551.8799999999999,14,110.84857142857142,135
CUST_82,INV_4973,2024-01-29,100.52,beauty,upi,loyal,north,1157.47,10,115.747,151
CUST_122,INV_4974,2024-01-15,88.94,electronics,credit card,loyal,north,1014.54,7,144.93428571428572,145
CUST_357,INV_4975,2024-03-27,246.74,beauty,upi,loyal,south,803.75,7,114.82142857142857,131
CUST_527,INV_4976,2024-01-23,228.55,books,cash on delivery,loyal,north,1312.62,12,109.38499999999999,133
CUST_65,INV_4977,2024-02-15,353.99,beauty,debit card,returning,west,1054.71,8,131.83875,173
CUST_935,INV_4978,2024-01-28,110.09,home,debit card,loyal,north,2032.24,18,112.90222222222222,169
CUST_656,INV_4979,2024-01-26,357.25,home,upi,new,south,1419.27,11,129.02454545454546,135
CUST_374,INV_4980,2024-01-10,178.66,clothing,credit card,loyal,south,1235.58,13,95.04461538461538,162
CUST_161,INV_4981,2024-06-23,31.59,beauty,credit card,returning,south,788.74,12,65.72833333333334,173
CUST_745,INV_4982,2024-01-04,55.76,books,cash on delivery,returning,south,789.68,7,112.81142857142856,163
CUST_379,INV_4983,2024-02-24,27.23,home,cash on delivery,returning,south,961.96,11,87.4509090909091,168
CUST_655,INV_4984,2024-03-06,0.42,clothing,cash on delivery,returning,north,409.7,8,51.2125,142
CUST_357,INV_4985,2024-03-07,20.83,books,upi,new,east,803.75,7,114.82142857142857,131
CUST_187,INV_4986,2024-05-14,0.41,books,debit card,loyal,south,1219.84,15,81.32266666666666,140
CUST_321,INV_4987,2024-02-24,127.24,books,upi,new,east,427.93,6,71.32166666666667,120
CUST_449,INV_4988,2024-01-31,55.43,electronics,upi,loyal,north,1535.53,15,102.36866666666667,160
CUST_473,INV_4989,2024-03-14,37.48,home,credit card,loyal,south,1449.27,12,120.7725,163
CUST_12,INV_4990,2024-01-19,143.43,electronics,cash on delivery,new,east,1189.3700000000001,14,84.95500000000001,160
CUST_183,INV_4991,2024-06-04,178.67,electronics,debit card,new,east,781.65,10,78.16499999999999,119
CUST_110,INV_4992,2024-03-21,370.09,home,cash on delivery,returning,west,3131.33,17,184.19588235294117,168
CUST_926,INV_4993,2024-06-04,102.73,beauty,cash on delivery,loyal,east,976.71,8,122.08875,158
CUST_507,INV_4994,2024-05-26,61.9,clothing,cash on delivery,loyal,west,879.5,12,73.29166666666667,167
CUST_289,INV_4995,2024-03-27,36.42,home,debit card,loyal,west,452.74,5,90.548,152
CUST_294,INV_4996,2024-01-20,25.14,clothing,credit card,loyal,east,2038.52,9,226.50222222222223,152
CUST_450,INV_4997,2024-01-13,23.94,beauty,debit card,loyal,west,990.25,9,110.02777777777777,110
CUST_903,INV_4998,2024-03-17,52.63,home,debit card,loyal,east,1026.3,8,128.2875,158
CUST_214,INV_4999,2024-02-12,480.2,books,credit card,returning,west,1047.22,10,104.72200000000001,142
CUST_973,INV_5000,2024-05-18,0.09,home,debit card,loyal,south,1034.19,15,68.946,168
CUST_631,INV_5001,2024-06-24,21.97,beauty,debit card,returning,south,334.24,7,47.74857142857143,129
CUST_893,INV_5002,2024-05-22,20.87,electronics,upi,loyal,south,520.47,9,57.830000000000005,142
CUST_566,INV_5003,2024-05-24,126.27,home,debit card,loyal,east,968.67,13,74.51307692307692,111
CUST_26,INV_5004,2024-02-19,43.46,books,upi,new,east,591.45,8,73.93125,155
CUST_629,INV_5005,2024-01-28,61.11,home,upi,loyal,north,1015.25,13,78.09615384615384,153
CUST_732,INV_5006,2024-01-04,16.09,electronics,upi,new,east,586.39,9,65.15444444444444,176
CUST_230,INV_5007,2024-01-22,51.92,home,cash on delivery,new,north,415.83,9,46.20333333333333,125
CUST_564,INV_5008,2024-04-28,10.89,books,credit card,new,north,1502.43,8,187.80375,93
CUST_806,INV_5009,2024-04-10,76.15,beauty,cash on delivery,returning,south,1409.26,10,140.926,157
CUST_320,INV_5010,2024-02-08,10.31,books,credit card,new,east,622.88,8,77.86,121
CUST_912,INV_5011,2024-02-03,156.31,beauty,debit card,new,east,1248.99,11,113.54454545454546,158
CUST_232,INV_5012,2024-04-06,83.61,books,upi,new,north,1707.56,16,106.7225,153
CUST_669,INV_5013,2024-02-13,128.72,clothing,cash on delivery,loyal,north,1120.45,16,70.028125,153
CUST_436,INV_5014,2024-06-18,54.22,home,debit card,returning,east,1149.4,8,143.675,152
CUST_780,INV_5015,2024-02-09,48.04,home,cash on delivery,returning,north,1254.05,14,89.575,168
CUST_532,INV_5016,2024-04-06,10.34,electronics,debit card,returning,east,608.9300000000001,9,67.6588888888889,112
CUST_402,INV_5017,2024-05-19,74.2,clothing,cash on delivery,returning,east,1076.0,7,153.71428571428572,163
CUST_52,INV_5018,2024-05-09,72.26,electronics,debit card,loyal,west,946.78,11,86.07090909090908,140
CUST_786,INV_5019,2024-06-04,63.13,home,debit card,new,north,1196.88,13,92.06769230769231,155
CUST_312,INV_5020,2024-03-14,134.91,electronics,cash on delivery,loyal,south,1643.46,13,126.42,152
CUST_280,INV_5021,2024-03-26,178.68,beauty,debit card,returning,east,725.73,7,103.67571428571429,162
CUST_725,INV_5022,2024-03-30,138.95,clothing,upi,loyal,north,1953.04,22,88.77454545454545,130
CUST_30,INV_5023,2024-03-07,15.53,books,upi,loyal,north,356.78,6,59.46333333333333,102
CUST_336,INV_5024,2024-03-16,97.3,beauty,upi,returning,north,1099.62,10,109.96199999999999,128
CUST_182,INV_5025,2024-04-01,8.37,books,upi,new,east,1836.42,14,131.17285714285714,157
CUST_22,INV_5026,2024-01-10,118.62,electronics,credit card,loyal,east,707.1,8,88.3875,172
CUST_543,INV_5027,2024-03-26,48.1,home,cash on delivery,returning,east,729.12,10,72.912,179
CUST_445,INV_5028,2024-04-11,14.21,beauty,upi,loyal,north,794.53,11,72.23,146
CUST_73,INV_5029,2024-04-17,198.09,clothing,upi,loyal,south,905.9300000000001,8,113.24125000000001,105
CUST_9,INV_5030,2024-06-13,95.19,books,upi,loyal,west,883.4699999999999,13,67.95923076923076,156
CUST_483,INV_5031,2024-03-31,43.81,beauty,credit card,new,south,438.87,5,87.774,54
CUST_455,INV_5032,2024-03-19,3.12,home,cash on delivery,loyal,east,524.64,9,58.29333333333333,127
CUST_565,INV_5033,2024-03-26,77.07,clothing,debit card,loyal,east,951.3399999999999,12,79.27833333333332,162
CUST_563,INV_5034,2024-04-16,256.69,clothing,credit card,new,east,1167.36,10,116.73599999999999,159
CUST_659,INV_5035,2024-06-16,90.73,books,upi,loyal,south,1856.52,14,132.60857142857142,164
CUST_159,INV_5036,2024-04-10,356.31,beauty,upi,loyal,south,1512.87,10,151.28699999999998,156
CUST_881,INV_5037,2024-04-17,14.67,beauty,credit card,new,east,900.24,9,100.02666666666667,79
CUST_13,INV_5038,2024-02-29,84.0,clothing,cash on delivery,returning,west,778.9,10,77.89,76
CUST_177,INV_5039,2024-02-17,160.01,electronics,cash on delivery,loyal,west,1067.21,8,133.40125,124
CUST_411,INV_5040,2024-04-26,74.56,clothing,debit card,returning,north,1097.61,9,121.95666666666665,163
CUST_877,INV_5041,2024-04-15,9.55,home,credit card,returning,south,579.99,9,64.44333333333333,92
CUST_52,INV_5042,2024-05-26,87.44,beauty,cash on delivery,returning,west,946.78,11,86.07090909090908,140
CUST_407,INV_5043,2024-02-02,94.61,books,credit card,new,east,917.11,9,101.9011111111111,106
CUST_846,INV_5044,2024-02-13,130.46,beauty,cash on delivery,new,south,982.58,7,140.36857142857144,118
CUST_21,INV_5045,2024-06-13,143.22,clothing,cash on delivery,loyal,north,1068.97,15,71.26466666666667,156
CUST_29,INV_5046,2024-04-21,147.3,home,upi,returning,north,474.03,7,67.71857142857142,99
CUST_702,INV_5047,2024-03-29,108.9,electronics,cash on delivery,new,south,1241.85,8,155.23125,164
CUST_259,INV_5048,2024-02-05,24.31,beauty,cash on delivery,new,east,1545.43,13,118.87923076923077,168
CUST_204,INV_5049,2024-03-21,51.79,clothing,credit card,returning,west,604.12,8,75.515,120
CUST_58,INV_5050,2024-03-28,149.67,clothing,cash on delivery,new,south,1328.9,14,94.92142857142858,150
CUST_470,INV_5051,2024-05-28,306.67,clothing,cash on delivery,returning,east,1379.5900000000001,17,81.15235294117647,166
CUST_775,INV_5052,2024-05-09,8.22,home,credit card,new,south,1331.75,19,70.09210526315789,129
CUST_465,INV_5053,2024-01-31,76.69,clothing,cash on delivery,returning,north,396.40999999999997,7,56.629999999999995,137
CUST_11,INV_5054,2024-04-17,37.47,clothing,credit card,new,south,2019.26,18,112.18111111111111,160
CUST_630,INV_5055,2024-01-30,25.54,clothing,credit card,new,east,1144.15,11,104.01363636363637,164
CUST_926,INV_5056,2024-06-20,70.48,beauty,credit card,new,east,976.71,8,122.08875,158
CUST_973,INV_5057,2024-01-12,93.16,clothing,credit card,new,north,1034.19,15,68.946,168
CUST_289,INV_5058,2024-02-20,0.98,home,upi,returning,east,452.74,5,90.548,152
CUST_849,INV_5059,2024-04-30,151.51,beauty,upi,loyal,east,1751.8999999999999,14,125.13571428571427,174
CUST_759,INV_5060,2024-06-25,171.41,clothing,upi,loyal,north,751.3000000000001,6,125.21666666666668,176
CUST_353,INV_5061,2024-05-31,336.71,electronics,upi,new,east,1307.47,9,145.27444444444444,129
CUST_638,INV_5062,2024-05-31,19.92,home,credit card,loyal,east,1112.73,10,111.273,162
CUST_74,INV_5063,2024-05-18,90.28,electronics,credit card,new,south,1455.28,16,90.955,150
CUST_872,INV_5064,2024-01-13,55.62,home,credit card,loyal,south,1664.3799999999999,9,184.9311111111111,146
CUST_715,INV_5065,2024-03-31,40.77,electronics,credit card,new,south,1019.37,7,145.62428571428572,162
CUST_560,INV_5066,2024-03-14,83.39,clothing,upi,loyal,south,1191.05,12,99.25416666666666,167
CUST_590,INV_5067,2024-01-20,152.5,electronics,cash on delivery,loyal,west,609.6800000000001,7,87.09714285714287,65
CUST_440,INV_5068,2024-03-12,2.33,electronics,upi,new,south,952.15,14,68.01071428571429,154
CUST_990,INV_5069,2024-03-13,348.68,home,credit card,loyal,south,1127.03,8,140.87875,141
CUST_240,INV_5070,2024-03-11,166.01,clothing,credit card,new,south,453.83,6,75.63833333333334,98
CUST_860,INV_5071,2024-03-18,139.09,home,cash on delivery,loyal,north,859.3199999999999,9,95.47999999999999,148
CUST_153,INV_5072,2024-01-28,142.87,clothing,credit card,returning,south,2354.16,19,123.90315789473684,138
CUST_785,INV_5073,2024-05-09,49.28,books,cash on delivery,returning,west,497.06000000000006,3,165.6866666666667,81
CUST_95,INV_5074,2024-04-30,139.28,beauty,credit card,returning,west,922.15,11,83.83181818181818,172
CUST_725,INV_5075,2024-02-12,48.9,beauty,cash on delivery,new,west,1953.04,22,88.77454545454545,130
CUST_293,INV_5076,2024-01-08,228.97,home,debit card,new,east,1691.33,13,130.10230769230768,168
CUST_208,INV_5077,2024-01-13,19.51,clothing,debit card,new,north,691.4,10,69.14,156
CUST_342,INV_5078,2024-04-20,34.58,electronics,debit card,returning,south,881.05,13,67.77307692307691,151
CUST_87,INV_5079,2024-02-04,80.15,beauty,debit card,loyal,south,869.63,11,79.05727272727273,164
CUST_817,INV_5080,2024-01-23,38.45,home,credit card,new,east,212.51,5,42.501999999999995,118
CUST_775,INV_5081,2024-02-15,55.21,home,credit card,returning,north,1331.75,19,70.09210526315789,129
CUST_936,INV_5082,2024-01-15,67.81,home,credit card,new,east,1728.72,15,115.248,153
CUST_389,INV_5083,2024-05-09,194.04,clothing,debit card,new,west,1622.9,15,108.19333333333334,171
CUST_324,INV_5084,2024-03-01,74.06,home,cash on delivery,loyal,east,831.17,8,103.89625,145
CUST_939,INV_5085,2024-04-24,45.01,books,cash on delivery,new,north,1461.0900000000001,15,97.406,141
CUST_888,INV_5086,2024-03-04,28.47,electronics,debit card,new,east,922.5,13,70.96153846153847,151
CUST_831,INV_5087,2024-02-21,52.54,home,credit card,loyal,north,1121.82,13,86.29384615384615,139
CUST_156,INV_5088,2024-06-12,72.51,clothing,debit card,new,east,1096.8,10,109.67999999999999,146
CUST_667,INV_5089,2024-03-09,137.09,electronics,upi,new,north,656.47,6,109.41166666666668,162
CUST_650,INV_5090,2024-03-07,12.9,electronics,cash on delivery,loyal,south,461.28000000000003,8,57.660000000000004,136
CUST_632,INV_5091,2024-06-23,25.05,beauty,debit card,new,west,1241.67,7,177.3814285714286,168
CUST_576,INV_5092,2024-03-23,47.75,home,debit card,new,north,356.34999999999997,5,71.27,88
CUST_618,INV_5093,2024-01-02,44.69,home,debit card,returning,east,1557.1,10,155.70999999999998,161
CUST_658,INV_5094,2024-06-20,49.72,clothing,debit card,loyal,east,1108.12,15,73.87466666666666,158
CUST_136,INV_5095,2024-03-18,157.76,books,credit card,returning,west,1410.93,14,100.7807142857143,166
CUST_922,INV_5096,2024-01-28,39.18,books,cash on delivery,loyal,south,1106.43,13,85.11,142
CUST_673,INV_5097,2024-02-23,69.7,beauty,upi,new,south,1697.43,10,169.743,139
CUST_427,INV_5098,2024-03-07,97.79,books,credit card,returning,south,618.85,10,61.885000000000005,172
CUST_451,INV_5099,2024-06-12,26.42,clothing,debit card,returning,north,920.62,11,83.69272727272727,161
CUST_611,INV_5100,2024-04-11,126.83,beauty,debit card,returning,west,1114.33,12,92.86083333333333,172
CUST_849,INV_5101,2024-04-29,79.21,home,debit card,returning,north,1751.8999999999999,14,125.13571428571427,174
CUST_910,INV_5102,2024-06-01,59.2,books,debit card,loyal,north,983.23,10,98.32300000000001,151
CUST_818,INV_5103,2024-02-17,165.96,clothing,cash on delivery,new,north,736.22,10,73.622,148
CUST_140,INV_5104,2024-06-15,27.9,clothing,debit card,new,north,1463.55,14,104.53928571428571,160
CUST_82,INV_5105,2024-02-16,214.71,home,upi,returning,east,1157.47,10,115.747,151
CUST_176,INV_5106,2024-01-21,82.34,clothing,credit card,new,east,1919.6100000000001,12,159.9675,145
CUST_197,INV_5107,2024-06-06,93.95,beauty,cash on delivery,new,east,939.88,9,104.43111111111111,139
CUST_623,INV_5108,2024-04-01,207.99,beauty,debit card,loyal,north,1397.65,9,155.29444444444445,144
CUST_567,INV_5109,2024-06-07,170.15,electronics,upi,new,south,1221.72,8,152.715,142
CUST_971,INV_5110,2024-04-30,92.02,home,credit card,new,east,658.75,8,82.34375,161
CUST_690,INV_5111,2024-04-25,139.91,clothing,credit card,new,west,1153.93,12,96.16083333333334,166
CUST_420,INV_5112,2024-06-02,56.8,books,cash on delivery,new,east,633.8100000000001,10,63.38100000000001,146
CUST_400,INV_5113,2024-05-29,79.27,beauty,credit card,returning,north,2887.32,18,160.40666666666667,165
CUST_697,INV_5114,2024-05-28,6.41,home,debit card,loyal,north,807.16,10,80.716,150
CUST_470,INV_5115,2024-01-01,9.42,home,debit card,loyal,north,1379.5900000000001,17,81.15235294117647,166
CUST_217,INV_5116,2024-06-13,176.86,beauty,upi,loyal,east,1137.8400000000001,13,87.52615384615386,138
CUST_924,INV_5117,2024-03-17,6.15,electronics,upi,new,south,1477.36,17,86.9035294117647,156
CUST_928,INV_5118,2024-03-25,18.56,home,credit card,returning,north,1642.5,21,78.21428571428571,169
CUST_827,INV_5119,2024-02-15,158.88,clothing,cash on delivery,loyal,west,1576.78,15,105.11866666666667,163
CUST_986,INV_5120,2024-05-16,0.11,books,debit card,returning,north,782.36,10,78.236,154
CUST_728,INV_5121,2024-05-24,33.18,books,credit card,loyal,south,808.54,9,89.83777777777777,142
CUST_631,INV_5122,2024-02-16,87.72,beauty,cash on delivery,returning,south,334.24,7,47.74857142857143,129
CUST_950,INV_5123,2024-02-28,90.5,home,credit card,new,south,1161.93,8,145.24125,109
CUST_905,INV_5124,2024-02-23,150.13,books,cash on delivery,new,north,1365.3600000000001,11,124.12363636363638,133
CUST_174,INV_5125,2024-03-26,70.51,home,upi,loyal,west,815.64,11,74.1490909090909,134
CUST_22,INV_5126,2024-01-12,71.21,beauty,debit card,loyal,west,707.1,8,88.3875,172
CUST_724,INV_5127,2024-01-06,129.21,electronics,upi,loyal,north,611.95,10,61.19500000000001,167
CUST_916,INV_5128,2024-02-22,69.04,books,debit card,new,east,1850.32,16,115.645,127
CUST_234,INV_5129,2024-05-23,93.77,clothing,cash on delivery,new,east,658.28,10,65.828,156
CUST_12,INV_5130,2024-03-30,228.06,beauty,cash on delivery,loyal,west,1189.3700000000001,14,84.95500000000001,160
CUST_100,INV_5131,2024-01-05,51.32,electronics,credit card,loyal,east,1127.27,11,102.47909090909091,167
CUST_928,INV_5132,2024-03-13,48.63,clothing,cash on delivery,new,east,1642.5,21,78.21428571428571,169
CUST_535,INV_5133,2024-06-22,0.36,clothing,cash on delivery,loyal,west,433.76,8,54.22,147
CUST_875,INV_5134,2024-01-14,95.04,books,credit card,loyal,east,625.1,10,62.510000000000005,162
CUST_522,INV_5135,2024-06-20,3.02,home,credit card,loyal,east,659.8299999999999,11,59.98454545454545,165
CUST_784,INV_5136,2024-04-15,70.15,beauty,debit card,new,north,1441.15,13,110.85769230769232,156
CUST_451,INV_5137,2024-02-21,163.08,clothing,cash on delivery,new,east,920.62,11,83.69272727272727,161
CUST_430,INV_5138,2024-04-25,79.83,books,credit card,returning,west,792.87,9,88.09666666666666,145
CUST_792,INV_5139,2024-01-26,31.42,electronics,debit card,returning,north,743.33,8,92.91625,119
CUST_605,INV_5140,2024-02-22,154.26,clothing,debit card,returning,west,1590.42,12,132.535,164
CUST_712,INV_5141,2024-04-18,31.43,electronics,upi,returning,north,691.0600000000001,6,115.17666666666668,77
CUST_532,INV_5142,2024-01-29,132.06,beauty,credit card,loyal,west,608.9300000000001,9,67.6588888888889,112
CUST_851,INV_5143,2024-01-19,94.23,books,upi,new,south,1729.42,13,133.0323076923077,160
CUST_978,INV_5144,2024-02-16,18.63,electronics,debit card,new,north,838.39,6,139.73166666666665,133
CUST_722,INV_5145,2024-05-15,235.53,home,cash on delivery,returning,north,649.23,4,162.3075,106
CUST_651,INV_5146,2024-01-23,22.39,electronics,credit card,loyal,north,474.01,8,59.25125,155
CUST_292,INV_5147,2024-04-26,456.47,electronics,credit card,new,west,1356.77,9,150.75222222222223,141
CUST_809,INV_5148,2024-04-15,0.73,books,debit card,new,south,907.48,7,129.64000000000001,131
CUST_912,INV_5149,2024-06-11,30.58,books,credit card,loyal,north,1248.99,11,113.54454545454546,158
CUST_100,INV_5150,2024-02-22,22.3,clothing,debit card,loyal,south,1127.27,11,102.47909090909091,167
CUST_501,INV_5151,2024-04-05,1.41,electronics,credit card,returning,east,1046.85,9,116.31666666666666,112
CUST_303,INV_5152,2024-01-05,131.81,electronics,credit card,returning,north,1490.35,11,135.48636363636362,146
CUST_870,INV_5153,2024-01-16,118.23,books,cash on delivery,loyal,east,1217.66,12,101.47166666666668,169
CUST_539,INV_5154,2024-01-17,157.19,home,debit card,new,north,1091.96,14,77.99714285714286,168
CUST_552,INV_5155,2024-06-08,29.67,books,upi,loyal,south,966.34,10,96.634,166
CUST_354,INV_5156,2024-04-11,58.76,home,cash on delivery,loyal,east,1420.43,12,118.36916666666667,134
CUST_302,INV_5157,2024-06-28,107.62,books,debit card,new,west,1727.23,14,123.37357142857142,155
CUST_495,INV_5158,2024-01-20,57.94,beauty,credit card,new,north,1322.4,8,165.3,129
CUST_657,INV_5159,2024-04-21,119.51,electronics,debit card,returning,north,1862.21,16,116.388125,146
CUST_767,INV_5160,2024-04-29,100.5,home,debit card,loyal,south,957.02,10,95.702,163
CUST_973,INV_5161,2024-04-20,12.18,beauty,cash on delivery,returning,west,1034.19,15,68.946,168
CUST_226,INV_5162,2024-01-01,151.89,home,debit card,loyal,north,1139.4,13,87.64615384615385,178
CUST_235,INV_5163,2024-02-27,127.54,clothing,credit card,loyal,east,703.51,9,78.16777777777777,120
CUST_872,INV_5164,2024-04-02,106.66,clothing,upi,new,west,1664.3799999999999,9,184.9311111111111,146
CUST_891,INV_5165,2024-06-20,16.85,electronics,upi,loyal,west,1044.83,10,104.48299999999999,139
CUST_454,INV_5166,2024-01-06,31.2,beauty,credit card,loyal,south,1356.76,14,96.91142857142857,178
CUST_12,INV_5167,2024-04-17,49.95,beauty,upi,new,east,1189.3700000000001,14,84.95500000000001,160
CUST_209,INV_5168,2024-04-12,32.84,clothing,cash on delivery,new,east,1118.48,11,101.68,159
CUST_740,INV_5169,2024-02-19,25.85,electronics,debit card,new,north,683.99,8,85.49875,81
CUST_396,INV_5170,2024-04-27,163.66,clothing,debit card,loyal,north,1235.97,10,123.59700000000001,163
CUST_99,INV_5171,2024-04-19,101.68,beauty,upi,new,west,591.23,7,84.46142857142857,164
CUST_30,INV_5172,2024-03-28,83.35,home,upi,loyal,west,356.78,6,59.46333333333333,102
CUST_897,INV_5173,2024-01-20,25.61,beauty,upi,returning,south,482.14,7,68.87714285714286,149
CUST_527,INV_5174,2024-01-14,250.2,electronics,cash on delivery,new,west,1312.62,12,109.38499999999999,133
CUST_648,INV_5175,2024-05-12,21.22,beauty,debit card,returning,south,1229.63,9,136.62555555555556,135
CUST_328,INV_5176,2024-06-17,158.45,books,debit card,returning,south,998.94,7,142.7057142857143,113
CUST_165,INV_5177,2024-02-09,340.14,beauty,credit card,new,east,1617.77,12,134.81416666666667,131
CUST_458,INV_5178,2024-02-03,129.86,books,credit card,new,east,1730.79,13,133.1376923076923,145
CUST_821,INV_5179,2024-05-03,494.19,clothing,cash on delivery,loyal,west,2552.8,18,141.82222222222222,162
CUST_951,INV_5180,2024-02-14,105.28,books,debit card,new,west,1323.99,12,110.3325,141
CUST_981,INV_5181,2024-03-20,24.52,beauty,debit card,returning,east,770.97,8,96.37125,93
CUST_992,INV_5182,2024-03-11,22.79,beauty,credit card,returning,west,1168.02,12,97.335,121
CUST_99,INV_5183,2024-06-03,39.24,beauty,credit card,returning,east,591.23,7,84.46142857142857,164
CUST_620,INV_5184,2024-03-18,0.72,electronics,debit card,loyal,north,549.15,10,54.915,172
CUST_854,INV_5185,2024-03-18,114.48,clothing,cash on delivery,loyal,west,992.4300000000001,13,76.34076923076924,171
CUST_172,INV_5186,2024-06-20,31.29,books,upi,new,south,765.0500000000001,11,69.55000000000001,160
CUST_748,INV_5187,2024-02-02,168.84,home,cash on delivery,new,north,1357.18,13,104.39846153846155,125
CUST_161,INV_5188,2024-02-02,44.5,books,debit card,new,north,788.74,12,65.72833333333334,173
CUST_904,INV_5189,2024-02-13,65.38,beauty,upi,returning,west,1353.9,11,123.08181818181819,166
CUST_727,INV_5190,2024-01-20,337.23,home,cash on delivery,returning,east,1229.15,12,102.42916666666667,160
CUST_775,INV_5191,2024-04-20,27.73,home,cash on delivery,returning,south,1331.75,19,70.09210526315789,129
CUST_262,INV_5192,2024-06-12,127.75,books,debit card,new,east,639.98,7,91.42571428571429,147
CUST_803,INV_5193,2024-01-07,140.7,books,credit card,new,west,917.4300000000001,14,65.5307142857143,157
CUST_273,INV_5194,2024-06-08,24.97,books,cash on delivery,returning,east,952.6199999999999,10,95.26199999999999,152
CUST_2,INV_5195,2024-06-15,69.51,books,cash on delivery,new,west,1273.6599999999999,9,141.51777777777775,150
CUST_27,INV_5196,2024-01-24,43.11,clothing,credit card,loyal,west,947.5699999999999,9,105.28555555555555,161
CUST_325,INV_5197,2024-03-10,147.8,electronics,cash on delivery,new,south,849.9300000000001,9,94.43666666666667,159
CUST_939,INV_5198,2024-04-21,97.41,electronics,cash on delivery,returning,west,1461.0900000000001,15,97.406,141
CUST_148,INV_5199,2024-04-13,64.62,books,credit card,new,south,1127.95,11,102.5409090909091,178
CUST_539,INV_5200,2024-02-23,151.12,electronics,debit card,loyal,north,1091.96,14,77.99714285714286,168
CUST_487,INV_5201,2024-02-07,26.81,books,debit card,returning,east,1176.0,10,117.6,140
CUST_821,INV_5202,2024-03-14,140.09,books,debit card,new,west,2552.8,18,141.82222222222222,162
CUST_437,INV_5203,2024-03-20,200.53,books,upi,new,east,766.99,12,63.91583333333333,121
CUST_64,INV_5204,2024-02-01,210.88,clothing,debit card,new,east,1123.87,14,80.27642857142857,167
CUST_355,INV_5205,2024-02-14,153.1,beauty,upi,new,south,1291.94,10,129.19400000000002,158
CUST_532,INV_5206,2024-03-01,52.43,electronics,upi,loyal,east,608.9300000000001,9,67.6588888888889,112
CUST_251,INV_5207,2024-02-22,400.68,electronics,upi,new,east,1249.58,6,208.26333333333332,120
CUST_234,INV_5208,2024-05-07,47.74,clothing,credit card,new,east,658.28,10,65.828,156
CUST_226,INV_5209,2024-06-27,101.78,clothing,upi,returning,west,1139.4,13,87.64615384615385,178
CUST_524,INV_5210,2024-03-16,17.56,books,upi,loyal,east,1104.35,12,92.02916666666665,130
CUST_312,INV_5211,2024-01-27,393.47,books,credit card,returning,north,1643.46,13,126.42,152
CUST_48,INV_5212,2024-06-14,121.73,beauty,cash on delivery,loyal,south,818.66,11,74.42363636363636,164
CUST_117,INV_5213,2024-03-02,139.99,electronics,cash on delivery,new,north,2229.23,16,139.326875,150
CUST_53,INV_5214,2024-01-18,6.8,clothing,upi,loyal,south,1002.76,12,83.56333333333333,144
CUST_649,INV_5215,2024-05-06,144.15,beauty,debit card,returning,east,1150.4,12,95.86666666666667,151
CUST_564,INV_5216,2024-04-18,149.04,electronics,cash on delivery,new,south,1502.43,8,187.80375,93
CUST_43,INV_5217,2024-04-12,111.4,beauty,debit card,returning,west,1212.72,10,121.272,135
CUST_814,INV_5218,2024-03-17,34.52,beauty,credit card,returning,west,1539.8899999999999,11,139.98999999999998,166
CUST_52,INV_5219,2024-04-26,67.27,books,cash on delivery,loyal,north,946.78,11,86.07090909090908,140
CUST_585,INV_5220,2024-04-13,11.7,beauty,credit card,new,west,685.78,10,68.578,150
CUST_557,INV_5221,2024-06-06,63.79,books,upi,returning,east,1240.24,14,88.58857142857143,126
CUST_524,INV_5222,2024-02-18,27.95,electronics,cash on delivery,returning,north,1104.35,12,92.02916666666665,130
CUST_676,INV_5223,2024-06-17,42.94,electronics,upi,loyal,north,487.63,7,69.66142857142857,144
CUST_101,INV_5224,2024-04-25,17.75,books,upi,returning,north,642.11,11,58.373636363636365,156
CUST_791,INV_5225,2024-05-20,26.14,home,credit card,new,west,862.3,11,78.39090909090909,159
CUST_769,INV_5226,2024-06-10,7.97,beauty,cash on delivery,new,south,996.21,11,90.56454545454545,137
CUST_981,INV_5227,2024-04-09,252.45,electronics,cash on delivery,loyal,west,770.97,8,96.37125,93
CUST_848,INV_5228,2024-05-04,75.59,beauty,cash on delivery,returning,north,2094.2799999999997,16,130.89249999999998,147
CUST_867,INV_5229,2024-01-25,50.54,home,upi,loyal,south,605.92,9,67.32444444444444,153
CUST_397,INV_5230,2024-05-07,76.58,beauty,cash on delivery,loyal,north,692.7,8,86.5875,90
CUST_137,INV_5231,2024-04-09,98.96,home,debit card,returning,north,761.34,7,108.76285714285714,127
CUST_674,INV_5232,2024-05-25,254.95,clothing,debit card,new,south,1646.9099999999999,12,137.24249999999998,145
CUST_920,INV_5233,2024-01-05,19.69,home,upi,loyal,south,1876.07,18,104.22611111111111,169
CUST_386,INV_5234,2024-01-19,35.03,electronics,credit card,new,north,2344.88,16,146.555,158
CUST_110,INV_5235,2024-06-18,372.1,books,debit card,new,north,3131.33,17,184.19588235294117,168
CUST_613,INV_5236,2024-01-18,46.39,books,credit card,returning,west,425.91999999999996,7,60.84571428571428,138
CUST_16,INV_5237,2024-04-30,2.28,beauty,cash on delivery,returning,west,875.55,13,67.35,151
CUST_779,INV_5238,2024-02-01,15.98,clothing,debit card,new,west,603.65,9,67.07222222222222,153
CUST_181,INV_5239,2024-05-28,2.67,beauty,upi,new,east,1221.8700000000001,12,101.8225,149
CUST_883,INV_5240,2024-01-10,459.75,home,upi,new,north,1316.5900000000001,13,101.27615384615386,174
CUST_535,INV_5241,2024-02-06,32.69,books,credit card,loyal,west,433.76,8,54.22,147
CUST_540,INV_5242,2024-06-25,257.1,home,upi,new,north,1001.1500000000001,9,111.2388888888889,169
CUST_170,INV_5243,2024-03-26,549.34,books,credit card,loyal,east,2201.4,13,169.33846153846156,157
CUST_408,INV_5244,2024-01-13,91.59,books,credit card,returning,west,473.27,5,94.654,161
CUST_739,INV_5245,2024-05-24,3.38,books,debit card,returning,west,1467.28,10,146.728,164
CUST_377,INV_5246,2024-01-09,8.51,electronics,debit card,new,north,1043.45,13,80.26538461538462,166
CUST_187,INV_5247,2024-03-28,65.7,home,upi,returning,north,1219.84,15,81.32266666666666,140
CUST_857,INV_5248,2024-06-20,52.12,beauty,credit card,new,south,1238.11,13,95.23923076923076,128
CUST_229,INV_5249,2024-02-15,93.19,clothing,debit card,loyal,south,1002.8299999999999,8,125.35374999999999,111
CUST_832,INV_5250,2024-05-15,57.78,beauty,cash on delivery,new,west,1070.51,14,76.465,169
CUST_851,INV_5251,2024-04-28,271.93,home,upi,returning,south,1729.42,13,133.0323076923077,160
CUST_118,INV_5252,2024-06-13,76.52,clothing,upi,new,west,919.75,9,102.19444444444444,146
CUST_155,INV_5253,2024-01-19,118.33,beauty,cash on delivery,returning,north,952.72,14,68.05142857142857,160
CUST_783,INV_5254,2024-06-22,226.8,clothing,cash on delivery,loyal,south,979.42,8,122.4275,141
CUST_686,INV_5255,2024-04-03,15.88,home,cash on delivery,returning,west,778.83,13,59.910000000000004,142
CUST_464,INV_5256,2024-01-26,26.1,books,debit card,returning,north,623.29,8,77.91125,121
CUST_103,INV_5257,2024-02-15,11.35,home,cash on delivery,returning,west,1251.99,14,89.42785714285715,172
CUST_603,INV_5258,2024-04-27,15.04,electronics,upi,returning,east,534.06,10,53.40599999999999,117
CUST_697,INV_5259,2024-02-15,71.86,clothing,debit card,returning,south,807.16,10,80.716,150
CUST_971,INV_5260,2024-01-14,38.74,home,credit card,returning,east,658.75,8,82.34375,161
CUST_794,INV_5261,2024-03-25,55.02,books,cash on delivery,new,north,537.71,9,59.74555555555556,177
CUST_501,INV_5262,2024-03-03,404.5,books,upi,loyal,west,1046.85,9,116.31666666666666,112
CUST_692,INV_5263,2024-03-12,17.04,home,cash on delivery,new,west,2789.69,17,164.09941176470588,153
CUST_681,INV_5264,2024-01-03,77.83,beauty,credit card,loyal,north,1672.08,10,167.208,141
CUST_698,INV_5265,2024-01-28,10.41,home,debit card,new,east,1683.8300000000002,15,112.25533333333334,111
CUST_174,INV_5266,2024-05-04,38.35,books,credit card,loyal,west,815.64,11,74.1490909090909,134
CUST_733,INV_5267,2024-06-05,74.98,home,debit card,loyal,east,988.9300000000001,12,82.41083333333334,94
CUST_744,INV_5268,2024-03-27,293.05,electronics,upi,new,east,852.41,7,121.77285714285713,140
CUST_673,INV_5269,2024-05-25,49.63,beauty,upi,new,east,1697.43,10,169.743,139
CUST_420,INV_5270,2024-06-11,6.71,home,upi,loyal,south,633.8100000000001,10,63.38100000000001,146
CUST_133,INV_5271,2024-03-17,49.13,books,credit card,returning,east,854.97,11,77.72454545454546,109
CUST_390,INV_5272,2024-03-16,15.75,home,cash on delivery,loyal,south,1193.3,11,108.48181818181818,157
CUST_991,INV_5273,2024-06-23,26.14,home,cash on delivery,returning,east,640.42,9,71.15777777777777,167
CUST_735,INV_5274,2024-04-23,96.26,clothing,credit card,loyal,east,1179.4,14,84.24285714285715,156
CUST_500,INV_5275,2024-05-12,6.98,home,cash on delivery,returning,south,647.19,8,80.89875,133
CUST_664,INV_5276,2024-03-15,62.5,electronics,credit card,new,west,1203.96,10,120.396,136
CUST_32,INV_5277,2024-02-28,94.02,books,cash on delivery,new,west,724.78,6,120.79666666666667,152
CUST_54,INV_5278,2024-02-28,54.79,clothing,debit card,returning,north,415.2,6,69.2,154
CUST_953,INV_5279,2024-02-16,1.93,home,upi,returning,north,781.53,8,97.69125,161
CUST_518,INV_5280,2024-04-04,423.49,beauty,cash on delivery,returning,west,1608.16,10,160.816,168
CUST_755,INV_5281,2024-05-20,45.75,electronics,credit card,returning,north,562.57,6,93.76166666666667,139
CUST_824,INV_5282,2024-03-18,150.77,electronics,debit card,new,west,2560.0699999999997,19,134.74052631578945,159
CUST_637,INV_5283,2024-04-22,39.4,electronics,cash on delivery,loyal,north,1027.08,13,79.00615384615384,145
CUST_11,INV_5284,2024-04-18,64.44,clothing,cash on delivery,new,west,2019.26,18,112.18111111111111,160
CUST_527,INV_5285,2024-04-15,49.18,home,credit card,loyal,south,1312.62,12,109.38499999999999,133
CUST_719,INV_5286,2024-03-29,41.94,electronics,debit card,new,north,1877.88,16,117.3675,140
CUST_554,INV_5287,2024-02-02,2.21,home,upi,returning,south,467.72999999999996,5,93.54599999999999,124
CUST_372,INV_5288,2024-04-06,44.63,beauty,credit card,new,south,476.82,7,68.11714285714285,101
CUST_483,INV_5289,2024-03-19,220.26,home,cash on delivery,new,south,438.87,5,87.774,54
CUST_972,INV_5290,2024-01-16,117.25,home,upi,returning,south,2206.61,18,122.58944444444445,154
CUST_646,INV_5291,2024-02-13,15.71,home,cash on delivery,returning,south,390.61,5,78.122,158
CUST_227,INV_5292,2024-04-29,89.44,books,credit card,new,east,477.6,9,53.06666666666667,175
CUST_622,INV_5293,2024-05-13,222.78,clothing,debit card,new,south,904.56,11,82.23272727272727,146
CUST_306,INV_5294,2024-04-17,120.41,home,upi,loyal,north,352.3,5,70.46000000000001,154
CUST_456,INV_5295,2024-05-22,16.1,electronics,credit card,loyal,south,923.6800000000001,10,92.36800000000001,164
CUST_159,INV_5296,2024-01-04,202.37,books,credit card,new,north,1512.87,10,151.28699999999998,156
CUST_330,INV_5297,2024-02-25,35.89,home,upi,loyal,south,870.25,13,66.9423076923077,171
CUST_775,INV_5298,2024-03-04,60.53,books,debit card,returning,north,1331.75,19,70.09210526315789,129
CUST_224,INV_5299,2024-06-10,74.68,clothing,cash on delivery,new,south,835.81,11,75.98272727272727,150
CUST_982,INV_5300,2024-04-04,190.05,books,upi,new,west,1381.64,11,125.60363636363637,138
CUST_728,INV_5301,2024-02-25,268.25,electronics,credit card,loyal,east,808.54,9,89.83777777777777,142
CUST_503,INV_5302,2024-02-01,265.43,home,upi,new,north,1643.37,11,149.3972727272727,159
CUST_455,INV_5303,2024-04-25,0.8,electronics,upi,new,north,524.64,9,58.29333333333333,127
CUST_44,INV_5304,2024-01-09,254.96,beauty,debit card,returning,south,367.18,7,52.45428571428572,157
CUST_213,INV_5305,2024-04-14,5.59,books,debit card,new,north,783.45,10,78.345,103
CUST_58,INV_5306,2024-03-18,30.89,books,cash on delivery,loyal,south,1328.9,14,94.92142857142858,150
CUST_643,INV_5307,2024-06-09,72.36,books,upi,returning,east,269.44,8,33.68,105
CUST_615,INV_5308,2024-03-27,65.38,clothing,debit card,loyal,west,1607.96,11,146.17818181818183,125
CUST_194,INV_5309,2024-01-21,92.81,electronics,debit card,new,west,1282.82,14,91.63,161
CUST_924,INV_5310,2024-02-24,65.29,beauty,credit card,loyal,east,1477.36,17,86.9035294117647,156
CUST_488,INV_5311,2024-03-16,272.38,clothing,debit card,loyal,south,1247.72,11,113.42909090909092,117
CUST_156,INV_5312,2024-05-09,27.52,clothing,upi,returning,south,1096.8,10,109.67999999999999,146
CUST_609,INV_5313,2024-05-20,32.02,home,upi,new,east,2235.26,16,139.70375,177
CUST_225,INV_5314,2024-05-05,253.5,beauty,credit card,returning,north,1552.4299999999998,13,119.41769230769229,158
CUST_411,INV_5315,2024-05-11,7.98,books,credit card,new,north,1097.61,9,121.95666666666665,163
CUST_204,INV_5316,2024-03-24,94.05,books,credit card,returning,north,604.12,8,75.515,120
CUST_78,INV_5317,2024-06-26,114.49,home,upi,new,east,1628.28,14,116.30571428571429,164
CUST_123,INV_5318,2024-04-24,70.43,books,upi,returning,west,2252.29,12,187.69083333333333,151
CUST_470,INV_5319,2024-02-17,118.49,electronics,cash on delivery,new,west,1379.5900000000001,17,81.15235294117647,166
CUST_939,INV_5320,2024-05-02,18.97,books,debit card,returning,west,1461.0900000000001,15,97.406,141
CUST_217,INV_5321,2024-03-18,191.48,electronics,credit card,loyal,south,1137.8400000000001,13,87.52615384615386,138
CUST_515,INV_5322,2024-01-30,15.09,home,debit card,returning,east,884.47,13,68.03615384615385,165
CUST_601,INV_5323,2024-01-29,51.22,home,debit card,loyal,north,1577.98,13,121.38307692307693,133
CUST_103,INV_5324,2024-05-15,7.82,electronics,cash on delivery,returning,west,1251.99,14,89.42785714285715,172
CUST_392,INV_5325,2024-05-19,78.79,books,upi,loyal,west,828.34,10,82.834,126
CUST_630,INV_5326,2024-02-10,110.79,home,debit card,new,west,1144.15,11,104.01363636363637,164
CUST_644,INV_5327,2024-01-26,283.4,home,credit card,loyal,south,1325.3999999999999,11,120.49090909090908,146
CUST_823,INV_5328,2024-02-19,134.45,electronics,credit card,new,south,1463.07,9,162.56333333333333,98
CUST_607,INV_5329,2024-01-02,77.89,home,upi,loyal,north,1399.46,12,116.62166666666667,143
CUST_979,INV_5330,2024-02-24,269.74,books,upi,new,west,943.08,10,94.308,123
CUST_433,INV_5331,2024-04-13,65.09,home,upi,loyal,west,886.0899999999999,8,110.76124999999999,164
CUST_330,INV_5332,2024-01-14,82.37,electronics,credit card,returning,west,870.25,13,66.9423076923077,171
CUST_142,INV_5333,2024-05-13,90.66,books,upi,new,south,1343.5,12,111.95833333333333,138
CUST_799,INV_5334,2024-05-07,52.76,beauty,cash on delivery,new,north,1536.08,16,96.005,175
CUST_539,INV_5335,2024-04-13,182.31,electronics,cash on delivery,loyal,east,1091.96,14,77.99714285714286,168
CUST_277,INV_5336,2024-04-04,20.48,beauty,credit card,returning,south,620.09,13,47.69923076923077,170
CUST_232,INV_5337,2024-03-21,80.93,home,cash on delivery,new,west,1707.56,16,106.7225,153
CUST_528,INV_5338,2024-03-01,128.1,books,debit card,new,north,1481.26,10,148.126,171
CUST_570,INV_5339,2024-01-12,234.32,home,upi,returning,north,1121.49,14,80.10642857142857,155
CUST_89,INV_5340,2024-01-13,215.35,books,cash on delivery,returning,east,1903.25,14,135.94642857142858,151
CUST_491,INV_5341,2024-05-26,71.08,clothing,upi,returning,west,1204.84,10,120.484,111
CUST_198,INV_5342,2024-06-20,103.05,home,cash on delivery,new,south,723.96,8,90.495,146
CUST_361,INV_5343,2024-03-29,50.13,home,upi,loyal,south,702.09,6,117.015,104
CUST_440,INV_5344,2024-04-04,63.14,home,credit card,loyal,south,952.15,14,68.01071428571429,154
CUST_25,INV_5345,2024-02-28,236.73,electronics,debit card,new,west,772.76,8,96.595,148
CUST_24,INV_5346,2024-02-06,266.94,books,upi,new,west,1497.66,16,93.60375,163
CUST_393,INV_5347,2024-01-25,225.77,books,debit card,new,west,540.06,4,135.015,92
CUST_506,INV_5348,2024-01-16,14.89,books,upi,new,south,770.7,7,110.10000000000001,143
CUST_300,INV_5349,2024-06-14,189.77,electronics,credit card,returning,west,811.0799999999999,10,81.10799999999999,124
CUST_338,INV_5350,2024-06-19,296.35,books,debit card,new,west,1012.3600000000001,9,112.48444444444446,154
CUST_266,INV_5351,2024-03-27,44.82,home,cash on delivery,new,west,877.1,9,97.45555555555556,160
CUST_460,INV_5352,2024-05-21,73.12,beauty,debit card,new,east,1047.09,7,149.5842857142857,119
CUST_692,INV_5353,2024-05-13,151.0,clothing,upi,returning,east,2789.69,17,164.09941176470588,153
CUST_455,INV_5354,2024-01-23,82.57,books,debit card,returning,west,524.64,9,58.29333333333333,127
CUST_359,INV_5355,2024-05-05,503.34,electronics,credit card,returning,west,1682.9699999999998,10,168.29699999999997,90
CUST_67,INV_5356,2024-02-29,60.83,electronics,debit card,new,south,823.55,9,91.50555555555555,144
CUST_862,INV_5357,2024-05-19,125.16,books,debit card,returning,north,496.33,7,70.9042857142857,170
CUST_411,INV_5358,2024-05-20,157.31,beauty,debit card,new,west,1097.61,9,121.95666666666665,163
CUST_970,INV_5359,2024-04-09,68.14,books,cash on delivery,new,south,1611.8600000000001,13,123.98923076923077,143
CUST_490,INV_5360,2024-04-12,194.48,electronics,debit card,loyal,south,1049.44,11,95.40363636363637,179
CUST_832,INV_5361,2024-05-13,79.0,clothing,upi,returning,north,1070.51,14,76.465,169
CUST_48,INV_5362,2024-03-03,53.04,beauty,upi,loyal,south,818.66,11,74.42363636363636,164
CUST_686,INV_5363,2024-02-07,11.41,books,debit card,loyal,north,778.83,13,59.910000000000004,142
CUST_563,INV_5364,2024-05-07,49.99,clothing,debit card,returning,west,1167.36,10,116.73599999999999,159
CUST_101,INV_5365,2024-02-19,132.4,books,cash on delivery,returning,east,642.11,11,58.373636363636365,156
CUST_215,INV_5366,2024-06-28,254.19,beauty,credit card,loyal,north,1566.6299999999999,12,130.55249999999998,135
CUST_437,INV_5367,2024-02-09,28.99,electronics,upi,new,west,766.99,12,63.91583333333333,121
CUST_699,INV_5368,2024-01-08,43.89,beauty,cash on delivery,loyal,west,2424.12,16,151.5075,174
CUST_568,INV_5369,2024-01-08,16.72,home,upi,returning,east,368.41,8,46.05125,172
CUST_558,INV_5370,2024-04-13,117.35,books,upi,new,south,1012.74,15,67.516,163
CUST_158,INV_5371,2024-02-03,322.36,clothing,debit card,loyal,north,1210.0800000000002,9,134.45333333333335,138
CUST_488,INV_5372,2024-02-26,102.43,clothing,upi,loyal,north,1247.72,11,113.42909090909092,117
CUST_685,INV_5373,2024-06-22,95.99,beauty,credit card,loyal,south,1553.76,10,155.376,168
CUST_241,INV_5374,2024-01-22,80.63,beauty,credit card,returning,east,1114.7,12,92.89166666666667,155
CUST_793,INV_5375,2024-03-27,9.26,beauty,credit card,loyal,north,1227.72,15,81.848,141
CUST_752,INV_5376,2024-02-09,130.75,clothing,cash on delivery,returning,north,1458.89,11,132.62636363636364,175
CUST_881,INV_5377,2024-06-21,92.14,electronics,credit card,new,south,900.24,9,100.02666666666667,79
CUST_4,INV_5378,2024-06-27,108.32,clothing,credit card,new,west,1444.3899999999999,9,160.48777777777775,176
CUST_595,INV_5379,2024-03-26,229.08,electronics,upi,loyal,east,1111.22,13,85.47846153846154,179
CUST_819,INV_5380,2024-05-12,153.23,beauty,cash on delivery,returning,west,963.63,11,87.60272727272728,167
CUST_360,INV_5381,2024-04-04,151.83,home,debit card,loyal,west,1133.4299999999998,11,103.03909090909089,83
CUST_458,INV_5382,2024-01-13,261.98,clothing,cash on delivery,new,south,1730.79,13,133.1376923076923,145
CUST_247,INV_5383,2024-01-28,459.87,beauty,cash on delivery,returning,north,871.75,9,96.86111111111111,159
CUST_565,INV_5384,2024-03-24,87.06,clothing,debit card,new,south,951.3399999999999,12,79.27833333333332,162
CUST_672,INV_5385,2024-03-02,11.53,beauty,debit card,new,west,832.29,10,83.229,127
CUST_945,INV_5386,2024-04-02,61.46,clothing,debit card,returning,south,1503.4,13,115.64615384615385,168
CUST_421,INV_5387,2024-03-27,154.93,books,upi,returning,east,1688.19,15,112.546,170
CUST_922,INV_5388,2024-01-24,2.81,clothing,upi,returning,west,1106.43,13,85.11,142
CUST_737,INV_5389,2024-04-07,5.86,books,upi,loyal,west,1151.37,11,104.66999999999999,159
CUST_14,INV_5390,2024-01-07,6.95,electronics,credit card,loyal,east,508.96,9,56.55111111111111,162
CUST_735,INV_5391,2024-06-14,131.32,clothing,debit card,returning,south,1179.4,14,84.24285714285715,156
CUST_572,INV_5392,2024-02-06,69.55,electronics,upi,returning,south,1551.8799999999999,14,110.84857142857142,135
CUST_121,INV_5393,2024-03-08,46.03,home,upi,loyal,south,1001.52,11,91.04727272727273,157
CUST_276,INV_5394,2024-06-18,11.16,books,cash on delivery,returning,north,2147.64,14,153.40285714285713,156
CUST_557,INV_5395,2024-03-26,131.77,clothing,upi,new,west,1240.24,14,88.58857142857143,126
CUST_452,INV_5396,2024-05-12,38.72,electronics,debit card,returning,east,1422.5,11,129.3181818181818,156
CUST_389,INV_5397,2024-06-26,30.83,beauty,debit card,loyal,west,1622.9,15,108.19333333333334,171
CUST_293,INV_5398,2024-03-27,105.65,electronics,credit card,returning,north,1691.33,13,130.10230769230768,168
CUST_573,INV_5399,2024-01-15,81.87,clothing,credit card,returning,west,1355.1000000000001,14,96.79285714285716,132
CUST_597,INV_5400,2024-05-02,45.01,home,cash on delivery,new,east,765.94,11,69.6309090909091,168
CUST_445,INV_5401,2024-04-16,102.58,books,credit card,returning,east,794.53,11,72.23,146
CUST_209,INV_5402,2024-06-01,31.64,beauty,debit card,loyal,west,1118.48,11,101.68,159
CUST_589,INV_5403,2024-03-29,158.39,electronics,credit card,loyal,north,970.4399999999999,7,138.6342857142857,102
CUST_713,INV_5404,2024-05-04,26.05,clothing,credit card,new,west,902.01,11,82.00090909090909,163
CUST_301,INV_5405,2024-04-22,17.3,clothing,upi,new,north,731.7,15,48.78,158
CUST_908,INV_5406,2024-05-16,152.53,books,debit card,loyal,south,947.69,13,72.89923076923077,157
CUST_222,INV_5407,2024-06-14,123.06,beauty,cash on delivery,returning,east,1302.41,12,108.53416666666668,170
CUST_733,INV_5408,2024-05-29,20.17,electronics,credit card,loyal,west,988.9300000000001,12,82.41083333333334,94
CUST_2,INV_5409,2024-04-16,12.36,electronics,credit card,new,east,1273.6599999999999,9,141.51777777777775,150
CUST_989,INV_5410,2024-03-27,182.26,electronics,cash on delivery,loyal,east,1160.0,12,96.66666666666667,120
CUST_517,INV_5411,2024-06-25,149.88,books,cash on delivery,new,west,1311.9299999999998,10,131.19299999999998,153
CUST_92,INV_5412,2024-03-08,39.64,books,debit card,loyal,south,1036.66,13,79.74307692307693,129
CUST_519,INV_5413,2024-01-15,107.35,beauty,cash on delivery,returning,east,1053.73,14,75.26642857142858,151
CUST_427,INV_5414,2024-03-05,13.26,electronics,credit card,returning,east,618.85,10,61.885000000000005,172
CUST_492,INV_5415,2024-02-23,70.73,electronics,debit card,new,north,636.61,10,63.661,159
CUST_234,INV_5416,2024-06-06,1.89,beauty,debit card,returning,north,658.28,10,65.828,156
CUST_619,INV_5417,2024-04-02,49.69,beauty,cash on delivery,new,south,1679.21,13,129.17000000000002,165
CUST_160,INV_5418,2024-01-20,7.78,beauty,debit card,returning,west,1260.26,17,74.13294117647058,158
CUST_720,INV_5419,2024-02-02,64.46,clothing,credit card,loyal,east,1024.62,11,93.14727272727272,116
CUST_751,INV_5420,2024-04-09,54.76,beauty,credit card,returning,south,1251.49,10,125.149,114
CUST_330,INV_5421,2024-03-17,58.77,home,credit card,loyal,west,870.25,13,66.9423076923077,171
CUST_332,INV_5422,2024-05-14,4.64,books,debit card,new,north,570.24,6,95.04,152
CUST_49,INV_5423,2024-05-15,44.88,beauty,cash on delivery,returning,east,869.48,9,96.60888888888888,134
CUST_522,INV_5424,2024-06-04,141.26,clothing,credit card,returning,east,659.8299999999999,11,59.98454545454545,165
CUST_862,INV_5425,2024-06-21,46.03,home,upi,loyal,west,496.33,7,70.9042857142857,170
CUST_667,INV_5426,2024-04-16,125.59,clothing,cash on delivery,new,south,656.47,6,109.41166666666668,162
CUST_491,INV_5427,2024-04-29,46.12,clothing,debit card,returning,east,1204.84,10,120.484,111
CUST_581,INV_5428,2024-03-14,55.03,clothing,credit card,new,east,1979.65,13,152.28076923076924,145
CUST_680,INV_5429,2024-01-11,82.99,clothing,debit card,new,north,853.41,11,77.58272727272727,169
CUST_271,INV_5430,2024-01-31,300.95,electronics,credit card,returning,south,1447.75,7,206.82142857142858,140
CUST_579,INV_5431,2024-01-12,11.53,books,debit card,loyal,north,1594.01,11,144.91,165
CUST_866,INV_5432,2024-05-03,3.35,electronics,upi,new,west,927.96,11,84.36,149
CUST_251,INV_5433,2024-03-18,93.64,home,debit card,new,west,1249.58,6,208.26333333333332,120
CUST_559,INV_5434,2024-06-27,297.78,electronics,debit card,returning,south,1782.0,11,162.0,111
CUST_695,INV_5435,2024-06-20,457.79,home,debit card,new,north,1503.8600000000001,10,150.38600000000002,158
CUST_831,INV_5436,2024-04-05,66.2,beauty,credit card,returning,west,1121.82,13,86.29384615384615,139
CUST_698,INV_5437,2024-02-19,63.13,home,cash on delivery,new,south,1683.8300000000002,15,112.25533333333334,111
CUST_89,INV_5438,2024-04-26,103.55,electronics,debit card,loyal,west,1903.25,14,135.94642857142858,151
CUST_445,INV_5439,2024-01-17,81.11,electronics,cash on delivery,loyal,east,794.53,11,72.23,146
CUST_331,INV_5440,2024-06-11,100.54,home,credit card,loyal,east,887.69,7,126.81285714285715,126
CUST_138,INV_5441,2024-05-08,207.15,electronics,debit card,loyal,south,1076.78,10,107.678,169
CUST_356,INV_5442,2024-06-05,137.16,home,credit card,returning,west,905.13,8,113.14125,131
CUST_600,INV_5443,2024-06-27,68.69,clothing,cash on delivery,returning,south,1760.6799999999998,14,125.76285714285713,168
CUST_273,INV_5444,2024-03-04,61.96,books,credit card,returning,south,952.6199999999999,10,95.26199999999999,152
CUST_18,INV_5445,2024-05-11,102.05,home,credit card,returning,south,1436.15,15,95.74333333333334,167
CUST_982,INV_5446,2024-03-27,60.83,clothing,cash on delivery,returning,east,1381.64,11,125.60363636363637,138
CUST_310,INV_5447,2024-06-04,61.21,clothing,credit card,loyal,south,1082.74,9,120.30444444444444,153
CUST_869,INV_5448,2024-01-16,1.64,clothing,cash on delivery,new,east,362.53,6,60.42166666666666,149
CUST_885,INV_5449,2024-03-03,19.12,clothing,cash on delivery,new,east,990.19,11,90.01727272727273,143
CUST_977,INV_5450,2024-03-16,67.04,home,debit card,loyal,west,804.0,9,89.33333333333333,111
CUST_153,INV_5451,2024-03-25,172.96,electronics,debit card,loyal,south,2354.16,19,123.90315789473684,138
CUST_389,INV_5452,2024-04-18,32.67,clothing,credit card,returning,west,1622.9,15,108.19333333333334,171
CUST_259,INV_5453,2024-01-17,73.95,beauty,credit card,returning,east,1545.43,13,118.87923076923077,168
CUST_619,INV_5454,2024-06-16,42.31,clothing,credit card,new,south,1679.21,13,129.17000000000002,165
CUST_882,INV_5455,2024-05-20,11.07,electronics,upi,new,east,1199.94,15,79.99600000000001,156
CUST_796,INV_5456,2024-06-28,317.72,electronics,upi,returning,south,1466.08,11,133.28,175
CUST_570,INV_5457,2024-02-27,192.88,books,debit card,returning,south,1121.49,14,80.10642857142857,155
CUST_124,INV_5458,2024-06-13,8.17,books,cash on delivery,loyal,north,965.91,10,96.591,165
CUST_353,INV_5459,2024-03-19,127.22,clothing,upi,returning,west,1307.47,9,145.27444444444444,129
CUST_272,INV_5460,2024-03-01,42.71,clothing,upi,loyal,north,1756.03,19,92.42263157894736,152
CUST_618,INV_5461,2024-04-22,526.87,books,cash on delivery,returning,south,1557.1,10,155.70999999999998,161
CUST_810,INV_5462,2024-04-30,36.01,clothing,credit card,new,north,346.98,8,43.3725,116
CUST_244,INV_5463,2024-02-03,27.28,beauty,credit card,loyal,east,845.55,9,93.94999999999999,168
CUST_847,INV_5464,2024-03-10,83.91,home,upi,new,south,1753.78,11,159.43454545454546,147
CUST_449,INV_5465,2024-01-17,180.26,books,upi,loyal,south,1535.53,15,102.36866666666667,160
CUST_929,INV_5466,2024-01-20,21.38,books,cash on delivery,loyal,south,589.29,11,53.57181818181818,138
CUST_246,INV_5467,2024-02-28,123.58,electronics,cash on delivery,new,north,1430.28,15,95.352,149
CUST_519,INV_5468,2024-03-09,6.34,clothing,upi,new,west,1053.73,14,75.26642857142858,151
CUST_140,INV_5469,2024-06-09,251.25,books,cash on delivery,returning,west,1463.55,14,104.53928571428571,160
CUST_361,INV_5470,2024-04-11,8.46,books,credit card,loyal,west,702.09,6,117.015,104
CUST_7,INV_5471,2024-04-29,245.61,beauty,debit card,returning,north,1709.73,13,131.5176923076923,164
CUST_477,INV_5472,2024-05-24,67.49,clothing,upi,loyal,east,772.8199999999999,7,110.40285714285713,171
CUST_351,INV_5473,2024-02-26,59.44,home,debit card,returning,north,887.71,9,98.63444444444445,165
CUST_995,INV_5474,2024-03-23,362.34,beauty,cash on delivery,new,west,1159.33,7,165.6185714285714,127
CUST_494,INV_5475,2024-05-08,464.43,home,debit card,new,north,1187.8400000000001,10,118.78400000000002,140
CUST_605,INV_5476,2024-01-13,105.03,electronics,upi,returning,east,1590.42,12,132.535,164
CUST_832,INV_5477,2024-06-03,13.6,books,cash on delivery,new,south,1070.51,14,76.465,169
CUST_426,INV_5478,2024-01-06,70.56,beauty,debit card,returning,south,803.35,12,66.94583333333334,137
CUST_38,INV_5479,2024-04-06,75.32,home,credit card,loyal,west,1482.14,19,78.00736842105263,161
CUST_592,INV_5480,2024-04-03,72.25,clothing,upi,loyal,west,1160.55,8,145.06875,97
CUST_186,INV_5481,2024-04-19,84.28,electronics,upi,new,east,943.8199999999999,12,78.65166666666666,161
CUST_595,INV_5482,2024-05-30,1.89,electronics,upi,new,north,1111.22,13,85.47846153846154,179
CUST_599,INV_5483,2024-05-17,124.21,books,upi,new,east,533.61,3,177.87,28
CUST_753,INV_5484,2024-02-20,124.62,books,cash on delivery,loyal,east,1313.51,10,131.351,109
CUST_853,INV_5485,2024-05-26,12.27,home,credit card,returning,south,665.79,9,73.97666666666666,154
CUST_92,INV_5486,2024-02-20,84.45,home,credit card,new,north,1036.66,13,79.74307692307693,129
CUST_85,INV_5487,2024-03-27,84.02,electronics,debit card,returning,south,780.99,11,70.99909090909091,156
CUST_43,INV_5488,2024-03-08,114.71,home,upi,new,south,1212.72,10,121.272,135
CUST_136,INV_5489,2024-03-24,8.93,books,upi,new,east,1410.93,14,100.7807142857143,166
CUST_420,INV_5490,2024-02-11,98.48,electronics,debit card,new,south,633.8100000000001,10,63.38100000000001,146
CUST_73,INV_5491,2024-02-26,32.95,electronics,cash on delivery,returning,west,905.9300000000001,8,113.24125000000001,105
CUST_547,INV_5492,2024-06-14,70.73,clothing,credit card,returning,west,1250.64,10,125.06400000000001,162
CUST_612,INV_5493,2024-03-02,148.42,clothing,upi,returning,south,1710.26,16,106.89125,177
CUST_987,INV_5494,2024-01-07,122.3,home,debit card,loyal,south,1846.98,17,108.64588235294117,171
CUST_511,INV_5495,2024-04-21,12.66,home,credit card,loyal,north,820.69,8,102.58625,138
CUST_155,INV_5496,2024-06-26,89.45,books,debit card,loyal,west,952.72,14,68.05142857142857,160
CUST_937,INV_5497,2024-06-28,347.75,books,debit card,returning,north,1849.38,14,132.09857142857143,167
CUST_254,INV_5498,2024-01-26,17.05,clothing,cash on delivery,loyal,south,518.61,4,129.6525,75
CUST_170,INV_5499,2024-06-02,191.67,electronics,credit card,new,west,2201.4,13,169.33846153846156,157
CUST_980,INV_5500,2024-01-19,121.25,beauty,upi,returning,east,1345.78,11,122.34363636363636,143
CUST_727,INV_5501,2024-01-09,148.72,beauty,credit card,new,east,1229.15,12,102.42916666666667,160
CUST_169,INV_5502,2024-03-01,33.12,home,cash on delivery,new,south,725.29,8,90.66125,177
CUST_763,INV_5503,2024-01-20,33.95,beauty,upi,returning,north,884.46,10,88.446,163
CUST_871,INV_5504,2024-04-15,236.47,beauty,credit card,new,east,1672.77,14,119.48357142857142,177
CUST_321,INV_5505,2024-02-19,44.6,clothing,cash on delivery,returning,east,427.93,6,71.32166666666667,120
CUST_566,INV_5506,2024-03-21,6.51,electronics,upi,loyal,west,968.67,13,74.51307692307692,111
CUST_455,INV_5507,2024-05-29,91.78,books,upi,returning,north,524.64,9,58.29333333333333,127
CUST_943,INV_5508,2024-05-20,13.33,clothing,debit card,returning,north,740.44,11,67.31272727272727,136
CUST_602,INV_5509,2024-05-19,159.26,books,debit card,new,east,361.34999999999997,4,90.33749999999999,124
CUST_789,INV_5510,2024-01-10,102.65,clothing,cash on delivery,new,south,1280.23,10,128.023,152
CUST_612,INV_5511,2024-03-05,207.73,clothing,upi,new,east,1710.26,16,106.89125,177
CUST_154,INV_5512,2024-06-06,153.64,beauty,credit card,new,north,894.68,11,81.33454545454545,146
CUST_888,INV_5513,2024-01-08,11.89,books,upi,new,west,922.5,13,70.96153846153847,151
CUST_348,INV_5514,2024-05-28,47.98,clothing,cash on delivery,new,north,1574.46,13,121.1123076923077,126
CUST_450,INV_5515,2024-01-22,148.97,beauty,credit card,new,west,990.25,9,110.02777777777777,110
CUST_875,INV_5516,2024-01-18,54.02,home,upi,new,west,625.1,10,62.510000000000005,162
CUST_652,INV_5517,2024-06-24,358.87,books,credit card,new,west,1155.64,11,105.05818181818182,147
CUST_172,INV_5518,2024-06-20,133.08,clothing,debit card,returning,north,765.0500000000001,11,69.55000000000001,160
CUST_9,INV_5519,2024-01-09,1.56,home,credit card,new,north,883.4699999999999,13,67.95923076923076,156
CUST_739,INV_5520,2024-02-23,212.01,beauty,debit card,new,south,1467.28,10,146.728,164
CUST_264,INV_5521,2024-01-26,10.63,clothing,credit card,returning,east,1034.75,10,103.475,165
CUST_437,INV_5522,2024-04-03,15.14,beauty,debit card,loyal,north,766.99,12,63.91583333333333,121
CUST_759,INV_5523,2024-04-09,132.61,beauty,cash on delivery,loyal,west,751.3000000000001,6,125.21666666666668,176
CUST_246,INV_5524,2024-01-26,200.22,beauty,credit card,returning,north,1430.28,15,95.352,149
CUST_666,INV_5525,2024-02-03,76.86,books,upi,loyal,north,432.81,7,61.83,128
CUST_545,INV_5526,2024-01-08,34.12,home,cash on delivery,new,east,707.49,11,64.31727272727272,143
CUST_498,INV_5527,2024-05-17,43.28,home,cash on delivery,new,north,1599.85,14,114.27499999999999,143
CUST_128,INV_5528,2024-02-17,41.99,electronics,credit card,new,west,1228.05,16,76.753125,176
CUST_671,INV_5529,2024-04-16,39.55,clothing,cash on delivery,loyal,east,1361.11,14,97.22214285714286,172
CUST_600,INV_5530,2024-02-23,27.83,beauty,debit card,returning,south,1760.6799999999998,14,125.76285714285713,168
CUST_604,INV_5531,2024-06-16,93.87,clothing,debit card,new,west,755.38,10,75.538,148
CUST_326,INV_5532,2024-04-28,230.66,home,credit card,returning,west,2143.43,15,142.89533333333333,119
CUST_752,INV_5533,2024-05-22,36.68,home,cash on delivery,returning,north,1458.89,11,132.62636363636364,175
CUST_834,INV_5534,2024-03-21,20.66,beauty,upi,new,south,1355.99,11,123.27181818181818,143
CUST_979,INV_5535,2024-05-25,182.37,books,credit card,returning,east,943.08,10,94.308,123
CUST_403,INV_5536,2024-04-05,135.4,beauty,credit card,returning,south,1055.5900000000001,8,131.94875000000002,91
CUST_628,INV_5537,2024-04-11,267.13,beauty,cash on delivery,new,north,1068.54,11,97.14,153
CUST_605,INV_5538,2024-05-30,18.09,electronics,debit card,returning,south,1590.42,12,132.535,164
CUST_674,INV_5539,2024-03-02,15.58,books,cash on delivery,loyal,west,1646.9099999999999,12,137.24249999999998,145
CUST_610,INV_5540,2024-02-15,77.96,clothing,upi,new,west,779.24,12,64.93666666666667,174
CUST_624,INV_5541,2024-03-27,95.3,books,upi,new,south,621.58,10,62.158,142
CUST_358,INV_5542,2024-04-08,65.43,beauty,upi,new,south,1136.22,8,142.0275,133
CUST_602,INV_5543,2024-02-08,91.37,beauty,upi,new,west,361.34999999999997,4,90.33749999999999,124
CUST_857,INV_5544,2024-05-22,19.89,beauty,credit card,new,south,1238.11,13,95.23923076923076,128
CUST_717,INV_5545,2024-02-22,65.32,beauty,upi,new,west,1060.88,8,132.61,167
CUST_16,INV_5546,2024-03-20,107.32,beauty,upi,new,south,875.55,13,67.35,151
CUST_273,INV_5547,2024-01-16,56.69,books,upi,loyal,east,952.6199999999999,10,95.26199999999999,152
CUST_684,INV_5548,2024-04-13,113.77,beauty,cash on delivery,returning,east,2119.79,18,117.76611111111112,175
CUST_115,INV_5549,2024-03-10,60.0,home,debit card,loyal,north,515.52,10,51.552,133
CUST_860,INV_5550,2024-05-20,40.59,home,debit card,returning,west,859.3199999999999,9,95.47999999999999,148
CUST_979,INV_5551,2024-04-17,36.18,electronics,debit card,new,east,943.08,10,94.308,123
CUST_692,INV_5552,2024-02-16,52.92,clothing,upi,loyal,west,2789.69,17,164.09941176470588,153
CUST_90,INV_5553,2024-01-09,2.34,home,cash on delivery,new,east,471.46,5,94.292,165
CUST_81,INV_5554,2024-02-03,110.42,electronics,credit card,returning,north,954.4300000000001,11,86.76636363636364,115
CUST_323,INV_5555,2024-06-05,186.5,books,cash on delivery,loyal,west,941.5899999999999,11,85.5990909090909,156
CUST_960,INV_5556,2024-06-13,43.79,clothing,credit card,loyal,east,334.91999999999996,5,66.984,129
CUST_113,INV_5557,2024-06-19,4.71,beauty,cash on delivery,returning,west,1221.58,10,122.15799999999999,160
CUST_768,INV_5558,2024-03-26,432.57,beauty,debit card,returning,north,2004.6799999999998,9,222.7422222222222,169
CUST_57,INV_5559,2024-04-24,30.61,books,debit card,loyal,north,1066.52,12,88.87666666666667,125
CUST_153,INV_5560,2024-03-04,13.54,clothing,upi,loyal,east,2354.16,19,123.90315789473684,138
CUST_876,INV_5561,2024-05-31,46.16,home,debit card,loyal,south,1446.61,14,103.3292857142857,158
CUST_403,INV_5562,2024-02-03,134.15,clothing,debit card,returning,north,1055.5900000000001,8,131.94875000000002,91
CUST_627,INV_5563,2024-06-24,34.8,electronics,debit card,new,south,745.88,13,57.37538461538462,174
CUST_854,INV_5564,2024-01-12,85.5,books,cash on delivery,loyal,north,992.4300000000001,13,76.34076923076924,171
CUST_265,INV_5565,2024-05-30,53.71,home,debit card,returning,east,731.36,9,81.26222222222222,129
CUST_314,INV_5566,2024-04-06,12.53,clothing,credit card,loyal,south,559.07,7,79.86714285714287,155
CUST_714,INV_5567,2024-04-30,40.09,clothing,upi,returning,west,636.83,9,70.75888888888889,165
CUST_40,INV_5568,2024-05-20,129.05,home,cash on delivery,loyal,north,1247.77,12,103.98083333333334,177
CUST_104,INV_5569,2024-03-27,94.68,electronics,credit card,returning,east,748.1,7,106.87142857142858,155
CUST_900,INV_5570,2024-04-11,12.76,electronics,cash on delivery,returning,west,1352.69,8,169.08625,151
CUST_889,INV_5571,2024-04-05,17.83,clothing,debit card,loyal,south,1265.12,10,126.51199999999999,144
CUST_192,INV_5572,2024-06-21,102.37,beauty,cash on delivery,returning,east,993.54,9,110.39333333333333,161
CUST_400,INV_5573,2024-04-23,167.89,home,cash on delivery,returning,west,2887.32,18,160.40666666666667,165
CUST_277,INV_5574,2024-02-16,43.0,electronics,upi,returning,east,620.09,13,47.69923076923077,170
CUST_353,INV_5575,2024-02-27,90.46,electronics,cash on delivery,returning,south,1307.47,9,145.27444444444444,129
CUST_748,INV_5576,2024-05-12,18.71,electronics,cash on delivery,returning,west,1357.18,13,104.39846153846155,125
CUST_936,INV_5577,2024-04-30,37.31,books,upi,returning,north,1728.72,15,115.248,153
CUST_732,INV_5578,2024-04-27,2.05,beauty,cash on delivery,returning,north,586.39,9,65.15444444444444,176
CUST_579,INV_5579,2024-01-05,146.22,electronics,cash on delivery,returning,east,1594.01,11,144.91,165
CUST_708,INV_5580,2024-04-05,51.25,beauty,credit card,loyal,north,1246.67,11,113.33363636363637,127
CUST_255,INV_5581,2024-01-21,169.35,clothing,credit card,returning,south,1107.01,10,110.701,101
CUST_650,INV_5582,2024-05-31,123.23,clothing,cash on delivery,new,south,461.28000000000003,8,57.660000000000004,136
CUST_823,INV_5583,2024-05-07,176.46,books,cash on delivery,loyal,west,1463.07,9,162.56333333333333,98
CUST_946,INV_5584,2024-05-03,33.64,beauty,debit card,loyal,west,1168.55,16,73.034375,160
CUST_660,INV_5585,2024-05-25,20.47,home,credit card,new,west,1775.47,16,110.966875,162
CUST_98,INV_5586,2024-01-21,357.22,books,debit card,returning,east,1488.62,15,99.24133333333333,147
CUST_587,INV_5587,2024-02-23,126.35,electronics,cash on delivery,new,east,1142.67,14,81.61928571428572,176
CUST_281,INV_5588,2024-05-17,179.6,clothing,debit card,new,south,426.09000000000003,8,53.261250000000004,166
CUST_882,INV_5589,2024-05-31,1.32,clothing,debit card,new,south,1199.94,15,79.99600000000001,156
CUST_402,INV_5590,2024-04-13,43.77,home,upi,loyal,east,1076.0,7,153.71428571428572,163
CUST_108,INV_5591,2024-04-20,135.8,books,upi,returning,west,1502.8700000000001,15,100.19133333333335,150
CUST_699,INV_5592,2024-04-25,8.12,beauty,cash on delivery,loyal,east,2424.12,16,151.5075,174
CUST_198,INV_5593,2024-02-26,83.78,clothing,credit card,returning,west,723.96,8,90.495,146
CUST_302,INV_5594,2024-05-07,56.05,electronics,cash on delivery,new,south,1727.23,14,123.37357142857142,155
CUST_326,INV_5595,2024-05-30,1.78,home,credit card,loyal,west,2143.43,15,142.89533333333333,119
CUST_153,INV_5596,2024-05-29,26.92,home,upi,returning,east,2354.16,19,123.90315789473684,138
CUST_551,INV_5597,2024-06-10,33.52,home,credit card,returning,north,567.21,6,94.53500000000001,162
CUST_644,INV_5598,2024-04-29,11.86,electronics,debit card,new,south,1325.3999999999999,11,120.49090909090908,146
CUST_404,INV_5599,2024-03-10,99.84,home,debit card,loyal,south,401.87,13,30.913076923076922,161
CUST_461,INV_5600,2024-06-04,27.76,beauty,upi,loyal,east,875.0799999999999,8,109.38499999999999,151
CUST_131,INV_5601,2024-04-04,32.52,beauty,cash on delivery,loyal,east,1297.4,12,108.11666666666667,163
CUST_790,INV_5602,2024-04-08,228.51,books,credit card,loyal,south,1002.99,11,91.1809090909091,137
CUST_873,INV_5603,2024-06-15,62.95,books,cash on delivery,loyal,east,468.77,6,78.12833333333333,127
CUST_83,INV_5604,2024-02-11,49.78,beauty,credit card,loyal,west,1386.48,14,99.03428571428572,166
CUST_398,INV_5605,2024-05-30,128.69,electronics,upi,loyal,west,1349.8899999999999,10,134.98899999999998,155
CUST_753,INV_5606,2024-03-10,240.37,books,debit card,new,west,1313.51,10,131.351,109
CUST_627,INV_5607,2024-01-02,2.54,home,debit card,returning,north,745.88,13,57.37538461538462,174
CUST_108,INV_5608,2024-05-31,59.46,beauty,credit card,new,east,1502.8700000000001,15,100.19133333333335,150
CUST_220,INV_5609,2024-05-24,94.36,clothing,cash on delivery,returning,west,330.15999999999997,7,47.16571428571428,147
CUST_903,INV_5610,2024-04-18,38.36,electronics,upi,returning,south,1026.3,8,128.2875,158
CUST_552,INV_5611,2024-03-05,148.02,electronics,upi,returning,west,966.34,10,96.634,166
CUST_367,INV_5612,2024-03-10,355.7,beauty,cash on delivery,loyal,west,1281.82,8,160.2275,117
CUST_146,INV_5613,2024-03-09,287.22,clothing,debit card,loyal,east,1396.88,13,107.4523076923077,172
CUST_111,INV_5614,2024-04-30,30.92,electronics,cash on delivery,returning,south,1059.83,13,81.52538461538461,177
CUST_614,INV_5615,2024-04-18,25.66,books,debit card,returning,north,929.96,9,103.3288888888889,114
CUST_557,INV_5616,2024-02-29,315.8,clothing,credit card,loyal,south,1240.24,14,88.58857142857143,126
CUST_923,INV_5617,2024-06-26,61.36,home,upi,loyal,west,935.05,9,103.89444444444445,156
CUST_493,INV_5618,2024-04-02,23.36,books,credit card,returning,north,1712.71,17,100.74764705882353,171
CUST_504,INV_5619,2024-01-12,122.76,clothing,cash on delivery,returning,north,1310.05,11,119.09545454545454,156
CUST_474,INV_5620,2024-04-12,33.47,beauty,cash on delivery,new,north,412.5,6,68.75,137
CUST_835,INV_5621,2024-06-23,31.09,electronics,credit card,loyal,north,915.88,11,83.26181818181819,162
CUST_889,INV_5622,2024-04-21,211.4,books,cash on delivery,loyal,north,1265.12,10,126.51199999999999,144
CUST_270,INV_5623,2024-03-05,17.73,beauty,cash on delivery,returning,east,965.77,12,80.48083333333334,160
CUST_994,INV_5624,2024-06-03,6.66,clothing,cash on delivery,new,west,440.69,7,62.955714285714286,154
CUST_420,INV_5625,2024-02-17,31.36,home,upi,loyal,north,633.8100000000001,10,63.38100000000001,146
CUST_896,INV_5626,2024-03-28,93.38,electronics,upi,new,west,1162.97,13,89.45923076923077,154
CUST_706,INV_5627,2024-03-02,13.13,electronics,debit card,new,east,110.28,5,22.056,104
CUST_366,INV_5628,2024-02-13,63.79,books,upi,loyal,east,1142.62,13,87.89384615384614,141
CUST_279,INV_5629,2024-05-26,98.71,beauty,credit card,returning,east,696.17,7,99.45285714285714,162
CUST_282,INV_5630,2024-05-15,188.87,clothing,credit card,new,south,2115.36,18,117.52000000000001,148
CUST_39,INV_5631,2024-02-24,26.12,clothing,upi,returning,south,838.78,10,83.878,123
CUST_958,INV_5632,2024-04-17,170.02,beauty,credit card,loyal,north,897.02,9,99.66888888888889,134
CUST_188,INV_5633,2024-02-16,26.78,electronics,cash on delivery,new,east,811.53,9,90.17,94
CUST_163,INV_5634,2024-01-02,112.94,beauty,upi,returning,south,1121.61,13,86.2776923076923,130
CUST_993,INV_5635,2024-04-22,56.33,clothing,debit card,new,east,490.41,10,49.041000000000004,167
CUST_988,INV_5636,2024-06-15,12.18,beauty,debit card,new,south,415.75000000000006,7,59.39285714285715,138
CUST_535,INV_5637,2024-06-21,125.27,electronics,upi,new,east,433.76,8,54.22,147
CUST_535,INV_5638,2024-06-08,24.56,books,credit card,loyal,south,433.76,8,54.22,147
CUST_3,INV_5639,2024-06-14,19.43,electronics,upi,returning,west,433.44,5,86.688,143
CUST_834,INV_5640,2024-01-11,44.37,home,upi,new,north,1355.99,11,123.27181818181818,143
CUST_289,INV_5641,2024-05-17,105.93,home,debit card,returning,north,452.74,5,90.548,152
CUST_952,INV_5642,2024-04-21,26.66,beauty,cash on delivery,loyal,west,1082.96,10,108.296,141
CUST_432,INV_5643,2024-03-30,20.29,electronics,cash on delivery,new,north,956.8299999999999,7,136.69,39
CUST_470,INV_5644,2024-02-24,1.0,electronics,upi,new,east,1379.5900000000001,17,81.15235294117647,166
CUST_180,INV_5645,2024-05-27,63.8,clothing,debit card,new,north,722.1800000000001,8,90.27250000000001,171
CUST_247,INV_5646,2024-01-17,55.97,books,debit card,returning,north,871.75,9,96.86111111111111,159
CUST_627,INV_5647,2024-03-08,26.64,electronics,upi,returning,south,745.88,13,57.37538461538462,174
CUST_278,INV_5648,2024-05-12,5.51,beauty,upi,new,south,495.45,8,61.93125,163
CUST_876,INV_5649,2024-05-30,56.08,clothing,upi,returning,west,1446.61,14,103.3292857142857,158
CUST_580,INV_5650,2024-06-22,155.21,clothing,cash on delivery,returning,south,506.56,8,63.32,159
CUST_862,INV_5651,2024-02-21,125.63,beauty,upi,new,west,496.33,7,70.9042857142857,170
CUST_253,INV_5652,2024-05-17,197.18,beauty,debit card,new,north,1062.94,12,88.57833333333333,111
CUST_180,INV_5653,2024-06-22,0.96,electronics,upi,new,south,722.1800000000001,8,90.27250000000001,171
CUST_829,INV_5654,2024-06-04,339.38,electronics,debit card,loyal,south,2524.41,11,229.49181818181816,150
CUST_680,INV_5655,2024-04-06,41.77,clothing,debit card,new,north,853.41,11,77.58272727272727,169
CUST_824,INV_5656,2024-06-19,464.58,clothing,credit card,new,south,2560.0699999999997,19,134.74052631578945,159
CUST_508,INV_5657,2024-06-02,29.12,books,debit card,new,east,749.6,11,68.14545454545454,169
CUST_760,INV_5658,2024-02-17,63.78,clothing,credit card,new,south,1743.15,12,145.26250000000002,141
CUST_699,INV_5659,2024-01-29,43.68,beauty,upi,new,east,2424.12,16,151.5075,174
CUST_565,INV_5660,2024-01-27,43.97,beauty,credit card,new,west,951.3399999999999,12,79.27833333333332,162
CUST_325,INV_5661,2024-05-25,184.69,books,cash on delivery,new,south,849.9300000000001,9,94.43666666666667,159
CUST_356,INV_5662,2024-04-13,137.21,home,cash on delivery,new,south,905.13,8,113.14125,131
CUST_824,INV_5663,2024-02-29,484.74,home,cash on delivery,loyal,east,2560.0699999999997,19,134.74052631578945,159
CUST_649,INV_5664,2024-04-15,95.07,beauty,upi,returning,north,1150.4,12,95.86666666666667,151
CUST_679,INV_5665,2024-03-09,62.22,home,debit card,loyal,west,524.1899999999999,6,87.365,144
CUST_390,INV_5666,2024-04-23,9.44,home,cash on delivery,loyal,west,1193.3,11,108.48181818181818,157
CUST_614,INV_5667,2024-01-21,567.27,books,credit card,new,east,929.96,9,103.3288888888889,114
CUST_933,INV_5668,2024-05-31,80.19,clothing,upi,new,north,816.76,11,74.25090909090909,151
CUST_84,INV_5669,2024-04-11,120.56,clothing,upi,new,south,715.28,8,89.41,97
CUST_316,INV_5670,2024-05-10,52.21,home,credit card,new,north,1069.17,8,133.64625,175
CUST_211,INV_5671,2024-04-04,79.34,electronics,credit card,returning,north,1284.27,8,160.53375,155
CUST_514,INV_5672,2024-04-14,285.73,books,upi,returning,east,1404.29,10,140.429,167
CUST_383,INV_5673,2024-05-04,18.2,home,upi,loyal,north,1846.6,12,153.88333333333333,151
CUST_690,INV_5674,2024-01-02,34.58,electronics,debit card,returning,north,1153.93,12,96.16083333333334,166
CUST_341,INV_5675,2024-03-06,16.49,electronics,upi,loyal,east,1885.17,11,171.3790909090909,147
CUST_814,INV_5676,2024-04-22,157.13,books,credit card,new,north,1539.8899999999999,11,139.98999999999998,166
CUST_963,INV_5677,2024-06-18,6.41,clothing,upi,loyal,north,738.24,7,105.46285714285715,149
CUST_987,INV_5678,2024-06-10,8.52,beauty,upi,loyal,west,1846.98,17,108.64588235294117,171
CUST_843,INV_5679,2024-02-11,35.45,electronics,credit card,returning,east,735.54,9,81.72666666666666,112
CUST_37,INV_5680,2024-01-20,72.19,beauty,debit card,loyal,east,855.48,6,142.58,158
CUST_510,INV_5681,2024-04-06,52.13,beauty,upi,new,east,657.49,14,46.96357142857143,136
CUST_419,INV_5682,2024-03-08,4.59,books,cash on delivery,new,north,1069.12,15,71.27466666666666,166
CUST_750,INV_5683,2024-06-21,315.81,clothing,cash on delivery,new,west,1289.12,13,99.16307692307691,171
CUST_168,INV_5684,2024-03-15,305.48,books,credit card,new,west,671.21,5,134.24200000000002,157
CUST_964,INV_5685,2024-05-04,32.76,electronics,credit card,returning,south,323.58,6,53.93,127
CUST_908,INV_5686,2024-06-18,131.5,clothing,credit card,loyal,east,947.69,13,72.89923076923077,157
CUST_342,INV_5687,2024-02-16,86.41,home,cash on delivery,loyal,west,881.05,13,67.77307692307691,151
CUST_825,INV_5688,2024-01-05,27.11,clothing,credit card,loyal,west,775.45,9,86.16111111111111,155
CUST_305,INV_5689,2024-02-18,30.4,books,cash on delivery,loyal,west,1482.96,10,148.296,141
CUST_541,INV_5690,2024-05-03,67.56,books,debit card,new,east,922.86,13,70.98923076923077,142
CUST_701,INV_5691,2024-02-06,54.34,beauty,credit card,returning,north,1062.53,11,96.59363636363636,125
CUST_868,INV_5692,2024-06-10,34.42,home,upi,loyal,south,823.44,10,82.34400000000001,168
CUST_536,INV_5693,2024-05-25,164.77,clothing,debit card,loyal,south,2514.01,16,157.125625,170
CUST_111,INV_5694,2024-01-19,65.67,home,cash on delivery,returning,north,1059.83,13,81.52538461538461,177
CUST_410,INV_5695,2024-02-09,106.38,beauty,credit card,loyal,east,542.35,6,90.39166666666667,118
CUST_946,INV_5696,2024-01-17,20.98,home,upi,returning,west,1168.55,16,73.034375,160
CUST_205,INV_5697,2024-04-08,76.25,home,cash on delivery,loyal,north,1322.57,13,101.73615384615384,175
CUST_184,INV_5698,2024-04-02,38.27,clothing,debit card,returning,south,638.32,8,79.79,128
CUST_381,INV_5699,2024-02-11,74.74,home,upi,loyal,east,1291.66,10,129.166,129
CUST_495,INV_5700,2024-05-02,151.79,beauty,debit card,new,west,1322.4,8,165.3,129
CUST_378,INV_5701,2024-04-16,146.5,electronics,credit card,loyal,south,932.3599999999999,7,133.1942857142857,111
CUST_46,INV_5702,2024-03-12,43.73,electronics,upi,new,south,1456.6399999999999,12,121.38666666666666,150
CUST_885,INV_5703,2024-03-05,118.51,books,credit card,returning,south,990.19,11,90.01727272727273,143
CUST_739,INV_5704,2024-04-18,283.51,electronics,cash on delivery,new,west,1467.28,10,146.728,164
CUST_550,INV_5705,2024-02-22,98.26,clothing,cash on delivery,loyal,south,1213.02,12,101.085,156
CUST_527,INV_5706,2024-05-14,16.07,books,debit card,new,east,1312.62,12,109.38499999999999,133
CUST_503,INV_5707,2024-05-12,113.85,electronics,credit card,new,east,1643.37,11,149.3972727272727,159
CUST_21,INV_5708,2024-01-24,11.08,electronics,credit card,loyal,west,1068.97,15,71.26466666666667,156
CUST_212,INV_5709,2024-01-28,205.66,books,upi,returning,east,783.83,9,87.09222222222223,133
CUST_309,INV_5710,2024-03-02,72.7,clothing,cash on delivery,new,north,643.33,8,80.41625,164
CUST_660,INV_5711,2024-01-17,48.64,books,credit card,loyal,east,1775.47,16,110.966875,162
CUST_967,INV_5712,2024-01-20,5.87,clothing,credit card,new,south,663.1800000000001,11,60.289090909090916,140
CUST_752,INV_5713,2024-01-03,47.93,clothing,credit card,returning,south,1458.89,11,132.62636363636364,175
CUST_271,INV_5714,2024-06-13,233.52,beauty,cash on delivery,returning,east,1447.75,7,206.82142857142858,140
CUST_570,INV_5715,2024-05-22,2.12,electronics,cash on delivery,returning,east,1121.49,14,80.10642857142857,155
CUST_798,INV_5716,2024-02-20,64.37,electronics,cash on delivery,new,west,1315.81,7,187.97285714285712,145
CUST_937,INV_5717,2024-06-24,267.59,home,debit card,loyal,west,1849.38,14,132.09857142857143,167
CUST_201,INV_5718,2024-05-15,50.23,books,cash on delivery,returning,north,1577.01,9,175.22333333333333,175
CUST_31,INV_5719,2024-05-20,55.89,beauty,cash on delivery,loyal,east,213.66,6,35.61,109
CUST_442,INV_5720,2024-06-24,86.41,electronics,cash on delivery,returning,north,1684.2,14,120.3,146
CUST_161,INV_5721,2024-01-03,62.16,home,upi,new,east,788.74,12,65.72833333333334,173
CUST_766,INV_5722,2024-03-13,18.46,beauty,upi,new,north,656.89,8,82.11125,160
CUST_253,INV_5723,2024-06-07,1.87,clothing,credit card,returning,east,1062.94,12,88.57833333333333,111
CUST_520,INV_5724,2024-04-14,94.11,electronics,upi,loyal,east,1246.13,10,124.61300000000001,137
CUST_976,INV_5725,2024-04-27,253.59,books,debit card,loyal,east,937.01,8,117.12625,114
CUST_650,INV_5726,2024-06-02,11.25,beauty,debit card,returning,north,461.28000000000003,8,57.660000000000004,136
CUST_479,INV_5727,2024-02-03,23.69,home,credit card,new,south,1529.98,12,127.49833333333333,144
CUST_9,INV_5728,2024-05-16,46.24,books,credit card,loyal,west,883.4699999999999,13,67.95923076923076,156
CUST_725,INV_5729,2024-03-02,165.41,clothing,debit card,loyal,west,1953.04,22,88.77454545454545,130
CUST_504,INV_5730,2024-04-29,31.37,books,debit card,new,north,1310.05,11,119.09545454545454,156
CUST_784,INV_5731,2024-04-24,213.75,home,debit card,loyal,east,1441.15,13,110.85769230769232,156
CUST_835,INV_5732,2024-01-13,5.65,clothing,credit card,returning,south,915.88,11,83.26181818181819,162
CUST_559,INV_5733,2024-03-09,282.95,home,debit card,new,north,1782.0,11,162.0,111
CUST_435,INV_5734,2024-06-17,82.27,electronics,credit card,returning,north,852.01,12,71.00083333333333,173
CUST_110,INV_5735,2024-03-17,107.52,home,debit card,new,west,3131.33,17,184.19588235294117,168
CUST_152,INV_5736,2024-01-01,45.84,books,debit card,returning,west,595.8299999999999,8,74.47874999999999,124
CUST_634,INV_5737,2024-03-29,152.32,electronics,upi,returning,south,1118.36,6,186.39333333333332,146
CUST_916,INV_5738,2024-02-16,18.22,electronics,debit card,returning,east,1850.32,16,115.645,127
CUST_868,INV_5739,2024-01-04,5.01,beauty,credit card,loyal,south,823.44,10,82.34400000000001,168
CUST_101,INV_5740,2024-06-28,50.34,books,debit card,loyal,west,642.11,11,58.373636363636365,156
CUST_752,INV_5741,2024-01-10,192.21,books,cash on delivery,returning,east,1458.89,11,132.62636363636364,175
CUST_832,INV_5742,2024-01-28,140.62,clothing,upi,returning,south,1070.51,14,76.465,169
CUST_190,INV_5743,2024-04-30,72.81,home,debit card,new,north,897.22,13,69.01692307692308,127
CUST_728,INV_5744,2024-05-05,84.9,home,debit card,loyal,north,808.54,9,89.83777777777777,142
CUST_562,INV_5745,2024-05-13,13.91,books,cash on delivery,returning,north,1821.19,13,140.09153846153848,176
CUST_803,INV_5746,2024-06-03,183.68,home,cash on delivery,loyal,east,917.4300000000001,14,65.5307142857143,157
CUST_80,INV_5747,2024-05-19,154.63,books,cash on delivery,new,east,786.99,8,98.37375,175
CUST_488,INV_5748,2024-03-02,106.85,electronics,cash on delivery,returning,west,1247.72,11,113.42909090909092,117
CUST_894,INV_5749,2024-06-28,62.77,home,cash on delivery,loyal,south,761.35,10,76.135,161
CUST_87,INV_5750,2024-06-24,333.71,home,cash on delivery,new,east,869.63,11,79.05727272727273,164
CUST_193,INV_5751,2024-03-07,211.22,books,debit card,returning,east,1323.7,13,101.82307692307693,165
CUST_103,INV_5752,2024-06-22,103.4,books,credit card,loyal,south,1251.99,14,89.42785714285715,172
CUST_782,INV_5753,2024-03-14,46.49,clothing,debit card,new,west,1358.75,16,84.921875,170
CUST_95,INV_5754,2024-04-04,96.24,home,debit card,new,east,922.15,11,83.83181818181818,172
CUST_422,INV_5755,2024-05-22,85.67,beauty,debit card,loyal,south,1065.8,6,177.63333333333333,139
CUST_890,INV_5756,2024-02-05,50.13,books,upi,returning,east,2004.37,19,105.49315789473684,170
CUST_197,INV_5757,2024-05-21,36.63,beauty,credit card,loyal,east,939.88,9,104.43111111111111,139
CUST_0,INV_5758,2024-04-21,52.26,electronics,credit card,new,west,944.31,16,59.019375,127
CUST_406,INV_5759,2024-05-10,85.31,electronics,upi,new,north,1119.5,11,101.77272727272727,149
CUST_377,INV_5760,2024-04-22,55.89,beauty,credit card,returning,east,1043.45,13,80.26538461538462,166
CUST_166,INV_5761,2024-04-19,30.59,electronics,upi,loyal,west,357.65999999999997,6,59.60999999999999,84
CUST_508,INV_5762,2024-04-23,143.11,beauty,debit card,returning,south,749.6,11,68.14545454545454,169
CUST_637,INV_5763,2024-03-07,75.81,clothing,credit card,returning,south,1027.08,13,79.00615384615384,145
CUST_312,INV_5764,2024-05-05,7.01,clothing,debit card,new,north,1643.46,13,126.42,152
CUST_592,INV_5765,2024-03-26,45.94,electronics,cash on delivery,loyal,south,1160.55,8,145.06875,97
CUST_417,INV_5766,2024-01-19,216.21,beauty,debit card,loyal,north,1103.4,6,183.9,128
CUST_762,INV_5767,2024-03-09,140.75,beauty,credit card,new,east,767.49,12,63.9575,149
CUST_680,INV_5768,2024-01-10,39.04,beauty,debit card,new,north,853.41,11,77.58272727272727,169
CUST_476,INV_5769,2024-06-09,278.36,electronics,debit card,loyal,east,1088.04,15,72.536,158
CUST_72,INV_5770,2024-05-20,7.97,beauty,upi,returning,south,2477.25,19,130.3815789473684,176
CUST_140,INV_5771,2024-05-07,325.02,books,credit card,returning,north,1463.55,14,104.53928571428571,160
CUST_581,INV_5772,2024-04-08,28.2,beauty,debit card,loyal,west,1979.65,13,152.28076923076924,145
CUST_261,INV_5773,2024-06-27,0.91,books,upi,returning,south,623.03,8,77.87875,141
CUST_339,INV_5774,2024-02-01,56.88,clothing,credit card,returning,south,857.42,12,71.45166666666667,155
CUST_307,INV_5775,2024-04-21,44.47,books,cash on delivery,new,south,1040.1299999999999,9,115.57,106
CUST_244,INV_5776,2024-01-24,77.46,clothing,debit card,returning,south,845.55,9,93.94999999999999,168
CUST_514,INV_5777,2024-02-04,159.34,electronics,debit card,new,south,1404.29,10,140.429,167
CUST_336,INV_5778,2024-03-23,184.79,clothing,debit card,returning,west,1099.62,10,109.96199999999999,128
CUST_574,INV_5779,2024-03-10,51.29,clothing,debit card,loyal,west,1145.9,15,76.39333333333335,157
CUST_560,INV_5780,2024-06-16,56.18,beauty,debit card,new,west,1191.05,12,99.25416666666666,167
CUST_75,INV_5781,2024-04-18,16.04,home,cash on delivery,loyal,north,1046.33,12,87.19416666666666,147
CUST_879,INV_5782,2024-06-20,4.87,clothing,cash on delivery,new,south,846.73,6,141.12166666666667,151
CUST_174,INV_5783,2024-04-08,102.5,books,credit card,returning,north,815.64,11,74.1490909090909,134
CUST_108,INV_5784,2024-02-02,6.66,electronics,credit card,loyal,north,1502.8700000000001,15,100.19133333333335,150
CUST_182,INV_5785,2024-02-25,132.36,books,upi,new,north,1836.42,14,131.17285714285714,157
CUST_191,INV_5786,2024-06-12,77.46,electronics,upi,loyal,south,1744.07,14,124.57642857142856,154
CUST_64,INV_5787,2024-05-26,22.14,books,upi,loyal,south,1123.87,14,80.27642857142857,167
CUST_848,INV_5788,2024-06-19,77.55,clothing,cash on delivery,returning,north,2094.2799999999997,16,130.89249999999998,147
CUST_962,INV_5789,2024-01-12,20.21,home,credit card,new,south,1727.8,16,107.9875,166
CUST_473,INV_5790,2024-01-11,57.76,clothing,credit card,returning,north,1449.27,12,120.7725,163
CUST_782,INV_5791,2024-03-10,160.72,beauty,cash on delivery,loyal,south,1358.75,16,84.921875,170
CUST_99,INV_5792,2024-05-19,61.97,books,credit card,new,south,591.23,7,84.46142857142857,164
CUST_543,INV_5793,2024-02-10,16.1,home,debit card,loyal,north,729.12,10,72.912,179
CUST_863,INV_5794,2024-06-01,128.67,books,credit card,loyal,west,1743.0,12,145.25,141
CUST_127,INV_5795,2024-04-15,20.67,beauty,credit card,new,south,1051.28,13,80.86769230769231,162
CUST_451,INV_5796,2024-01-03,134.15,beauty,debit card,loyal,north,920.62,11,83.69272727272727,161
CUST_913,INV_5797,2024-01-03,65.27,beauty,upi,new,north,1886.23,11,171.47545454545454,176
CUST_368,INV_5798,2024-03-24,60.47,clothing,upi,new,south,721.13,11,65.55727272727273,176
CUST_850,INV_5799,2024-06-04,190.67,clothing,upi,new,south,750.55,8,93.81875,160
CUST_42,INV_5800,2024-05-30,123.31,home,cash on delivery,loyal,north,1234.35,12,102.8625,151
CUST_883,INV_5801,2024-06-24,3.35,beauty,debit card,returning,north,1316.5900000000001,13,101.27615384615386,174
CUST_418,INV_5802,2024-06-18,35.12,clothing,debit card,loyal,north,812.63,12,67.71916666666667,149
CUST_487,INV_5803,2024-04-16,204.73,electronics,cash on delivery,loyal,east,1176.0,10,117.6,140
CUST_77,INV_5804,2024-06-16,1.85,electronics,debit card,new,south,547.69,10,54.769000000000005,140
CUST_825,INV_5805,2024-05-13,78.8,clothing,credit card,returning,east,775.45,9,86.16111111111111,155
CUST_800,INV_5806,2024-01-20,130.13,home,upi,new,north,509.39,7,72.77,148
CUST_269,INV_5807,2024-05-18,97.25,books,debit card,loyal,east,1414.0900000000001,12,117.84083333333335,156
CUST_673,INV_5808,2024-04-05,142.93,beauty,debit card,returning,west,1697.43,10,169.743,139
CUST_700,INV_5809,2024-05-03,129.35,clothing,upi,new,north,734.36,10,73.436,142
CUST_758,INV_5810,2024-06-03,117.78,home,cash on delivery,loyal,west,1520.67,12,126.72250000000001,150
CUST_899,INV_5811,2024-01-21,172.34,books,upi,loyal,east,1282.45,12,106.87083333333334,155
CUST_727,INV_5812,2024-04-23,103.76,home,cash on delivery,returning,west,1229.15,12,102.42916666666667,160
CUST_314,INV_5813,2024-01-13,51.49,books,cash on delivery,loyal,east,559.07,7,79.86714285714287,155
CUST_924,INV_5814,2024-03-26,63.85,electronics,credit card,loyal,south,1477.36,17,86.9035294117647,156
CUST_850,INV_5815,2024-02-04,126.13,books,upi,loyal,south,750.55,8,93.81875,160
CUST_901,INV_5816,2024-02-16,208.99,electronics,debit card,loyal,east,1474.79,12,122.89916666666666,165
CUST_888,INV_5817,2024-06-04,31.78,beauty,cash on delivery,returning,north,922.5,13,70.96153846153847,151
CUST_992,INV_5818,2024-05-28,41.87,clothing,credit card,loyal,south,1168.02,12,97.335,121
CUST_944,INV_5819,2024-05-25,266.99,electronics,upi,loyal,east,1317.27,12,109.7725,148
CUST_167,INV_5820,2024-06-07,86.4,home,cash on delivery,loyal,north,1408.6799999999998,11,128.06181818181815,154
CUST_338,INV_5821,2024-05-04,19.72,books,credit card,returning,south,1012.3600000000001,9,112.48444444444446,154
CUST_192,INV_5822,2024-04-19,108.97,home,debit card,returning,east,993.54,9,110.39333333333333,161
CUST_452,INV_5823,2024-02-06,468.44,electronics,cash on delivery,new,north,1422.5,11,129.3181818181818,156
CUST_282,INV_5824,2024-01-21,173.42,home,cash on delivery,returning,north,2115.36,18,117.52000000000001,148
CUST_335,INV_5825,2024-01-14,136.94,books,debit card,loyal,east,1313.5,11,119.4090909090909,107
CUST_389,INV_5826,2024-03-31,23.33,clothing,debit card,returning,west,1622.9,15,108.19333333333334,171
CUST_999,INV_5827,2024-02-29,208.86,home,debit card,returning,west,517.4000000000001,4,129.35000000000002,167
CUST_524,INV_5828,2024-05-03,74.61,beauty,cash on delivery,returning,west,1104.35,12,92.02916666666665,130
CUST_239,INV_5829,2024-01-23,220.08,books,credit card,loyal,west,355.33000000000004,2,177.66500000000002,86
CUST_831,INV_5830,2024-04-20,40.02,books,credit card,new,north,1121.82,13,86.29384615384615,139
CUST_957,INV_5831,2024-05-03,6.41,beauty,debit card,new,west,1402.95,15,93.53,149
CUST_482,INV_5832,2024-06-05,64.62,electronics,credit card,new,east,899.09,11,81.73545454545454,137
CUST_658,INV_5833,2024-06-23,31.45,beauty,debit card,new,north,1108.12,15,73.87466666666666,158
CUST_715,INV_5834,2024-01-30,125.61,electronics,debit card,returning,west,1019.37,7,145.62428571428572,162
CUST_591,INV_5835,2024-04-24,314.9,clothing,upi,new,east,963.76,6,160.62666666666667,104
CUST_890,INV_5836,2024-03-30,117.43,electronics,credit card,returning,south,2004.37,19,105.49315789473684,170
CUST_554,INV_5837,2024-02-07,217.98,clothing,cash on delivery,returning,north,467.72999999999996,5,93.54599999999999,124
CUST_457,INV_5838,2024-03-23,60.34,clothing,upi,new,east,453.36,6,75.56,111
CUST_88,INV_5839,2024-01-27,147.68,beauty,debit card,loyal,west,1012.77,8,126.59625,155
CUST_659,INV_5840,2024-04-13,185.18,clothing,upi,new,east,1856.52,14,132.60857142857142,164
CUST_94,INV_5841,2024-04-25,124.09,electronics,debit card,new,north,968.11,8,121.01375,152
CUST_451,INV_5842,2024-01-15,70.88,home,debit card,returning,south,920.62,11,83.69272727272727,161
CUST_427,INV_5843,2024-01-03,98.31,books,debit card,returning,west,618.85,10,61.885000000000005,172
CUST_150,INV_5844,2024-01-10,120.57,books,credit card,new,east,671.38,7,95.91142857142857,151
CUST_513,INV_5845,2024-04-29,29.18,electronics,debit card,new,south,1542.87,9,171.42999999999998,138
CUST_375,INV_5846,2024-05-24,165.85,home,debit card,loyal,north,1246.71,14,89.05071428571429,148
CUST_21,INV_5847,2024-05-07,300.22,clothing,credit card,loyal,west,1068.97,15,71.26466666666667,156
CUST_882,INV_5848,2024-01-11,62.59,electronics,credit card,loyal,south,1199.94,15,79.99600000000001,156
CUST_312,INV_5849,2024-06-24,120.75,clothing,debit card,returning,north,1643.46,13,126.42,152
CUST_996,INV_5850,2024-05-12,133.57,beauty,credit card,loyal,west,892.71,10,89.271,139
CUST_839,INV_5851,2024-03-09,108.54,home,cash on delivery,returning,east,1780.11,16,111.256875,135
CUST_518,INV_5852,2024-03-04,79.21,books,cash on delivery,returning,south,1608.16,10,160.816,168
CUST_205,INV_5853,2024-01-14,213.41,electronics,debit card,new,north,1322.57,13,101.73615384615384,175
CUST_951,INV_5854,2024-02-19,59.59,books,upi,loyal,east,1323.99,12,110.3325,141
CUST_374,INV_5855,2024-06-02,6.3,clothing,credit card,new,west,1235.58,13,95.04461538461538,162
CUST_450,INV_5856,2024-03-12,186.15,clothing,upi,new,south,990.25,9,110.02777777777777,110
CUST_625,INV_5857,2024-03-09,112.08,beauty,cash on delivery,returning,north,590.19,7,84.31285714285715,94
CUST_783,INV_5858,2024-05-14,189.22,clothing,debit card,loyal,south,979.42,8,122.4275,141
CUST_594,INV_5859,2024-05-06,14.91,clothing,cash on delivery,new,east,511.0,5,102.2,128
CUST_178,INV_5860,2024-01-16,3.12,books,credit card,returning,east,1390.4499999999998,10,139.045,161
CUST_209,INV_5861,2024-03-18,272.38,books,credit card,new,north,1118.48,11,101.68,159
CUST_499,INV_5862,2024-04-10,15.98,electronics,debit card,loyal,south,727.19,14,51.94214285714286,170
CUST_463,INV_5863,2024-02-25,165.89,electronics,credit card,returning,south,914.48,6,152.41333333333333,162
CUST_839,INV_5864,2024-04-14,173.28,clothing,credit card,loyal,east,1780.11,16,111.256875,135
CUST_123,INV_5865,2024-05-11,123.34,home,credit card,new,south,2252.29,12,187.69083333333333,151
CUST_992,INV_5866,2024-02-17,14.07,electronics,upi,returning,south,1168.02,12,97.335,121
CUST_112,INV_5867,2024-01-17,110.08,clothing,debit card,new,south,2010.72,18,111.70666666666666,160
CUST_11,INV_5868,2024-04-20,219.9,books,debit card,new,north,2019.26,18,112.18111111111111,160
CUST_125,INV_5869,2024-06-12,55.43,beauty,debit card,loyal,east,1259.0,12,104.91666666666667,149
CUST_564,INV_5870,2024-03-10,53.36,books,credit card,returning,west,1502.43,8,187.80375,93
CUST_330,INV_5871,2024-03-20,58.49,books,credit card,new,north,870.25,13,66.9423076923077,171
CUST_900,INV_5872,2024-04-02,8.59,beauty,credit card,loyal,east,1352.69,8,169.08625,151
CUST_282,INV_5873,2024-02-07,222.59,books,debit card,loyal,north,2115.36,18,117.52000000000001,148
CUST_139,INV_5874,2024-04-10,203.4,electronics,upi,returning,west,1144.72,8,143.09,97
CUST_400,INV_5875,2024-03-02,617.03,books,cash on delivery,new,north,2887.32,18,160.40666666666667,165
CUST_901,INV_5876,2024-04-30,87.99,beauty,debit card,returning,north,1474.79,12,122.89916666666666,165
CUST_96,INV_5877,2024-02-17,139.11,clothing,debit card,returning,west,880.9200000000001,9,97.88000000000001,153
CUST_516,INV_5878,2024-01-10,22.65,clothing,upi,new,south,1407.26,13,108.25076923076924,168
CUST_568,INV_5879,2024-02-05,110.12,clothing,cash on delivery,returning,east,368.41,8,46.05125,172
CUST_923,INV_5880,2024-06-05,104.91,beauty,cash on delivery,returning,west,935.05,9,103.89444444444445,156
CUST_845,INV_5881,2024-01-04,231.47,beauty,credit card,returning,north,789.13,9,87.68111111111111,163
CUST_68,INV_5882,2024-02-13,177.66,electronics,cash on delivery,loyal,south,1342.35,15,89.49,125
CUST_117,INV_5883,2024-02-25,278.82,beauty,credit card,new,north,2229.23,16,139.326875,150
CUST_887,INV_5884,2024-02-11,203.13,clothing,debit card,returning,south,1046.3799999999999,12,87.19833333333332,161
CUST_58,INV_5885,2024-04-23,203.02,beauty,upi,loyal,north,1328.9,14,94.92142857142858,150
CUST_32,INV_5886,2024-05-20,6.58,home,debit card,loyal,east,724.78,6,120.79666666666667,152
CUST_317,INV_5887,2024-06-22,187.06,books,cash on delivery,returning,east,2119.2799999999997,16,132.45499999999998,166
CUST_49,INV_5888,2024-06-09,93.52,electronics,debit card,new,north,869.48,9,96.60888888888888,134
CUST_879,INV_5889,2024-01-21,47.88,clothing,upi,loyal,west,846.73,6,141.12166666666667,151
CUST_488,INV_5890,2024-03-19,5.82,clothing,upi,returning,north,1247.72,11,113.42909090909092,117
CUST_18,INV_5891,2024-03-09,113.22,home,credit card,new,north,1436.15,15,95.74333333333334,167
CUST_725,INV_5892,2024-03-10,39.78,electronics,debit card,new,west,1953.04,22,88.77454545454545,130
CUST_196,INV_5893,2024-03-07,63.07,books,upi,returning,west,595.04,6,99.17333333333333,114
CUST_890,INV_5894,2024-02-17,114.49,electronics,upi,loyal,north,2004.37,19,105.49315789473684,170
CUST_449,INV_5895,2024-06-09,242.79,electronics,upi,new,south,1535.53,15,102.36866666666667,160
CUST_989,INV_5896,2024-02-05,174.55,clothing,upi,new,east,1160.0,12,96.66666666666667,120
CUST_558,INV_5897,2024-06-09,59.89,beauty,cash on delivery,new,south,1012.74,15,67.516,163
CUST_678,INV_5898,2024-06-07,49.07,books,debit card,new,west,705.93,9,78.43666666666667,154
CUST_451,INV_5899,2024-05-28,27.41,electronics,debit card,loyal,east,920.62,11,83.69272727272727,161
CUST_288,INV_5900,2024-01-27,46.59,home,debit card,loyal,north,1444.41,15,96.29400000000001,150
CUST_140,INV_5901,2024-03-12,11.77,clothing,cash on delivery,returning,east,1463.55,14,104.53928571428571,160
CUST_83,INV_5902,2024-04-10,354.41,beauty,cash on delivery,returning,north,1386.48,14,99.03428571428572,166
CUST_693,INV_5903,2024-04-05,85.31,beauty,upi,loyal,north,1090.33,9,121.14777777777778,156
CUST_390,INV_5904,2024-05-07,13.67,clothing,cash on delivery,returning,west,1193.3,11,108.48181818181818,157
CUST_590,INV_5905,2024-01-26,43.51,electronics,credit card,new,south,609.6800000000001,7,87.09714285714287,65
CUST_214,INV_5906,2024-03-06,79.19,clothing,cash on delivery,loyal,west,1047.22,10,104.72200000000001,142
CUST_525,INV_5907,2024-05-19,76.12,beauty,upi,new,west,1304.45,15,86.96333333333334,174
CUST_214,INV_5908,2024-01-22,3.61,beauty,debit card,loyal,east,1047.22,10,104.72200000000001,142
CUST_402,INV_5909,2024-01-17,301.27,home,cash on delivery,loyal,south,1076.0,7,153.71428571428572,163
CUST_127,INV_5910,2024-01-07,32.21,home,debit card,returning,south,1051.28,13,80.86769230769231,162
CUST_821,INV_5911,2024-04-16,1.63,beauty,debit card,loyal,south,2552.8,18,141.82222222222222,162
CUST_476,INV_5912,2024-03-08,7.95,home,credit card,returning,south,1088.04,15,72.536,158
CUST_759,INV_5913,2024-05-07,86.8,home,credit card,loyal,east,751.3000000000001,6,125.21666666666668,176
CUST_403,INV_5914,2024-02-06,14.83,home,cash on delivery,new,east,1055.5900000000001,8,131.94875000000002,91
CUST_28,INV_5915,2024-02-07,4.26,beauty,debit card,new,west,559.96,11,50.905454545454546,136
CUST_791,INV_5916,2024-04-05,47.74,electronics,upi,new,west,862.3,11,78.39090909090909,159
CUST_337,INV_5917,2024-05-18,97.49,electronics,debit card,new,south,1842.48,13,141.72923076923078,162
CUST_830,INV_5918,2024-01-01,11.86,books,debit card,new,west,1706.6100000000001,14,121.9007142857143,146
CUST_713,INV_5919,2024-06-01,37.59,home,credit card,new,east,902.01,11,82.00090909090909,163
CUST_360,INV_5920,2024-02-11,54.09,electronics,credit card,loyal,west,1133.4299999999998,11,103.03909090909089,83
CUST_568,INV_5921,2024-06-28,17.37,books,credit card,returning,north,368.41,8,46.05125,172
CUST_391,INV_5922,2024-05-31,70.54,clothing,credit card,loyal,west,759.66,10,75.966,149
CUST_217,INV_5923,2024-03-03,8.91,home,cash on delivery,new,east,1137.8400000000001,13,87.52615384615386,138
CUST_573,INV_5924,2024-03-21,4.76,electronics,cash on delivery,new,south,1355.1000000000001,14,96.79285714285716,132
CUST_668,INV_5925,2024-01-08,73.36,electronics,debit card,loyal,north,659.13,9,73.23666666666666,120
CUST_201,INV_5926,2024-06-21,28.49,electronics,cash on delivery,returning,north,1577.01,9,175.22333333333333,175
CUST_16,INV_5927,2024-01-27,10.02,books,upi,returning,north,875.55,13,67.35,151
CUST_321,INV_5928,2024-02-21,55.15,clothing,debit card,returning,west,427.93,6,71.32166666666667,120
CUST_517,INV_5929,2024-05-25,246.68,home,debit card,returning,west,1311.9299999999998,10,131.19299999999998,153
CUST_569,INV_5930,2024-03-31,128.81,electronics,upi,new,north,1196.6599999999999,9,132.9622222222222,129
CUST_324,INV_5931,2024-03-26,169.07,beauty,debit card,new,north,831.17,8,103.89625,145
CUST_411,INV_5932,2024-01-16,205.51,home,upi,returning,south,1097.61,9,121.95666666666665,163
CUST_317,INV_5933,2024-03-06,359.82,beauty,credit card,loyal,south,2119.2799999999997,16,132.45499999999998,166
CUST_680,INV_5934,2024-01-05,144.07,books,credit card,loyal,north,853.41,11,77.58272727272727,169
CUST_964,INV_5935,2024-03-22,93.75,electronics,credit card,new,south,323.58,6,53.93,127
CUST_81,INV_5936,2024-05-10,45.48,home,upi,loyal,east,954.4300000000001,11,86.76636363636364,115
CUST_473,INV_5937,2024-04-27,20.05,home,cash on delivery,new,west,1449.27,12,120.7725,163
CUST_467,INV_5938,2024-03-21,116.05,electronics,cash on delivery,new,south,728.05,6,121.34166666666665,158
CUST_424,INV_5939,2024-03-10,528.84,clothing,debit card,returning,east,1788.03,11,162.5481818181818,96
CUST_944,INV_5940,2024-04-24,62.99,books,credit card,returning,west,1317.27,12,109.7725,148
CUST_730,INV_5941,2024-01-07,128.62,electronics,credit card,returning,south,618.28,10,61.827999999999996,120
CUST_688,INV_5942,2024-02-19,68.34,home,debit card,returning,west,1145.06,9,127.22888888888889,143
CUST_203,INV_5943,2024-05-21,56.55,clothing,credit card,returning,east,469.57,7,67.08142857142857,132
CUST_582,INV_5944,2024-06-14,52.82,home,credit card,returning,east,332.45,7,47.49285714285714,164
CUST_386,INV_5945,2024-04-20,70.24,beauty,upi,loyal,west,2344.88,16,146.555,158
CUST_777,INV_5946,2024-02-16,45.71,home,debit card,returning,north,627.48,11,57.04363636363637,172
CUST_97,INV_5947,2024-04-21,138.14,books,upi,returning,south,1315.1100000000001,9,146.12333333333333,161
CUST_344,INV_5948,2024-06-09,207.36,electronics,credit card,new,north,1541.7,12,128.475,156
CUST_802,INV_5949,2024-02-12,214.46,home,credit card,new,east,1426.79,12,118.89916666666666,159
CUST_207,INV_5950,2024-03-31,25.84,beauty,debit card,returning,west,991.4,8,123.925,109
CUST_513,INV_5951,2024-01-29,226.25,beauty,credit card,new,south,1542.87,9,171.42999999999998,138
CUST_635,INV_5952,2024-05-07,41.79,electronics,cash on delivery,loyal,south,338.47,5,67.694,111
CUST_791,INV_5953,2024-05-12,37.01,beauty,upi,loyal,north,862.3,11,78.39090909090909,159
CUST_585,INV_5954,2024-04-05,129.74,electronics,upi,loyal,south,685.78,10,68.578,150
CUST_165,INV_5955,2024-04-26,36.34,books,cash on delivery,loyal,south,1617.77,12,134.81416666666667,131
CUST_21,INV_5956,2024-03-10,5.44,electronics,debit card,returning,south,1068.97,15,71.26466666666667,156
CUST_153,INV_5957,2024-05-09,46.78,clothing,debit card,loyal,east,2354.16,19,123.90315789473684,138
CUST_938,INV_5958,2024-03-10,127.82,beauty,credit card,loyal,north,690.6800000000001,10,69.06800000000001,147
CUST_438,INV_5959,2024-04-19,39.59,beauty,debit card,loyal,east,1688.78,15,112.58533333333334,163
CUST_294,INV_5960,2024-06-19,99.31,home,cash on delivery,loyal,west,2038.52,9,226.50222222222223,152
CUST_218,INV_5961,2024-05-11,107.92,clothing,debit card,new,west,320.1,4,80.025,141
CUST_668,INV_5962,2024-02-25,132.33,home,credit card,loyal,north,659.13,9,73.23666666666666,120
CUST_494,INV_5963,2024-03-29,227.43,electronics,cash on delivery,loyal,west,1187.8400000000001,10,118.78400000000002,140
CUST_229,INV_5964,2024-05-16,56.66,books,credit card,new,east,1002.8299999999999,8,125.35374999999999,111
CUST_19,INV_5965,2024-05-10,18.2,beauty,upi,new,east,2104.34,10,210.43400000000003,153
CUST_986,INV_5966,2024-06-24,38.41,books,upi,returning,east,782.36,10,78.236,154
CUST_552,INV_5967,2024-06-19,56.59,electronics,debit card,new,east,966.34,10,96.634,166
CUST_949,INV_5968,2024-04-09,125.14,electronics,cash on delivery,new,north,874.32,8,109.29,86
CUST_147,INV_5969,2024-05-08,1.32,clothing,cash on delivery,new,south,897.03,11,81.54818181818182,162
CUST_107,INV_5970,2024-02-26,37.95,home,cash on delivery,loyal,west,1401.55,10,140.155,176
CUST_402,INV_5971,2024-05-23,151.34,beauty,credit card,returning,north,1076.0,7,153.71428571428572,163
CUST_595,INV_5972,2024-02-20,111.13,beauty,cash on delivery,returning,south,1111.22,13,85.47846153846154,179
CUST_482,INV_5973,2024-04-21,131.58,books,debit card,loyal,north,899.09,11,81.73545454545454,137
CUST_366,INV_5974,2024-04-13,167.03,clothing,upi,returning,west,1142.62,13,87.89384615384614,141
CUST_833,INV_5975,2024-05-06,152.89,electronics,debit card,loyal,north,1352.11,9,150.23444444444442,143
CUST_413,INV_5976,2024-02-24,114.63,clothing,upi,new,west,1491.01,13,114.69307692307692,176
CUST_308,INV_5977,2024-01-01,57.92,beauty,upi,loyal,north,595.39,9,66.15444444444444,148
CUST_801,INV_5978,2024-03-30,411.04,home,debit card,loyal,north,1939.41,12,161.6175,136
CUST_917,INV_5979,2024-06-04,84.18,books,upi,new,east,1029.23,7,147.03285714285715,153
CUST_834,INV_5980,2024-02-22,22.66,electronics,upi,new,north,1355.99,11,123.27181818181818,143
CUST_133,INV_5981,2024-03-13,34.65,electronics,credit card,returning,north,854.97,11,77.72454545454546,109
CUST_718,INV_5982,2024-04-17,118.27,electronics,debit card,loyal,south,181.48,4,45.37,153
CUST_282,INV_5983,2024-05-29,258.68,home,debit card,new,east,2115.36,18,117.52000000000001,148
CUST_777,INV_5984,2024-01-08,19.69,beauty,debit card,returning,west,627.48,11,57.04363636363637,172
CUST_72,INV_5985,2024-06-25,8.59,beauty,upi,loyal,east,2477.25,19,130.3815789473684,176
CUST_480,INV_5986,2024-02-11,213.31,clothing,cash on delivery,new,north,1189.1399999999999,12,99.09499999999998,172
CUST_351,INV_5987,2024-06-03,246.84,clothing,cash on delivery,new,west,887.71,9,98.63444444444445,165
CUST_559,INV_5988,2024-06-15,32.35,beauty,upi,loyal,north,1782.0,11,162.0,111
CUST_325,INV_5989,2024-01-25,47.37,electronics,cash on delivery,new,east,849.9300000000001,9,94.43666666666667,159
CUST_744,INV_5990,2024-02-07,107.94,home,cash on delivery,loyal,east,852.41,7,121.77285714285713,140
CUST_442,INV_5991,2024-03-25,40.04,beauty,upi,loyal,north,1684.2,14,120.3,146
CUST_99,INV_5992,2024-05-31,209.69,home,debit card,loyal,north,591.23,7,84.46142857142857,164
CUST_58,INV_5993,2024-01-24,11.38,books,credit card,new,north,1328.9,14,94.92142857142858,150
CUST_507,INV_5994,2024-02-29,3.87,electronics,debit card,new,south,879.5,12,73.29166666666667,167
CUST_257,INV_5995,2024-06-26,23.38,books,debit card,loyal,east,431.55,7,61.65,153
CUST_412,INV_5996,2024-04-20,33.7,beauty,debit card,returning,south,395.62,7,56.51714285714286,147
CUST_451,INV_5997,2024-03-06,11.98,clothing,credit card,loyal,east,920.62,11,83.69272727272727,161
CUST_64,INV_5998,2024-05-21,6.79,beauty,debit card,loyal,east,1123.87,14,80.27642857142857,167
CUST_594,INV_5999,2024-02-22,140.9,books,cash on delivery,loyal,west,511.0,5,102.2,128
CUST_153,INV_6000,2024-06-08,17.95,home,credit card,returning,west,2354.16,19,123.90315789473684,138
CUST_984,INV_6001,2024-04-15,245.25,beauty,cash on delivery,new,east,1069.58,12,89.13166666666666,172
CUST_265,INV_6002,2024-04-05,45.89,clothing,credit card,new,west,731.36,9,81.26222222222222,129
CUST_820,INV_6003,2024-06-24,111.05,books,cash on delivery,loyal,east,655.62,7,93.66,174
CUST_78,INV_6004,2024-02-08,25.54,beauty,debit card,loyal,east,1628.28,14,116.30571428571429,164
CUST_314,INV_6005,2024-06-16,27.49,books,debit card,new,north,559.07,7,79.86714285714287,155
CUST_661,INV_6006,2024-02-11,85.5,books,debit card,loyal,west,1633.99,15,108.93266666666666,133
CUST_946,INV_6007,2024-04-20,82.24,electronics,cash on delivery,new,south,1168.55,16,73.034375,160
CUST_559,INV_6008,2024-04-13,146.42,home,cash on delivery,returning,south,1782.0,11,162.0,111
CUST_916,INV_6009,2024-03-17,141.8,electronics,upi,loyal,west,1850.32,16,115.645,127
CUST_890,INV_6010,2024-01-08,111.07,books,cash on delivery,new,east,2004.37,19,105.49315789473684,170
CUST_247,INV_6011,2024-01-26,59.63,clothing,credit card,new,south,871.75,9,96.86111111111111,159
CUST_789,INV_6012,2024-05-19,221.31,clothing,debit card,returning,west,1280.23,10,128.023,152
CUST_867,INV_6013,2024-02-12,97.44,electronics,credit card,loyal,south,605.92,9,67.32444444444444,153
CUST_609,INV_6014,2024-06-27,462.52,clothing,upi,returning,north,2235.26,16,139.70375,177
CUST_413,INV_6015,2024-04-19,171.13,books,upi,new,east,1491.01,13,114.69307692307692,176
CUST_24,INV_6016,2024-04-09,4.53,beauty,cash on delivery,new,north,1497.66,16,93.60375,163
CUST_283,INV_6017,2024-03-03,38.65,books,debit card,returning,south,1223.8,10,122.38,171
CUST_448,INV_6018,2024-02-18,84.83,beauty,credit card,returning,east,973.53,9,108.17,131
CUST_880,INV_6019,2024-04-24,127.82,clothing,upi,returning,east,1739.45,16,108.715625,135
CUST_300,INV_6020,2024-06-03,79.93,home,upi,loyal,east,811.0799999999999,10,81.10799999999999,124
CUST_67,INV_6021,2024-05-16,154.24,home,credit card,new,west,823.55,9,91.50555555555555,144
CUST_6,INV_6022,2024-06-15,33.22,books,upi,loyal,west,1140.84,11,103.71272727272726,176
CUST_816,INV_6023,2024-03-05,20.32,books,credit card,loyal,east,870.73,13,66.97923076923077,147
CUST_136,INV_6024,2024-03-11,5.54,clothing,debit card,returning,east,1410.93,14,100.7807142857143,166
CUST_163,INV_6025,2024-01-07,85.17,home,cash on delivery,loyal,east,1121.61,13,86.2776923076923,130
CUST_82,INV_6026,2024-03-20,116.67,home,credit card,loyal,north,1157.47,10,115.747,151
CUST_896,INV_6027,2024-03-07,39.47,books,debit card,returning,north,1162.97,13,89.45923076923077,154
CUST_649,INV_6028,2024-05-17,95.08,home,credit card,returning,south,1150.4,12,95.86666666666667,151
CUST_419,INV_6029,2024-04-10,5.36,books,upi,returning,east,1069.12,15,71.27466666666666,166
CUST_72,INV_6030,2024-04-04,10.46,electronics,debit card,new,east,2477.25,19,130.3815789473684,176
CUST_236,INV_6031,2024-03-27,120.98,home,credit card,new,north,1333.49,14,95.24928571428572,169
CUST_45,INV_6032,2024-03-31,45.9,beauty,debit card,loyal,south,607.77,7,86.82428571428571,148
CUST_617,INV_6033,2024-04-12,111.27,clothing,credit card,loyal,south,1079.01,13,83.00076923076924,122
CUST_927,INV_6034,2024-05-05,178.21,books,credit card,new,east,718.8000000000001,9,79.86666666666667,179
CUST_799,INV_6035,2024-06-03,191.48,home,debit card,loyal,west,1536.08,16,96.005,175
CUST_261,INV_6036,2024-04-22,18.89,home,debit card,returning,south,623.03,8,77.87875,141
CUST_175,INV_6037,2024-01-04,66.61,books,debit card,new,south,253.44,5,50.688,122
CUST_165,INV_6038,2024-03-28,132.4,beauty,upi,loyal,east,1617.77,12,134.81416666666667,131
CUST_656,INV_6039,2024-05-30,148.71,home,cash on delivery,loyal,east,1419.27,11,129.02454545454546,135
CUST_841,INV_6040,2024-06-24,153.56,electronics,credit card,loyal,east,637.4,8,79.675,155
CUST_369,INV_6041,2024-06-18,25.9,clothing,credit card,new,north,556.19,7,79.4557142857143,157
CUST_794,INV_6042,2024-01-03,21.39,books,debit card,new,east,537.71,9,59.74555555555556,177
CUST_53,INV_6043,2024-03-31,89.16,home,credit card,new,west,1002.76,12,83.56333333333333,144
CUST_689,INV_6044,2024-01-03,135.13,clothing,cash on delivery,returning,west,1618.6299999999999,10,161.863,138
CUST_418,INV_6045,2024-06-04,38.44,books,cash on delivery,loyal,south,812.63,12,67.71916666666667,149
CUST_755,INV_6046,2024-03-21,11.06,books,credit card,loyal,north,562.57,6,93.76166666666667,139
CUST_506,INV_6047,2024-06-07,126.14,books,credit card,returning,south,770.7,7,110.10000000000001,143
CUST_340,INV_6048,2024-05-17,35.62,beauty,debit card,new,north,709.45,9,78.82777777777778,168
CUST_126,INV_6049,2024-06-25,18.2,electronics,cash on delivery,new,east,547.5600000000001,11,49.77818181818182,167
CUST_408,INV_6050,2024-04-03,15.98,books,credit card,new,south,473.27,5,94.654,161
CUST_923,INV_6051,2024-05-05,37.82,beauty,cash on delivery,returning,west,935.05,9,103.89444444444445,156
CUST_366,INV_6052,2024-04-22,89.82,books,credit card,loyal,north,1142.62,13,87.89384615384614,141
CUST_270,INV_6053,2024-05-28,44.38,books,upi,returning,south,965.77,12,80.48083333333334,160
CUST_643,INV_6054,2024-04-09,2.09,beauty,cash on delivery,loyal,west,269.44,8,33.68,105
CUST_604,INV_6055,2024-02-22,10.19,electronics,upi,loyal,west,755.38,10,75.538,148
CUST_378,INV_6056,2024-03-27,34.32,clothing,debit card,loyal,east,932.3599999999999,7,133.1942857142857,111
CUST_72,INV_6057,2024-03-29,107.79,home,cash on delivery,returning,north,2477.25,19,130.3815789473684,176
CUST_922,INV_6058,2024-02-23,10.37,books,credit card,new,south,1106.43,13,85.11,142
CUST_921,INV_6059,2024-01-20,82.25,electronics,credit card,new,west,1084.65,8,135.58125,156
CUST_914,INV_6060,2024-04-22,12.77,home,upi,returning,north,1795.96,18,99.77555555555556,170
CUST_247,INV_6061,2024-02-18,23.78,books,cash on delivery,loyal,east,871.75,9,96.86111111111111,159
CUST_859,INV_6062,2024-05-14,18.9,home,cash on delivery,returning,north,249.97,6,41.66166666666667,157
CUST_784,INV_6063,2024-01-29,6.96,beauty,cash on delivery,new,north,1441.15,13,110.85769230769232,156
CUST_42,INV_6064,2024-02-17,111.27,electronics,debit card,returning,south,1234.35,12,102.8625,151
CUST_376,INV_6065,2024-01-13,62.25,electronics,cash on delivery,loyal,north,609.5400000000001,8,76.19250000000001,73
CUST_40,INV_6066,2024-01-03,177.82,clothing,debit card,new,east,1247.77,12,103.98083333333334,177
CUST_169,INV_6067,2024-01-02,10.41,clothing,credit card,loyal,west,725.29,8,90.66125,177
CUST_945,INV_6068,2024-01-16,15.63,home,upi,returning,south,1503.4,13,115.64615384615385,168
CUST_211,INV_6069,2024-04-03,36.59,beauty,upi,loyal,west,1284.27,8,160.53375,155
CUST_492,INV_6070,2024-04-11,145.19,home,cash on delivery,returning,north,636.61,10,63.661,159
CUST_679,INV_6071,2024-05-13,36.49,books,upi,new,east,524.1899999999999,6,87.365,144
CUST_38,INV_6072,2024-02-14,52.5,electronics,cash on delivery,new,west,1482.14,19,78.00736842105263,161
CUST_368,INV_6073,2024-03-11,35.9,home,credit card,new,east,721.13,11,65.55727272727273,176
CUST_756,INV_6074,2024-05-12,8.36,home,credit card,loyal,north,528.06,7,75.43714285714285,130
CUST_150,INV_6075,2024-02-25,280.4,electronics,credit card,returning,north,671.38,7,95.91142857142857,151
CUST_110,INV_6076,2024-05-06,79.53,electronics,upi,returning,west,3131.33,17,184.19588235294117,168
CUST_479,INV_6077,2024-02-01,155.04,clothing,cash on delivery,returning,south,1529.98,12,127.49833333333333,144
CUST_435,INV_6078,2024-02-18,107.4,clothing,debit card,loyal,east,852.01,12,71.00083333333333,173
CUST_46,INV_6079,2024-01-13,72.21,electronics,credit card,returning,east,1456.6399999999999,12,121.38666666666666,150
CUST_574,INV_6080,2024-06-06,9.4,home,credit card,new,east,1145.9,15,76.39333333333335,157
CUST_736,INV_6081,2024-01-25,102.93,books,debit card,returning,north,777.28,6,129.54666666666665,122
CUST_365,INV_6082,2024-02-29,16.89,home,debit card,loyal,north,1150.82,11,104.61999999999999,141
CUST_68,INV_6083,2024-02-28,53.51,books,upi,new,west,1342.35,15,89.49,125
CUST_298,INV_6084,2024-06-04,99.19,electronics,credit card,new,west,461.56,4,115.39,129
CUST_943,INV_6085,2024-02-27,152.43,books,upi,loyal,north,740.44,11,67.31272727272727,136
CUST_801,INV_6086,2024-01-20,115.53,clothing,credit card,new,south,1939.41,12,161.6175,136
CUST_295,INV_6087,2024-06-10,111.33,electronics,upi,returning,east,1865.1,14,133.22142857142856,162
CUST_202,INV_6088,2024-05-12,16.14,beauty,upi,loyal,east,498.48,8,62.31,155
CUST_60,INV_6089,2024-06-19,42.48,books,debit card,returning,north,821.67,7,117.38142857142857,159
CUST_945,INV_6090,2024-02-26,4.39,books,cash on delivery,loyal,south,1503.4,13,115.64615384615385,168
CUST_962,INV_6091,2024-02-23,127.11,beauty,cash on delivery,loyal,south,1727.8,16,107.9875,166
CUST_829,INV_6092,2024-04-21,304.88,beauty,cash on delivery,loyal,south,2524.41,11,229.49181818181816,150
CUST_313,INV_6093,2024-06-21,30.67,electronics,credit card,returning,south,2380.87,15,158.72466666666665,132
CUST_160,INV_6094,2024-03-26,9.18,home,debit card,loyal,south,1260.26,17,74.13294117647058,158
CUST_330,INV_6095,2024-02-06,64.54,beauty,debit card,new,west,870.25,13,66.9423076923077,171
CUST_527,INV_6096,2024-03-24,194.28,books,debit card,returning,north,1312.62,12,109.38499999999999,133
CUST_337,INV_6097,2024-02-17,80.29,beauty,credit card,loyal,north,1842.48,13,141.72923076923078,162
CUST_605,INV_6098,2024-04-27,4.79,electronics,upi,loyal,north,1590.42,12,132.535,164
CUST_303,INV_6099,2024-02-17,366.02,electronics,upi,returning,east,1490.35,11,135.48636363636362,146
CUST_502,INV_6100,2024-04-21,176.4,books,cash on delivery,new,south,948.38,12,79.03166666666667,165
CUST_649,INV_6101,2024-04-19,14.11,books,cash on delivery,new,south,1150.4,12,95.86666666666667,151
CUST_337,INV_6102,2024-01-06,254.85,books,credit card,loyal,east,1842.48,13,141.72923076923078,162
CUST_549,INV_6103,2024-06-10,59.91,home,credit card,loyal,south,1184.88,14,84.63428571428572,164
CUST_638,INV_6104,2024-03-18,46.51,books,cash on delivery,new,south,1112.73,10,111.273,162
CUST_274,INV_6105,2024-06-24,61.81,electronics,upi,loyal,south,652.3000000000001,6,108.71666666666668,123
CUST_163,INV_6106,2024-01-23,179.92,electronics,upi,new,south,1121.61,13,86.2776923076923,130
CUST_442,INV_6107,2024-05-05,107.73,beauty,debit card,new,south,1684.2,14,120.3,146
CUST_318,INV_6108,2024-03-24,6.11,books,cash on delivery,new,west,218.88,6,36.48,85
CUST_588,INV_6109,2024-01-13,316.07,home,cash on delivery,new,north,1285.54,10,128.554,163
CUST_503,INV_6110,2024-02-16,15.99,clothing,upi,loyal,west,1643.37,11,149.3972727272727,159
CUST_685,INV_6111,2024-02-13,136.87,beauty,debit card,returning,south,1553.76,10,155.376,168
CUST_386,INV_6112,2024-04-14,101.1,home,cash on delivery,returning,north,2344.88,16,146.555,158
CUST_969,INV_6113,2024-06-08,20.77,books,upi,new,north,344.49,8,43.06125,153
CUST_869,INV_6114,2024-06-02,18.72,home,upi,loyal,north,362.53,6,60.42166666666666,149
CUST_832,INV_6115,2024-01-14,204.27,clothing,upi,returning,north,1070.51,14,76.465,169
CUST_887,INV_6116,2024-06-28,54.42,home,debit card,returning,east,1046.3799999999999,12,87.19833333333332,161
CUST_602,INV_6117,2024-04-30,106.3,clothing,debit card,new,north,361.34999999999997,4,90.33749999999999,124
CUST_749,INV_6118,2024-02-05,70.13,clothing,upi,new,east,1129.43,8,141.17875,158
CUST_775,INV_6119,2024-01-08,129.96,clothing,debit card,loyal,east,1331.75,19,70.09210526315789,129
CUST_690,INV_6120,2024-06-16,65.25,home,debit card,returning,north,1153.93,12,96.16083333333334,166
CUST_493,INV_6121,2024-05-29,33.88,books,debit card,new,south,1712.71,17,100.74764705882353,171
CUST_489,INV_6122,2024-01-16,45.16,electronics,debit card,new,south,1291.16,15,86.07733333333334,149
CUST_720,INV_6123,2024-03-31,195.95,electronics,credit card,loyal,north,1024.62,11,93.14727272727272,116
CUST_72,INV_6124,2024-04-29,63.12,home,cash on delivery,new,north,2477.25,19,130.3815789473684,176
CUST_508,INV_6125,2024-02-29,24.01,books,cash on delivery,new,east,749.6,11,68.14545454545454,169
CUST_389,INV_6126,2024-01-10,272.73,electronics,debit card,new,west,1622.9,15,108.19333333333334,171
CUST_618,INV_6127,2024-06-01,159.26,clothing,upi,new,east,1557.1,10,155.70999999999998,161
CUST_856,INV_6128,2024-01-31,5.73,home,cash on delivery,new,south,1079.73,8,134.96625,123
CUST_294,INV_6129,2024-01-21,685.23,home,debit card,loyal,west,2038.52,9,226.50222222222223,152
CUST_368,INV_6130,2024-03-21,118.72,beauty,cash on delivery,new,west,721.13,11,65.55727272727273,176
CUST_955,INV_6131,2024-02-02,17.47,beauty,upi,returning,west,1447.9499999999998,15,96.52999999999999,151
CUST_795,INV_6132,2024-01-31,27.07,beauty,debit card,new,east,1477.78,11,134.34363636363636,157
CUST_864,INV_6133,2024-05-28,117.91,books,upi,new,east,854.61,7,122.08714285714287,162
CUST_693,INV_6134,2024-02-05,151.3,home,cash on delivery,returning,north,1090.33,9,121.14777777777778,156
CUST_548,INV_6135,2024-05-11,27.32,beauty,credit card,returning,east,588.86,9,65.42888888888889,128
CUST_648,INV_6136,2024-03-08,29.7,home,upi,new,east,1229.63,9,136.62555555555556,135
CUST_849,INV_6137,2024-03-30,36.69,clothing,debit card,loyal,west,1751.8999999999999,14,125.13571428571427,174
CUST_567,INV_6138,2024-05-11,91.13,beauty,debit card,returning,west,1221.72,8,152.715,142
CUST_186,INV_6139,2024-01-09,18.85,home,upi,loyal,east,943.8199999999999,12,78.65166666666666,161
CUST_852,INV_6140,2024-01-30,11.01,books,credit card,new,south,1323.13,13,101.77923076923078,126
CUST_769,INV_6141,2024-04-24,113.59,books,cash on delivery,new,west,996.21,11,90.56454545454545,137
CUST_444,INV_6142,2024-02-14,151.0,books,cash on delivery,returning,north,1275.1,12,106.25833333333333,172
CUST_569,INV_6143,2024-01-04,69.5,beauty,cash on delivery,returning,south,1196.6599999999999,9,132.9622222222222,129
CUST_362,INV_6144,2024-03-09,45.23,books,cash on delivery,loyal,west,1155.73,12,96.31083333333333,167
CUST_122,INV_6145,2024-01-23,56.57,electronics,cash on delivery,new,north,1014.54,7,144.93428571428572,145
CUST_187,INV_6146,2024-01-16,49.17,clothing,debit card,returning,west,1219.84,15,81.32266666666666,140
CUST_741,INV_6147,2024-01-22,321.85,home,debit card,returning,north,839.6,6,139.93333333333334,67
CUST_679,INV_6148,2024-03-12,146.14,electronics,upi,returning,west,524.1899999999999,6,87.365,144
CUST_419,INV_6149,2024-02-17,23.33,beauty,upi,loyal,west,1069.12,15,71.27466666666666,166
CUST_625,INV_6150,2024-04-16,48.48,home,cash on delivery,new,east,590.19,7,84.31285714285715,94
CUST_251,INV_6151,2024-05-12,78.53,home,cash on delivery,returning,south,1249.58,6,208.26333333333332,120
CUST_618,INV_6152,2024-01-07,94.93,books,cash on delivery,returning,south,1557.1,10,155.70999999999998,161
CUST_548,INV_6153,2024-02-20,63.15,home,credit card,returning,east,588.86,9,65.42888888888889,128
CUST_334,INV_6154,2024-03-05,166.14,home,upi,new,west,1143.87,11,103.98818181818181,133
CUST_91,INV_6155,2024-01-09,145.93,clothing,debit card,loyal,south,802.32,10,80.232,137
CUST_529,INV_6156,2024-03-22,70.35,beauty,cash on delivery,loyal,north,973.99,12,81.16583333333334,133
CUST_865,INV_6157,2024-02-14,192.71,electronics,upi,new,north,636.91,13,48.99307692307692,136
CUST_62,INV_6158,2024-05-01,139.07,books,credit card,loyal,west,1103.34,10,110.33399999999999,145
CUST_661,INV_6159,2024-06-23,150.77,clothing,credit card,loyal,west,1633.99,15,108.93266666666666,133
CUST_511,INV_6160,2024-05-31,313.27,electronics,cash on delivery,returning,north,820.69,8,102.58625,138
CUST_138,INV_6161,2024-01-10,30.99,electronics,debit card,loyal,west,1076.78,10,107.678,169
CUST_697,INV_6162,2024-03-13,31.15,clothing,upi,returning,east,807.16,10,80.716,150
CUST_184,INV_6163,2024-02-17,219.78,books,debit card,loyal,south,638.32,8,79.79,128
CUST_204,INV_6164,2024-06-11,147.94,beauty,cash on delivery,returning,north,604.12,8,75.515,120
CUST_771,INV_6165,2024-03-27,261.11,clothing,cash on delivery,new,east,968.77,12,80.73083333333334,170
CUST_213,INV_6166,2024-04-20,6.52,clothing,credit card,new,north,783.45,10,78.345,103
CUST_255,INV_6167,2024-01-16,98.82,clothing,credit card,loyal,north,1107.01,10,110.701,101
CUST_134,INV_6168,2024-02-22,15.62,books,upi,returning,west,611.79,7,87.39857142857143,125
CUST_572,INV_6169,2024-02-09,70.1,clothing,cash on delivery,new,south,1551.8799999999999,14,110.84857142857142,135
CUST_874,INV_6170,2024-04-09,16.93,clothing,cash on delivery,new,east,504.63000000000005,7,72.09,146
CUST_821,INV_6171,2024-01-20,13.71,home,upi,loyal,north,2552.8,18,141.82222222222222,162
CUST_87,INV_6172,2024-03-09,1.22,home,debit card,returning,north,869.63,11,79.05727272727273,164
CUST_835,INV_6173,2024-02-14,99.49,home,credit card,returning,west,915.88,11,83.26181818181819,162
CUST_987,INV_6174,2024-01-06,44.48,home,cash on delivery,new,east,1846.98,17,108.64588235294117,171
CUST_206,INV_6175,2024-06-25,11.11,clothing,cash on delivery,loyal,west,741.92,13,57.07076923076923,157
CUST_128,INV_6176,2024-02-08,38.98,home,debit card,new,west,1228.05,16,76.753125,176
CUST_822,INV_6177,2024-04-11,18.51,electronics,debit card,new,east,404.05,7,57.721428571428575,97
CUST_2,INV_6178,2024-05-09,284.21,beauty,debit card,loyal,south,1273.6599999999999,9,141.51777777777775,150
CUST_973,INV_6179,2024-04-16,38.57,home,credit card,loyal,west,1034.19,15,68.946,168
CUST_933,INV_6180,2024-02-08,40.64,books,upi,loyal,north,816.76,11,74.25090909090909,151
CUST_753,INV_6181,2024-04-27,183.17,beauty,cash on delivery,returning,south,1313.51,10,131.351,109
CUST_120,INV_6182,2024-05-28,104.34,electronics,credit card,loyal,north,731.67,6,121.945,142
CUST_384,INV_6183,2024-06-16,123.85,beauty,debit card,loyal,south,1124.32,8,140.54,160
CUST_613,INV_6184,2024-03-22,101.06,beauty,cash on delivery,new,north,425.91999999999996,7,60.84571428571428,138
CUST_37,INV_6185,2024-02-23,292.24,electronics,cash on delivery,loyal,west,855.48,6,142.58,158
CUST_340,INV_6186,2024-04-19,23.19,home,credit card,loyal,west,709.45,9,78.82777777777778,168
CUST_924,INV_6187,2024-01-12,451.34,electronics,debit card,new,west,1477.36,17,86.9035294117647,156
CUST_644,INV_6188,2024-06-13,177.76,books,debit card,returning,east,1325.3999999999999,11,120.49090909090908,146
CUST_713,INV_6189,2024-04-19,88.91,electronics,upi,loyal,west,902.01,11,82.00090909090909,163
CUST_859,INV_6190,2024-02-07,108.58,clothing,debit card,new,south,249.97,6,41.66166666666667,157
CUST_20,INV_6191,2024-05-22,104.65,clothing,credit card,returning,west,1237.24,11,112.47636363636364,158
CUST_241,INV_6192,2024-01-07,6.02,beauty,upi,returning,east,1114.7,12,92.89166666666667,155
CUST_454,INV_6193,2024-03-18,24.59,home,upi,loyal,north,1356.76,14,96.91142857142857,178
CUST_962,INV_6194,2024-06-26,325.63,home,upi,returning,east,1727.8,16,107.9875,166
CUST_620,INV_6195,2024-03-05,76.44,clothing,upi,loyal,south,549.15,10,54.915,172
CUST_302,INV_6196,2024-04-11,47.54,books,upi,returning,south,1727.23,14,123.37357142857142,155
CUST_595,INV_6197,2024-04-10,143.56,electronics,credit card,returning,east,1111.22,13,85.47846153846154,179
CUST_594,INV_6198,2024-02-13,74.34,electronics,cash on delivery,returning,north,511.0,5,102.2,128
CUST_802,INV_6199,2024-01-31,1.33,electronics,debit card,loyal,west,1426.79,12,118.89916666666666,159
CUST_963,INV_6200,2024-06-19,133.27,books,cash on delivery,returning,south,738.24,7,105.46285714285715,149
CUST_68,INV_6201,2024-03-17,131.76,books,cash on delivery,new,west,1342.35,15,89.49,125
CUST_128,INV_6202,2024-02-17,18.05,electronics,debit card,new,north,1228.05,16,76.753125,176
CUST_195,INV_6203,2024-03-22,313.87,electronics,debit card,returning,south,1024.49,10,102.449,164
CUST_139,INV_6204,2024-05-06,25.35,books,cash on delivery,loyal,north,1144.72,8,143.09,97
CUST_443,INV_6205,2024-03-24,61.2,electronics,debit card,new,north,1208.88,8,151.11,126
CUST_282,INV_6206,2024-01-10,12.19,books,upi,returning,east,2115.36,18,117.52000000000001,148
CUST_311,INV_6207,2024-01-29,92.45,beauty,debit card,new,north,408.44,6,68.07333333333334,73
CUST_745,INV_6208,2024-02-17,47.07,clothing,debit card,new,south,789.68,7,112.81142857142856,163
CUST_534,INV_6209,2024-04-25,43.57,clothing,upi,new,east,468.87,6,78.145,109
CUST_664,INV_6210,2024-01-13,175.43,books,upi,new,south,1203.96,10,120.396,136
CUST_276,INV_6211,2024-06-20,0.96,electronics,upi,new,east,2147.64,14,153.40285714285713,156
CUST_60,INV_6212,2024-02-16,159.92,clothing,debit card,returning,east,821.67,7,117.38142857142857,159
CUST_318,INV_6213,2024-04-12,84.73,home,upi,new,north,218.88,6,36.48,85
CUST_889,INV_6214,2024-03-31,427.58,electronics,upi,returning,north,1265.12,10,126.51199999999999,144
CUST_51,INV_6215,2024-02-22,89.02,books,credit card,new,west,499.77,4,124.9425,112
CUST_855,INV_6216,2024-04-01,5.7,home,credit card,loyal,south,705.4,9,78.37777777777778,151
CUST_152,INV_6217,2024-03-17,5.2,books,debit card,returning,south,595.8299999999999,8,74.47874999999999,124
CUST_748,INV_6218,2024-02-13,214.69,electronics,upi,loyal,west,1357.18,13,104.39846153846155,125
CUST_310,INV_6219,2024-06-04,184.02,beauty,debit card,loyal,north,1082.74,9,120.30444444444444,153
CUST_813,INV_6220,2024-01-02,42.45,beauty,credit card,new,south,432.77,10,43.277,173
CUST_543,INV_6221,2024-04-10,96.24,beauty,credit card,new,south,729.12,10,72.912,179
CUST_566,INV_6222,2024-02-26,67.25,electronics,upi,new,north,968.67,13,74.51307692307692,111
CUST_863,INV_6223,2024-02-26,341.62,electronics,debit card,new,east,1743.0,12,145.25,141
CUST_388,INV_6224,2024-02-03,299.5,home,credit card,new,north,613.56,4,153.39,110
CUST_547,INV_6225,2024-02-27,412.52,electronics,cash on delivery,loyal,west,1250.64,10,125.06400000000001,162
CUST_621,INV_6226,2024-06-28,201.33,electronics,upi,loyal,south,1010.19,11,91.83545454545455,172
CUST_176,INV_6227,2024-06-05,240.3,home,debit card,new,east,1919.6100000000001,12,159.9675,145
CUST_361,INV_6228,2024-02-04,24.5,home,cash on delivery,new,west,702.09,6,117.015,104
CUST_313,INV_6229,2024-03-15,177.79,books,upi,returning,north,2380.87,15,158.72466666666665,132
CUST_806,INV_6230,2024-06-24,123.39,clothing,upi,returning,east,1409.26,10,140.926,157
CUST_847,INV_6231,2024-02-02,329.11,clothing,credit card,loyal,south,1753.78,11,159.43454545454546,147
CUST_96,INV_6232,2024-04-24,84.69,books,debit card,loyal,east,880.9200000000001,9,97.88000000000001,153
CUST_880,INV_6233,2024-03-15,8.9,beauty,credit card,loyal,south,1739.45,16,108.715625,135
CUST_212,INV_6234,2024-03-13,90.98,electronics,cash on delivery,new,north,783.83,9,87.09222222222223,133
CUST_828,INV_6235,2024-03-18,116.02,home,cash on delivery,loyal,east,408.52,7,58.36,141
CUST_136,INV_6236,2024-01-09,24.89,home,cash on delivery,loyal,east,1410.93,14,100.7807142857143,166
CUST_5,INV_6237,2024-02-17,50.11,beauty,cash on delivery,loyal,east,376.16,7,53.737142857142864,140
CUST_108,INV_6238,2024-03-07,91.26,home,cash on delivery,returning,south,1502.8700000000001,15,100.19133333333335,150
CUST_546,INV_6239,2024-06-12,46.86,beauty,debit card,loyal,north,1600.3700000000001,13,123.10538461538462,158
CUST_38,INV_6240,2024-04-28,46.99,books,debit card,loyal,north,1482.14,19,78.00736842105263,161
CUST_661,INV_6241,2024-06-20,14.28,beauty,upi,returning,south,1633.99,15,108.93266666666666,133
CUST_424,INV_6242,2024-05-12,282.59,clothing,upi,loyal,east,1788.03,11,162.5481818181818,96
CUST_629,INV_6243,2024-04-28,138.83,beauty,debit card,new,south,1015.25,13,78.09615384615384,153
CUST_260,INV_6244,2024-03-26,0.12,books,upi,returning,south,1024.5,10,102.45,157
CUST_425,INV_6245,2024-04-15,145.08,beauty,credit card,loyal,west,928.41,10,92.841,148
CUST_86,INV_6246,2024-03-16,134.63,books,debit card,returning,north,824.3199999999999,11,74.93818181818182,145
CUST_464,INV_6247,2024-02-09,0.98,clothing,credit card,loyal,south,623.29,8,77.91125,121
CUST_75,INV_6248,2024-01-19,46.14,electronics,cash on delivery,loyal,east,1046.33,12,87.19416666666666,147
CUST_470,INV_6249,2024-02-16,93.33,books,cash on delivery,returning,south,1379.5900000000001,17,81.15235294117647,166
CUST_975,INV_6250,2024-03-05,60.29,electronics,upi,new,south,646.1899999999999,9,71.79888888888888,171
CUST_962,INV_6251,2024-05-25,150.5,books,debit card,returning,south,1727.8,16,107.9875,166
CUST_413,INV_6252,2024-06-26,55.42,beauty,cash on delivery,new,east,1491.01,13,114.69307692307692,176
CUST_824,INV_6253,2024-01-30,16.71,electronics,upi,new,west,2560.0699999999997,19,134.74052631578945,159
CUST_894,INV_6254,2024-05-05,374.72,books,credit card,returning,south,761.35,10,76.135,161
CUST_725,INV_6255,2024-03-06,27.71,books,debit card,loyal,north,1953.04,22,88.77454545454545,130
CUST_456,INV_6256,2024-01-05,126.48,electronics,upi,new,south,923.6800000000001,10,92.36800000000001,164
CUST_284,INV_6257,2024-04-02,15.45,books,cash on delivery,returning,west,901.05,11,81.91363636363636,142
CUST_238,INV_6258,2024-04-06,39.9,electronics,credit card,loyal,south,1383.87,12,115.32249999999999,130
CUST_676,INV_6259,2024-06-18,58.34,clothing,credit card,loyal,north,487.63,7,69.66142857142857,144
CUST_598,INV_6260,2024-04-03,21.35,home,upi,loyal,west,1016.04,9,112.89333333333333,119
CUST_652,INV_6261,2024-04-15,59.78,clothing,debit card,returning,north,1155.64,11,105.05818181818182,147
CUST_671,INV_6262,2024-05-12,17.1,electronics,upi,returning,north,1361.11,14,97.22214285714286,172
CUST_557,INV_6263,2024-06-26,81.87,beauty,cash on delivery,loyal,north,1240.24,14,88.58857142857143,126
CUST_371,INV_6264,2024-03-25,108.98,beauty,debit card,loyal,west,502.57,5,100.514,88
CUST_494,INV_6265,2024-02-27,6.45,home,cash on delivery,loyal,west,1187.8400000000001,10,118.78400000000002,140
CUST_623,INV_6266,2024-03-19,204.9,electronics,credit card,loyal,north,1397.65,9,155.29444444444445,144
CUST_918,INV_6267,2024-01-08,20.47,books,credit card,returning,north,1603.97,14,114.56928571428571,169
CUST_44,INV_6268,2024-06-07,25.54,clothing,cash on delivery,loyal,east,367.18,7,52.45428571428572,157
CUST_400,INV_6269,2024-01-12,108.28,clothing,cash on delivery,new,west,2887.32,18,160.40666666666667,165
CUST_246,INV_6270,2024-05-28,63.25,home,credit card,new,south,1430.28,15,95.352,149
CUST_615,INV_6271,2024-04-03,69.19,home,upi,returning,west,1607.96,11,146.17818181818183,125
CUST_596,INV_6272,2024-03-31,13.71,home,upi,new,east,670.57,7,95.7957142857143,118
CUST_449,INV_6273,2024-02-02,163.85,home,upi,new,east,1535.53,15,102.36866666666667,160
CUST_484,INV_6274,2024-06-02,95.99,home,cash on delivery,new,north,1281.8899999999999,16,80.11812499999999,162
CUST_645,INV_6275,2024-04-09,14.55,home,cash on delivery,returning,west,1134.8,12,94.56666666666666,158
CUST_619,INV_6276,2024-06-16,46.84,books,credit card,new,south,1679.21,13,129.17000000000002,165
CUST_17,INV_6277,2024-01-15,166.29,books,debit card,loyal,west,1537.6100000000001,7,219.65857142857143,122
CUST_605,INV_6278,2024-04-23,84.02,clothing,upi,new,east,1590.42,12,132.535,164
CUST_661,INV_6279,2024-05-08,11.5,clothing,upi,new,south,1633.99,15,108.93266666666666,133
CUST_757,INV_6280,2024-01-11,46.65,home,upi,new,south,1097.94,17,64.58470588235295,170
CUST_288,INV_6281,2024-02-24,27.8,clothing,credit card,loyal,north,1444.41,15,96.29400000000001,150
CUST_413,INV_6282,2024-01-02,72.87,home,debit card,returning,west,1491.01,13,114.69307692307692,176
CUST_720,INV_6283,2024-03-05,185.38,books,debit card,returning,west,1024.62,11,93.14727272727272,116
CUST_637,INV_6284,2024-06-20,57.32,beauty,debit card,new,west,1027.08,13,79.00615384615384,145
CUST_234,INV_6285,2024-01-16,56.8,books,upi,loyal,south,658.28,10,65.828,156
CUST_415,INV_6286,2024-05-29,235.76,electronics,cash on delivery,new,east,1779.05,10,177.905,132
CUST_937,INV_6287,2024-04-15,85.85,books,upi,returning,east,1849.38,14,132.09857142857143,167
CUST_498,INV_6288,2024-05-25,83.52,electronics,debit card,returning,north,1599.85,14,114.27499999999999,143
CUST_973,INV_6289,2024-06-23,30.37,clothing,credit card,loyal,east,1034.19,15,68.946,168
CUST_633,INV_6290,2024-01-30,93.58,books,debit card,loyal,west,1314.47,13,101.11307692307693,161
CUST_649,INV_6291,2024-01-10,85.78,beauty,upi,returning,north,1150.4,12,95.86666666666667,151
CUST_114,INV_6292,2024-03-02,50.56,books,cash on delivery,returning,east,583.08,7,83.29714285714286,117
CUST_931,INV_6293,2024-03-25,467.73,books,debit card,returning,east,970.01,9,107.77888888888889,112
CUST_673,INV_6294,2024-05-13,213.61,books,cash on delivery,new,north,1697.43,10,169.743,139
CUST_712,INV_6295,2024-03-07,138.46,home,debit card,returning,south,691.0600000000001,6,115.17666666666668,77
CUST_233,INV_6296,2024-02-10,77.08,books,cash on delivery,returning,north,438.78,5,87.756,136
CUST_539,INV_6297,2024-06-19,62.0,books,cash on delivery,loyal,south,1091.96,14,77.99714285714286,168
CUST_10,INV_6298,2024-01-18,20.44,beauty,debit card,returning,west,347.41,6,57.90166666666667,151
CUST_205,INV_6299,2024-02-27,36.49,electronics,credit card,returning,south,1322.57,13,101.73615384615384,175
CUST_678,INV_6300,2024-02-29,148.7,electronics,upi,loyal,north,705.93,9,78.43666666666667,154
CUST_246,INV_6301,2024-03-28,60.47,beauty,upi,returning,west,1430.28,15,95.352,149
CUST_558,INV_6302,2024-01-27,213.94,clothing,debit card,loyal,north,1012.74,15,67.516,163
CUST_757,INV_6303,2024-03-08,16.01,books,cash on delivery,loyal,north,1097.94,17,64.58470588235295,170
CUST_126,INV_6304,2024-01-22,71.0,clothing,upi,loyal,south,547.5600000000001,11,49.77818181818182,167
CUST_146,INV_6305,2024-05-31,104.12,beauty,cash on delivery,loyal,south,1396.88,13,107.4523076923077,172
CUST_117,INV_6306,2024-02-09,72.74,clothing,credit card,loyal,south,2229.23,16,139.326875,150
CUST_910,INV_6307,2024-04-18,220.03,electronics,debit card,loyal,west,983.23,10,98.32300000000001,151
CUST_381,INV_6308,2024-03-14,456.24,home,credit card,loyal,south,1291.66,10,129.166,129
CUST_411,INV_6309,2024-03-06,12.31,clothing,cash on delivery,returning,west,1097.61,9,121.95666666666665,163
CUST_663,INV_6310,2024-06-16,13.92,home,cash on delivery,new,north,2021.0,17,118.88235294117646,152
CUST_583,INV_6311,2024-01-06,13.96,clothing,debit card,returning,north,949.73,12,79.14416666666666,167
CUST_362,INV_6312,2024-04-21,114.31,beauty,cash on delivery,loyal,south,1155.73,12,96.31083333333333,167
CUST_508,INV_6313,2024-01-18,46.63,home,debit card,loyal,east,749.6,11,68.14545454545454,169
CUST_136,INV_6314,2024-03-21,132.17,clothing,debit card,returning,north,1410.93,14,100.7807142857143,166
CUST_174,INV_6315,2024-04-11,52.0,beauty,credit card,new,east,815.64,11,74.1490909090909,134
CUST_288,INV_6316,2024-04-19,98.78,electronics,upi,returning,east,1444.41,15,96.29400000000001,150
CUST_957,INV_6317,2024-01-30,146.91,books,upi,returning,east,1402.95,15,93.53,149
CUST_480,INV_6318,2024-05-01,79.46,beauty,cash on delivery,returning,south,1189.1399999999999,12,99.09499999999998,172
CUST_18,INV_6319,2024-05-28,77.55,beauty,upi,new,west,1436.15,15,95.74333333333334,167
CUST_194,INV_6320,2024-03-02,9.24,electronics,cash on delivery,loyal,north,1282.82,14,91.63,161
CUST_329,INV_6321,2024-05-17,52.9,home,upi,new,east,1777.21,10,177.721,163
CUST_935,INV_6322,2024-04-29,78.92,clothing,credit card,returning,west,2032.24,18,112.90222222222222,169
CUST_174,INV_6323,2024-04-16,61.99,home,upi,returning,south,815.64,11,74.1490909090909,134
CUST_448,INV_6324,2024-05-20,231.04,beauty,cash on delivery,new,north,973.53,9,108.17,131
CUST_924,INV_6325,2024-03-16,237.01,clothing,cash on delivery,new,west,1477.36,17,86.9035294117647,156
CUST_945,INV_6326,2024-01-09,172.55,books,upi,loyal,south,1503.4,13,115.64615384615385,168
CUST_353,INV_6327,2024-02-08,47.05,books,debit card,loyal,north,1307.47,9,145.27444444444444,129
CUST_498,INV_6328,2024-01-24,126.34,clothing,credit card,new,north,1599.85,14,114.27499999999999,143
CUST_140,INV_6329,2024-05-04,50.3,beauty,debit card,loyal,south,1463.55,14,104.53928571428571,160
CUST_757,INV_6330,2024-04-27,26.47,electronics,upi,returning,east,1097.94,17,64.58470588235295,170
CUST_896,INV_6331,2024-02-03,41.99,home,debit card,new,north,1162.97,13,89.45923076923077,154
CUST_929,INV_6332,2024-03-01,7.36,home,upi,loyal,north,589.29,11,53.57181818181818,138
CUST_92,INV_6333,2024-06-17,40.31,electronics,cash on delivery,returning,east,1036.66,13,79.74307692307693,129
CUST_943,INV_6334,2024-05-12,61.76,electronics,debit card,new,west,740.44,11,67.31272727272727,136
CUST_238,INV_6335,2024-03-19,311.18,books,credit card,loyal,north,1383.87,12,115.32249999999999,130
CUST_204,INV_6336,2024-02-19,37.6,electronics,debit card,returning,west,604.12,8,75.515,120
CUST_559,INV_6337,2024-05-11,232.74,clothing,cash on delivery,new,east,1782.0,11,162.0,111
CUST_432,INV_6338,2024-02-20,25.99,books,cash on delivery,loyal,north,956.8299999999999,7,136.69,39
CUST_244,INV_6339,2024-02-21,21.19,beauty,cash on delivery,returning,east,845.55,9,93.94999999999999,168
CUST_831,INV_6340,2024-05-01,73.19,books,debit card,returning,north,1121.82,13,86.29384615384615,139
CUST_316,INV_6341,2024-06-15,111.63,books,cash on delivery,returning,north,1069.17,8,133.64625,175
CUST_924,INV_6342,2024-01-08,4.53,home,cash on delivery,returning,north,1477.36,17,86.9035294117647,156
CUST_294,INV_6343,2024-04-22,24.98,electronics,debit card,new,east,2038.52,9,226.50222222222223,152
CUST_639,INV_6344,2024-02-14,60.82,clothing,debit card,returning,north,288.77,8,36.09625,117
CUST_855,INV_6345,2024-03-28,40.2,electronics,upi,new,west,705.4,9,78.37777777777778,151
CUST_281,INV_6346,2024-01-28,124.7,home,debit card,new,south,426.09000000000003,8,53.261250000000004,166
CUST_16,INV_6347,2024-04-28,71.57,electronics,cash on delivery,loyal,south,875.55,13,67.35,151
CUST_70,INV_6348,2024-04-16,17.48,clothing,credit card,new,south,519.88,7,74.26857142857143,147
CUST_268,INV_6349,2024-01-27,224.87,electronics,cash on delivery,returning,west,725.07,8,90.63375,79
CUST_324,INV_6350,2024-06-10,34.66,home,cash on delivery,new,north,831.17,8,103.89625,145
CUST_793,INV_6351,2024-03-21,131.35,clothing,cash on delivery,new,east,1227.72,15,81.848,141
CUST_304,INV_6352,2024-04-10,151.37,electronics,debit card,loyal,east,751.09,11,68.28090909090909,165
CUST_450,INV_6353,2024-03-02,330.11,home,credit card,new,north,990.25,9,110.02777777777777,110
CUST_6,INV_6354,2024-03-02,69.02,home,cash on delivery,loyal,west,1140.84,11,103.71272727272726,176
CUST_313,INV_6355,2024-06-14,95.67,books,debit card,new,south,2380.87,15,158.72466666666665,132
CUST_816,INV_6356,2024-01-26,40.78,clothing,upi,loyal,west,870.73,13,66.97923076923077,147
CUST_102,INV_6357,2024-04-30,113.38,clothing,credit card,new,west,1174.56,8,146.82,153
CUST_820,INV_6358,2024-01-24,62.25,electronics,credit card,returning,east,655.62,7,93.66,174
CUST_192,INV_6359,2024-02-08,57.56,books,debit card,new,north,993.54,9,110.39333333333333,161
CUST_752,INV_6360,2024-05-03,193.43,clothing,upi,loyal,east,1458.89,11,132.62636363636364,175
CUST_573,INV_6361,2024-01-21,5.15,home,cash on delivery,loyal,south,1355.1000000000001,14,96.79285714285716,132
CUST_528,INV_6362,2024-04-03,213.68,clothing,upi,returning,south,1481.26,10,148.126,171
CUST_170,INV_6363,2024-06-23,191.1,books,credit card,returning,east,2201.4,13,169.33846153846156,157
CUST_536,INV_6364,2024-04-24,70.6,beauty,debit card,loyal,north,2514.01,16,157.125625,170
CUST_250,INV_6365,2024-06-24,67.37,home,upi,returning,north,1687.99,12,140.66583333333332,171
CUST_764,INV_6366,2024-04-30,44.91,clothing,cash on delivery,new,west,189.22,5,37.844,143
CUST_386,INV_6367,2024-01-13,514.54,home,upi,new,west,2344.88,16,146.555,158
CUST_206,INV_6368,2024-05-10,11.78,electronics,upi,returning,east,741.92,13,57.07076923076923,157
CUST_540,INV_6369,2024-06-08,89.21,home,debit card,new,south,1001.1500000000001,9,111.2388888888889,169
CUST_628,INV_6370,2024-06-11,114.47,clothing,debit card,new,north,1068.54,11,97.14,153
CUST_415,INV_6371,2024-01-19,272.31,electronics,credit card,returning,east,1779.05,10,177.905,132
CUST_793,INV_6372,2024-05-21,151.51,electronics,debit card,loyal,east,1227.72,15,81.848,141
CUST_379,INV_6373,2024-06-24,103.24,electronics,upi,new,south,961.96,11,87.4509090909091,168
CUST_143,INV_6374,2024-03-21,12.42,beauty,cash on delivery,returning,west,1385.37,14,98.955,149
CUST_24,INV_6375,2024-05-02,46.8,beauty,credit card,loyal,south,1497.66,16,93.60375,163
CUST_821,INV_6376,2024-03-08,14.95,electronics,debit card,new,west,2552.8,18,141.82222222222222,162
CUST_667,INV_6377,2024-06-21,213.04,clothing,upi,new,west,656.47,6,109.41166666666668,162
CUST_72,INV_6378,2024-01-19,138.48,electronics,upi,returning,north,2477.25,19,130.3815789473684,176
CUST_631,INV_6379,2024-03-04,141.69,electronics,credit card,new,north,334.24,7,47.74857142857143,129
CUST_823,INV_6380,2024-04-10,105.63,home,credit card,loyal,west,1463.07,9,162.56333333333333,98
CUST_832,INV_6381,2024-03-06,70.73,home,debit card,returning,west,1070.51,14,76.465,169
CUST_92,INV_6382,2024-03-06,16.25,home,debit card,returning,north,1036.66,13,79.74307692307693,129
CUST_504,INV_6383,2024-03-15,40.0,books,cash on delivery,returning,west,1310.05,11,119.09545454545454,156
CUST_597,INV_6384,2024-02-14,14.72,home,credit card,returning,west,765.94,11,69.6309090909091,168
CUST_335,INV_6385,2024-03-27,129.07,home,credit card,loyal,west,1313.5,11,119.4090909090909,107
CUST_424,INV_6386,2024-03-07,17.46,clothing,upi,loyal,south,1788.03,11,162.5481818181818,96
CUST_498,INV_6387,2024-01-03,121.1,beauty,cash on delivery,loyal,east,1599.85,14,114.27499999999999,143
CUST_363,INV_6388,2024-06-14,117.85,beauty,debit card,loyal,west,1494.74,16,93.42125,141
CUST_946,INV_6389,2024-06-18,61.49,beauty,cash on delivery,loyal,north,1168.55,16,73.034375,160
CUST_629,INV_6390,2024-06-16,14.53,books,cash on delivery,loyal,west,1015.25,13,78.09615384615384,153
CUST_744,INV_6391,2024-06-26,37.8,electronics,upi,returning,west,852.41,7,121.77285714285713,140
CUST_198,INV_6392,2024-06-11,38.58,home,credit card,returning,north,723.96,8,90.495,146
CUST_717,INV_6393,2024-01-24,120.53,clothing,credit card,returning,north,1060.88,8,132.61,167
CUST_412,INV_6394,2024-03-28,12.07,books,credit card,loyal,west,395.62,7,56.51714285714286,147
CUST_338,INV_6395,2024-01-17,176.65,beauty,debit card,returning,east,1012.3600000000001,9,112.48444444444446,154
CUST_658,INV_6396,2024-02-09,143.13,books,credit card,loyal,north,1108.12,15,73.87466666666666,158
CUST_961,INV_6397,2024-06-20,20.62,clothing,cash on delivery,returning,north,792.14,15,52.809333333333335,165
CUST_936,INV_6398,2024-05-30,127.0,books,cash on delivery,loyal,south,1728.72,15,115.248,153
CUST_428,INV_6399,2024-01-06,110.42,beauty,credit card,loyal,west,1757.97,13,135.22846153846154,171
CUST_782,INV_6400,2024-05-28,137.88,electronics,cash on delivery,loyal,south,1358.75,16,84.921875,170
CUST_898,INV_6401,2024-04-28,20.94,beauty,debit card,new,south,909.4,13,69.95384615384616,157
CUST_138,INV_6402,2024-04-29,17.15,beauty,credit card,new,east,1076.78,10,107.678,169
CUST_692,INV_6403,2024-02-04,26.98,beauty,debit card,loyal,west,2789.69,17,164.09941176470588,153
CUST_941,INV_6404,2024-04-22,45.55,books,credit card,returning,west,796.67,10,79.667,166
CUST_541,INV_6405,2024-01-29,157.83,clothing,debit card,loyal,south,922.86,13,70.98923076923077,142
CUST_56,INV_6406,2024-01-07,133.91,beauty,debit card,loyal,north,385.46,6,64.24333333333333,131
CUST_231,INV_6407,2024-02-22,259.63,books,debit card,new,north,1369.29,10,136.929,176
CUST_657,INV_6408,2024-06-13,6.04,clothing,cash on delivery,loyal,west,1862.21,16,116.388125,146
CUST_434,INV_6409,2024-01-23,1.16,electronics,debit card,new,east,1873.11,16,117.069375,161
CUST_383,INV_6410,2024-04-06,120.11,beauty,upi,returning,east,1846.6,12,153.88333333333333,151
CUST_559,INV_6411,2024-05-15,32.75,home,debit card,returning,west,1782.0,11,162.0,111
CUST_193,INV_6412,2024-03-16,40.66,books,debit card,returning,north,1323.7,13,101.82307692307693,165
CUST_735,INV_6413,2024-06-24,79.14,electronics,debit card,loyal,east,1179.4,14,84.24285714285715,156
CUST_647,INV_6414,2024-01-10,10.8,electronics,debit card,new,west,622.69,12,51.89083333333334,156
CUST_533,INV_6415,2024-04-26,102.92,electronics,credit card,loyal,west,740.64,8,92.58,107
CUST_517,INV_6416,2024-01-24,39.33,books,cash on delivery,returning,north,1311.9299999999998,10,131.19299999999998,153
CUST_715,INV_6417,2024-06-23,100.16,clothing,cash on delivery,loyal,south,1019.37,7,145.62428571428572,162
CUST_750,INV_6418,2024-02-08,179.58,home,cash on delivery,new,north,1289.12,13,99.16307692307691,171
CUST_184,INV_6419,2024-03-06,18.77,clothing,credit card,new,east,638.32,8,79.79,128
CUST_871,INV_6420,2024-01-06,267.18,beauty,debit card,returning,south,1672.77,14,119.48357142857142,177
CUST_291,INV_6421,2024-01-21,75.65,home,debit card,returning,north,627.5,6,104.58333333333333,116
CUST_334,INV_6422,2024-03-13,256.3,clothing,cash on delivery,returning,east,1143.87,11,103.98818181818181,133
CUST_731,INV_6423,2024-03-14,23.29,beauty,upi,loyal,east,1332.29,12,111.02416666666666,153
CUST_115,INV_6424,2024-02-05,92.78,home,debit card,new,south,515.52,10,51.552,133
CUST_824,INV_6425,2024-05-10,51.73,books,debit card,loyal,north,2560.0699999999997,19,134.74052631578945,159
CUST_48,INV_6426,2024-06-18,148.82,beauty,debit card,returning,north,818.66,11,74.42363636363636,164
CUST_684,INV_6427,2024-06-21,93.12,clothing,credit card,new,east,2119.79,18,117.76611111111112,175
CUST_81,INV_6428,2024-02-13,68.22,home,debit card,returning,west,954.4300000000001,11,86.76636363636364,115
CUST_833,INV_6429,2024-03-31,244.17,beauty,cash on delivery,new,west,1352.11,9,150.23444444444442,143
CUST_332,INV_6430,2024-06-09,47.34,beauty,debit card,new,south,570.24,6,95.04,152
CUST_556,INV_6431,2024-02-29,24.84,books,cash on delivery,returning,north,779.64,11,70.87636363636364,134
CUST_334,INV_6432,2024-04-02,93.68,beauty,upi,new,west,1143.87,11,103.98818181818181,133
CUST_531,INV_6433,2024-03-23,97.82,home,credit card,new,south,972.35,11,88.39545454545454,123
CUST_959,INV_6434,2024-03-23,57.82,electronics,upi,returning,east,1104.43,9,122.71444444444445,66
CUST_220,INV_6435,2024-03-17,66.67,home,debit card,new,west,330.15999999999997,7,47.16571428571428,147
CUST_634,INV_6436,2024-01-26,320.78,home,upi,returning,north,1118.36,6,186.39333333333332,146
CUST_745,INV_6437,2024-01-21,131.93,books,debit card,loyal,east,789.68,7,112.81142857142856,163
CUST_732,INV_6438,2024-04-29,11.72,books,cash on delivery,loyal,north,586.39,9,65.15444444444444,176
CUST_322,INV_6439,2024-05-09,23.84,beauty,debit card,returning,east,620.87,7,88.69571428571429,150
CUST_850,INV_6440,2024-06-23,371.22,books,credit card,new,north,750.55,8,93.81875,160
CUST_2,INV_6441,2024-04-17,129.63,beauty,upi,loyal,south,1273.6599999999999,9,141.51777777777775,150
CUST_693,INV_6442,2024-06-06,246.56,electronics,debit card,returning,north,1090.33,9,121.14777777777778,156
CUST_205,INV_6443,2024-01-27,36.22,clothing,cash on delivery,returning,north,1322.57,13,101.73615384615384,175
CUST_831,INV_6444,2024-03-11,135.43,books,upi,new,east,1121.82,13,86.29384615384615,139
CUST_39,INV_6445,2024-05-27,125.18,books,credit card,new,north,838.78,10,83.878,123
CUST_58,INV_6446,2024-02-19,34.91,electronics,debit card,new,north,1328.9,14,94.92142857142858,150
CUST_950,INV_6447,2024-04-04,80.03,books,credit card,returning,north,1161.93,8,145.24125,109
CUST_573,INV_6448,2024-01-23,98.73,electronics,cash on delivery,loyal,east,1355.1000000000001,14,96.79285714285716,132
CUST_643,INV_6449,2024-05-20,65.61,beauty,upi,returning,west,269.44,8,33.68,105
CUST_506,INV_6450,2024-03-21,175.55,books,upi,new,west,770.7,7,110.10000000000001,143
CUST_571,INV_6451,2024-05-11,178.9,books,upi,new,west,964.01,9,107.11222222222221,119
CUST_883,INV_6452,2024-05-21,190.11,beauty,cash on delivery,returning,north,1316.5900000000001,13,101.27615384615386,174
CUST_842,INV_6453,2024-01-20,162.67,books,debit card,new,south,704.37,8,88.04625,149
CUST_121,INV_6454,2024-05-03,66.96,home,debit card,new,south,1001.52,11,91.04727272727273,157
CUST_478,INV_6455,2024-01-13,48.04,electronics,debit card,returning,east,255.21,4,63.8025,163
CUST_618,INV_6456,2024-01-03,178.01,clothing,credit card,loyal,west,1557.1,10,155.70999999999998,161
CUST_95,INV_6457,2024-06-23,67.37,home,cash on delivery,new,north,922.15,11,83.83181818181818,172
CUST_858,INV_6458,2024-05-10,28.29,clothing,upi,loyal,east,955.58,10,95.558,115
CUST_413,INV_6459,2024-05-08,70.79,home,cash on delivery,loyal,north,1491.01,13,114.69307692307692,176
CUST_234,INV_6460,2024-03-30,15.3,home,cash on delivery,loyal,east,658.28,10,65.828,156
CUST_897,INV_6461,2024-05-31,117.65,home,cash on delivery,loyal,west,482.14,7,68.87714285714286,149
CUST_61,INV_6462,2024-02-04,40.94,electronics,upi,new,north,1200.96,6,200.16,114
CUST_255,INV_6463,2024-01-14,30.2,clothing,upi,new,west,1107.01,10,110.701,101
CUST_560,INV_6464,2024-05-20,313.52,beauty,credit card,returning,west,1191.05,12,99.25416666666666,167
CUST_904,INV_6465,2024-06-23,150.0,beauty,cash on delivery,new,north,1353.9,11,123.08181818181819,166
CUST_347,INV_6466,2024-02-19,154.68,books,debit card,returning,west,974.64,11,88.60363636363637,136
CUST_670,INV_6467,2024-03-18,97.74,electronics,credit card,loyal,east,174.01999999999998,2,87.00999999999999,36
CUST_123,INV_6468,2024-06-02,182.74,electronics,upi,returning,east,2252.29,12,187.69083333333333,151
CUST_481,INV_6469,2024-01-03,142.36,electronics,upi,returning,east,1460.54,10,146.054,141
CUST_316,INV_6470,2024-06-27,91.32,home,credit card,new,west,1069.17,8,133.64625,175
CUST_503,INV_6471,2024-02-09,324.74,electronics,debit card,returning,north,1643.37,11,149.3972727272727,159
CUST_718,INV_6472,2024-06-12,21.27,beauty,cash on delivery,loyal,west,181.48,4,45.37,153
CUST_47,INV_6473,2024-02-20,287.14,electronics,cash on delivery,new,west,1064.54,8,133.0675,157
CUST_408,INV_6474,2024-01-01,51.32,home,debit card,new,east,473.27,5,94.654,161
CUST_931,INV_6475,2024-04-13,75.16,clothing,cash on delivery,new,north,970.01,9,107.77888888888889,112
CUST_135,INV_6476,2024-06-09,13.1,electronics,upi,loyal,south,321.99,5,64.398,142
CUST_200,INV_6477,2024-05-14,77.68,clothing,credit card,returning,south,1145.51,15,76.36733333333333,178
CUST_249,INV_6478,2024-04-26,94.47,books,debit card,new,north,321.73,8,40.21625,109
CUST_313,INV_6479,2024-04-25,607.55,home,credit card,returning,north,2380.87,15,158.72466666666665,132
CUST_868,INV_6480,2024-02-21,369.66,electronics,cash on delivery,loyal,east,823.44,10,82.34400000000001,168
CUST_367,INV_6481,2024-04-29,339.31,books,cash on delivery,loyal,north,1281.82,8,160.2275,117
CUST_428,INV_6482,2024-05-18,42.83,books,upi,loyal,north,1757.97,13,135.22846153846154,171
CUST_829,INV_6483,2024-06-03,474.06,clothing,upi,new,west,2524.41,11,229.49181818181816,150
CUST_806,INV_6484,2024-05-21,60.78,beauty,cash on delivery,new,west,1409.26,10,140.926,157
CUST_479,INV_6485,2024-03-26,190.94,beauty,cash on delivery,returning,south,1529.98,12,127.49833333333333,144
CUST_313,INV_6486,2024-02-15,24.38,beauty,upi,returning,east,2380.87,15,158.72466666666665,132
CUST_499,INV_6487,2024-03-16,70.49,beauty,upi,new,east,727.19,14,51.94214285714286,170
CUST_720,INV_6488,2024-01-10,338.18,home,debit card,loyal,north,1024.62,11,93.14727272727272,116
CUST_354,INV_6489,2024-05-31,293.81,electronics,upi,loyal,east,1420.43,12,118.36916666666667,134
CUST_484,INV_6490,2024-03-01,115.12,electronics,debit card,new,south,1281.8899999999999,16,80.11812499999999,162
CUST_210,INV_6491,2024-01-18,159.86,home,debit card,returning,west,748.29,11,68.02636363636363,147
CUST_703,INV_6492,2024-03-26,19.41,clothing,credit card,loyal,south,1227.12,15,81.80799999999999,135
CUST_43,INV_6493,2024-05-16,127.89,electronics,upi,new,south,1212.72,10,121.272,135
CUST_540,INV_6494,2024-05-24,96.25,books,debit card,returning,north,1001.1500000000001,9,111.2388888888889,169
CUST_570,INV_6495,2024-05-07,9.6,electronics,credit card,returning,west,1121.49,14,80.10642857142857,155
CUST_582,INV_6496,2024-04-13,12.01,home,credit card,loyal,north,332.45,7,47.49285714285714,164
CUST_91,INV_6497,2024-05-20,11.48,clothing,upi,loyal,south,802.32,10,80.232,137
CUST_264,INV_6498,2024-06-26,128.86,electronics,upi,loyal,south,1034.75,10,103.475,165
CUST_894,INV_6499,2024-04-10,15.28,home,credit card,loyal,east,761.35,10,76.135,161
CUST_219,INV_6500,2024-01-06,63.06,books,debit card,returning,east,1823.3,14,130.2357142857143,164
CUST_901,INV_6501,2024-03-25,44.16,beauty,upi,new,east,1474.79,12,122.89916666666666,165
CUST_924,INV_6502,2024-02-20,79.96,books,credit card,returning,east,1477.36,17,86.9035294117647,156
CUST_441,INV_6503,2024-02-05,122.58,books,credit card,loyal,south,1047.24,12,87.27,141
CUST_400,INV_6504,2024-03-11,115.43,clothing,debit card,new,east,2887.32,18,160.40666666666667,165
CUST_399,INV_6505,2024-04-09,72.47,electronics,cash on delivery,returning,west,1224.99,9,136.11,155
CUST_726,INV_6506,2024-01-25,62.42,beauty,debit card,new,south,1882.9499999999998,14,134.49642857142857,160
CUST_990,INV_6507,2024-05-18,50.72,home,credit card,returning,south,1127.03,8,140.87875,141
CUST_898,INV_6508,2024-02-13,197.98,beauty,debit card,new,west,909.4,13,69.95384615384616,157
CUST_788,INV_6509,2024-01-14,40.17,electronics,upi,returning,north,761.97,8,95.24625,155
CUST_575,INV_6510,2024-01-29,30.02,clothing,credit card,returning,east,542.46,8,67.8075,137
CUST_857,INV_6511,2024-03-14,135.99,electronics,debit card,loyal,south,1238.11,13,95.23923076923076,128
CUST_803,INV_6512,2024-02-19,44.59,home,debit card,returning,west,917.4300000000001,14,65.5307142857143,157
CUST_489,INV_6513,2024-01-05,187.73,beauty,debit card,loyal,north,1291.16,15,86.07733333333334,149
CUST_484,INV_6514,2024-04-19,39.73,books,debit card,returning,north,1281.8899999999999,16,80.11812499999999,162
CUST_756,INV_6515,2024-05-01,121.05,electronics,credit card,new,west,528.06,7,75.43714285714285,130
CUST_469,INV_6516,2024-03-28,4.62,clothing,debit card,new,south,538.1700000000001,5,107.63400000000001,135
CUST_573,INV_6517,2024-02-26,48.7,clothing,upi,loyal,south,1355.1000000000001,14,96.79285714285716,132
CUST_937,INV_6518,2024-01-26,42.04,beauty,cash on delivery,returning,east,1849.38,14,132.09857142857143,167
CUST_843,INV_6519,2024-01-06,169.65,books,cash on delivery,loyal,east,735.54,9,81.72666666666666,112
CUST_681,INV_6520,2024-05-23,341.29,home,cash on delivery,new,west,1672.08,10,167.208,141
CUST_444,INV_6521,2024-02-29,61.78,books,upi,returning,west,1275.1,12,106.25833333333333,172
CUST_268,INV_6522,2024-04-09,174.2,beauty,cash on delivery,loyal,south,725.07,8,90.63375,79
CUST_266,INV_6523,2024-01-12,120.3,books,credit card,new,south,877.1,9,97.45555555555556,160
CUST_53,INV_6524,2024-03-15,342.3,beauty,credit card,new,west,1002.76,12,83.56333333333333,144
CUST_527,INV_6525,2024-01-03,166.66,books,upi,returning,west,1312.62,12,109.38499999999999,133
CUST_519,INV_6526,2024-03-03,8.06,electronics,upi,returning,north,1053.73,14,75.26642857142858,151
CUST_615,INV_6527,2024-05-13,124.93,clothing,credit card,returning,north,1607.96,11,146.17818181818183,125
CUST_58,INV_6528,2024-01-19,76.68,beauty,upi,loyal,north,1328.9,14,94.92142857142858,150
CUST_824,INV_6529,2024-01-18,1.66,beauty,upi,loyal,north,2560.0699999999997,19,134.74052631578945,159
CUST_39,INV_6530,2024-03-20,28.94,clothing,credit card,returning,north,838.78,10,83.878,123
CUST_236,INV_6531,2024-06-19,254.79,home,credit card,returning,west,1333.49,14,95.24928571428572,169
CUST_954,INV_6532,2024-03-13,260.45,beauty,debit card,returning,east,1420.93,11,129.17545454545456,150
CUST_385,INV_6533,2024-05-10,160.37,electronics,debit card,new,west,1210.29,13,93.09923076923077,157
CUST_605,INV_6534,2024-05-05,400.52,books,cash on delivery,returning,north,1590.42,12,132.535,164
CUST_733,INV_6535,2024-03-12,164.27,electronics,upi,loyal,west,988.9300000000001,12,82.41083333333334,94
CUST_715,INV_6536,2024-02-07,1.03,beauty,credit card,new,south,1019.37,7,145.62428571428572,162
CUST_649,INV_6537,2024-03-08,33.94,home,cash on delivery,returning,west,1150.4,12,95.86666666666667,151
CUST_299,INV_6538,2024-06-20,3.11,beauty,debit card,loyal,west,292.94,5,58.588,147
CUST_394,INV_6539,2024-03-20,9.88,home,upi,new,east,1095.95,8,136.99375,161
CUST_206,INV_6540,2024-02-11,24.7,clothing,cash on delivery,new,north,741.92,13,57.07076923076923,157
CUST_335,INV_6541,2024-03-04,70.03,books,upi,loyal,north,1313.5,11,119.4090909090909,107
CUST_592,INV_6542,2024-03-18,188.08,electronics,cash on delivery,loyal,west,1160.55,8,145.06875,97
CUST_729,INV_6543,2024-05-06,198.03,home,upi,new,west,707.35,9,78.59444444444445,140
CUST_513,INV_6544,2024-04-14,95.76,electronics,upi,loyal,north,1542.87,9,171.42999999999998,138
CUST_177,INV_6545,2024-03-16,263.35,clothing,credit card,new,south,1067.21,8,133.40125,124
CUST_395,INV_6546,2024-06-13,69.33,beauty,upi,new,north,394.9,7,56.41428571428571,154
CUST_370,INV_6547,2024-05-11,219.85,home,debit card,new,south,1717.41,10,171.741,145
CUST_857,INV_6548,2024-05-09,60.53,books,credit card,new,west,1238.11,13,95.23923076923076,128
CUST_790,INV_6549,2024-05-01,32.47,home,upi,returning,west,1002.99,11,91.1809090909091,137
CUST_657,INV_6550,2024-02-13,248.19,beauty,debit card,loyal,south,1862.21,16,116.388125,146
CUST_317,INV_6551,2024-04-11,49.09,beauty,debit card,returning,north,2119.2799999999997,16,132.45499999999998,166
CUST_735,INV_6552,2024-03-02,70.0,books,cash on delivery,returning,west,1179.4,14,84.24285714285715,156
CUST_368,INV_6553,2024-01-01,39.88,books,credit card,returning,north,721.13,11,65.55727272727273,176
CUST_383,INV_6554,2024-01-17,108.72,clothing,credit card,returning,west,1846.6,12,153.88333333333333,151
CUST_61,INV_6555,2024-01-16,530.46,electronics,cash on delivery,new,east,1200.96,6,200.16,114
CUST_805,INV_6556,2024-01-09,2.58,home,cash on delivery,new,east,875.45,12,72.95416666666667,171
CUST_504,INV_6557,2024-02-28,230.11,clothing,cash on delivery,new,east,1310.05,11,119.09545454545454,156
CUST_238,INV_6558,2024-04-28,0.39,electronics,credit card,new,south,1383.87,12,115.32249999999999,130
CUST_194,INV_6559,2024-05-16,45.29,clothing,debit card,returning,north,1282.82,14,91.63,161
CUST_677,INV_6560,2024-05-19,18.47,books,debit card,new,east,1648.2,8,206.025,146
CUST_962,INV_6561,2024-04-28,141.61,books,upi,returning,south,1727.8,16,107.9875,166
CUST_221,INV_6562,2024-02-10,5.19,beauty,credit card,new,east,527.87,9,58.65222222222222,157
CUST_60,INV_6563,2024-05-22,80.63,home,credit card,loyal,west,821.67,7,117.38142857142857,159
CUST_128,INV_6564,2024-03-06,34.95,home,cash on delivery,loyal,east,1228.05,16,76.753125,176
CUST_989,INV_6565,2024-03-15,14.35,home,credit card,loyal,north,1160.0,12,96.66666666666667,120
CUST_684,INV_6566,2024-01-11,147.76,clothing,credit card,loyal,north,2119.79,18,117.76611111111112,175
CUST_991,INV_6567,2024-01-08,24.52,clothing,debit card,new,south,640.42,9,71.15777777777777,167
CUST_155,INV_6568,2024-05-13,25.32,home,credit card,loyal,north,952.72,14,68.05142857142857,160
CUST_916,INV_6569,2024-05-27,32.17,beauty,debit card,loyal,east,1850.32,16,115.645,127
CUST_377,INV_6570,2024-06-15,88.37,electronics,debit card,returning,west,1043.45,13,80.26538461538462,166
CUST_621,INV_6571,2024-04-08,107.78,clothing,credit card,loyal,west,1010.19,11,91.83545454545455,172
CUST_780,INV_6572,2024-03-12,1.78,home,debit card,new,south,1254.05,14,89.575,168
CUST_922,INV_6573,2024-04-22,27.69,books,cash on delivery,returning,west,1106.43,13,85.11,142
CUST_867,INV_6574,2024-04-16,56.38,clothing,debit card,new,south,605.92,9,67.32444444444444,153
CUST_902,INV_6575,2024-02-03,40.34,electronics,credit card,returning,south,1227.18,10,122.718,167
CUST_789,INV_6576,2024-02-26,215.56,clothing,cash on delivery,new,south,1280.23,10,128.023,152
CUST_585,INV_6577,2024-04-26,154.98,electronics,cash on delivery,loyal,north,685.78,10,68.578,150
CUST_998,INV_6578,2024-04-29,98.32,electronics,credit card,returning,east,802.62,9,89.18,156
CUST_436,INV_6579,2024-05-26,41.26,clothing,upi,loyal,north,1149.4,8,143.675,152
CUST_974,INV_6580,2024-03-11,120.62,electronics,debit card,new,west,1943.69,10,194.369,172
CUST_206,INV_6581,2024-06-07,185.56,clothing,debit card,new,north,741.92,13,57.07076923076923,157
CUST_387,INV_6582,2024-02-09,90.34,clothing,upi,returning,south,872.6700000000001,10,87.26700000000001,155
CUST_479,INV_6583,2024-05-21,153.46,beauty,cash on delivery,new,north,1529.98,12,127.49833333333333,144
CUST_790,INV_6584,2024-04-12,138.27,books,upi,new,north,1002.99,11,91.1809090909091,137
CUST_886,INV_6585,2024-05-03,84.8,electronics,credit card,returning,west,1133.96,12,94.49666666666667,164
CUST_837,INV_6586,2024-05-02,37.42,clothing,upi,loyal,east,747.28,9,83.0311111111111,122
CUST_983,INV_6587,2024-04-09,136.96,electronics,cash on delivery,returning,south,1420.05,15,94.67,178
CUST_339,INV_6588,2024-06-13,23.17,clothing,credit card,new,north,857.42,12,71.45166666666667,155
CUST_868,INV_6589,2024-06-20,151.18,clothing,credit card,new,west,823.44,10,82.34400000000001,168
CUST_339,INV_6590,2024-05-16,163.24,clothing,credit card,returning,west,857.42,12,71.45166666666667,155
CUST_203,INV_6591,2024-02-27,172.68,books,debit card,returning,south,469.57,7,67.08142857142857,132
CUST_160,INV_6592,2024-05-27,64.04,electronics,debit card,loyal,west,1260.26,17,74.13294117647058,158
CUST_539,INV_6593,2024-04-18,21.38,books,credit card,new,east,1091.96,14,77.99714285714286,168
CUST_391,INV_6594,2024-04-30,10.51,books,upi,new,west,759.66,10,75.966,149
CUST_768,INV_6595,2024-04-01,136.01,books,debit card,loyal,north,2004.6799999999998,9,222.7422222222222,169
CUST_676,INV_6596,2024-02-19,217.39,books,cash on delivery,returning,east,487.63,7,69.66142857142857,144
CUST_574,INV_6597,2024-05-27,105.22,beauty,debit card,returning,east,1145.9,15,76.39333333333335,157
CUST_533,INV_6598,2024-04-14,15.57,electronics,upi,loyal,west,740.64,8,92.58,107
CUST_69,INV_6599,2024-06-12,273.18,electronics,debit card,returning,south,580.79,8,72.59875,151
CUST_892,INV_6600,2024-04-26,451.92,clothing,upi,loyal,south,1313.34,11,119.39454545454545,141
CUST_404,INV_6601,2024-01-27,56.81,electronics,upi,returning,south,401.87,13,30.913076923076922,161
CUST_607,INV_6602,2024-02-01,90.34,books,debit card,returning,north,1399.46,12,116.62166666666667,143
CUST_674,INV_6603,2024-01-01,150.16,home,upi,returning,west,1646.9099999999999,12,137.24249999999998,145
CUST_590,INV_6604,2024-01-17,133.33,electronics,upi,loyal,south,609.6800000000001,7,87.09714285714287,65
CUST_516,INV_6605,2024-05-16,343.54,home,cash on delivery,loyal,north,1407.26,13,108.25076923076924,168
CUST_827,INV_6606,2024-03-24,12.2,beauty,credit card,loyal,east,1576.78,15,105.11866666666667,163
CUST_119,INV_6607,2024-02-14,86.92,clothing,credit card,new,south,1011.79,11,91.9809090909091,163
CUST_813,INV_6608,2024-03-06,117.74,clothing,debit card,new,east,432.77,10,43.277,173
CUST_689,INV_6609,2024-02-01,220.82,clothing,upi,loyal,south,1618.6299999999999,10,161.863,138
CUST_687,INV_6610,2024-02-14,207.23,beauty,debit card,new,west,1128.25,12,94.02083333333333,89
CUST_901,INV_6611,2024-01-09,381.67,books,debit card,new,east,1474.79,12,122.89916666666666,165
CUST_216,INV_6612,2024-01-30,71.76,home,credit card,returning,west,1413.6200000000001,12,117.80166666666668,124
CUST_55,INV_6613,2024-03-24,177.64,electronics,upi,returning,north,907.49,9,100.83222222222223,160
CUST_365,INV_6614,2024-06-14,55.74,books,debit card,returning,east,1150.82,11,104.61999999999999,141
CUST_698,INV_6615,2024-02-29,54.87,clothing,debit card,new,north,1683.8300000000002,15,112.25533333333334,111
CUST_503,INV_6616,2024-01-01,29.22,clothing,credit card,new,south,1643.37,11,149.3972727272727,159
CUST_743,INV_6617,2024-01-05,170.51,books,credit card,loyal,south,1296.94,8,162.1175,106
CUST_766,INV_6618,2024-03-03,425.56,home,credit card,new,south,656.89,8,82.11125,160
CUST_924,INV_6619,2024-06-12,29.62,books,debit card,new,north,1477.36,17,86.9035294117647,156
CUST_454,INV_6620,2024-03-05,5.78,beauty,upi,loyal,south,1356.76,14,96.91142857142857,178
CUST_103,INV_6621,2024-03-18,169.03,clothing,credit card,loyal,west,1251.99,14,89.42785714285715,172
CUST_76,INV_6622,2024-05-31,96.82,home,credit card,loyal,north,257.02,4,64.255,122
CUST_229,INV_6623,2024-05-11,321.14,electronics,upi,returning,north,1002.8299999999999,8,125.35374999999999,111
CUST_913,INV_6624,2024-04-23,29.07,clothing,debit card,loyal,east,1886.23,11,171.47545454545454,176
CUST_257,INV_6625,2024-01-25,7.37,books,debit card,returning,south,431.55,7,61.65,153
CUST_263,INV_6626,2024-05-14,67.81,home,upi,new,east,1411.37,8,176.42125,87
CUST_330,INV_6627,2024-05-20,8.93,clothing,credit card,new,north,870.25,13,66.9423076923077,171
CUST_992,INV_6628,2024-02-12,30.35,electronics,cash on delivery,returning,east,1168.02,12,97.335,121
CUST_181,INV_6629,2024-02-26,13.46,electronics,upi,returning,west,1221.8700000000001,12,101.8225,149
CUST_892,INV_6630,2024-06-12,25.38,books,cash on delivery,returning,south,1313.34,11,119.39454545454545,141
CUST_767,INV_6631,2024-05-21,11.22,beauty,debit card,new,north,957.02,10,95.702,163
CUST_549,INV_6632,2024-03-12,307.71,books,debit card,new,east,1184.88,14,84.63428571428572,164
CUST_687,INV_6633,2024-01-27,32.65,home,cash on delivery,loyal,south,1128.25,12,94.02083333333333,89
CUST_26,INV_6634,2024-05-07,58.68,books,credit card,loyal,west,591.45,8,73.93125,155
CUST_275,INV_6635,2024-04-15,228.88,home,cash on delivery,new,south,861.36,10,86.136,152
CUST_651,INV_6636,2024-06-13,113.11,beauty,credit card,loyal,east,474.01,8,59.25125,155
CUST_298,INV_6637,2024-03-11,96.24,books,upi,loyal,west,461.56,4,115.39,129
CUST_956,INV_6638,2024-06-01,122.27,electronics,debit card,returning,north,1002.25,9,111.36111111111111,128
CUST_798,INV_6639,2024-03-07,176.51,home,debit card,new,west,1315.81,7,187.97285714285712,145
CUST_90,INV_6640,2024-03-30,210.1,home,cash on delivery,returning,south,471.46,5,94.292,165
CUST_479,INV_6641,2024-01-04,102.9,electronics,upi,new,north,1529.98,12,127.49833333333333,144
CUST_572,INV_6642,2024-04-15,220.73,books,cash on delivery,new,south,1551.8799999999999,14,110.84857142857142,135
CUST_457,INV_6643,2024-03-19,76.66,beauty,cash on delivery,returning,north,453.36,6,75.56,111
CUST_450,INV_6644,2024-04-05,32.47,clothing,cash on delivery,new,west,990.25,9,110.02777777777777,110
CUST_364,INV_6645,2024-04-02,212.09,books,credit card,returning,north,1129.3899999999999,9,125.48777777777777,175
CUST_858,INV_6646,2024-03-14,77.97,books,debit card,returning,south,955.58,10,95.558,115
CUST_674,INV_6647,2024-05-05,236.59,home,debit card,new,east,1646.9099999999999,12,137.24249999999998,145
CUST_350,INV_6648,2024-01-16,4.1,home,cash on delivery,new,east,91.22,4,22.805,152
CUST_654,INV_6649,2024-05-26,50.67,beauty,credit card,returning,east,1045.21,10,104.521,156
CUST_399,INV_6650,2024-06-05,295.28,beauty,debit card,loyal,north,1224.99,9,136.11,155
CUST_252,INV_6651,2024-04-25,28.72,beauty,credit card,loyal,east,1610.4199999999998,14,115.02999999999999,170
CUST_780,INV_6652,2024-06-27,283.93,electronics,upi,new,east,1254.05,14,89.575,168
CUST_880,INV_6653,2024-01-18,307.7,clothing,credit card,new,south,1739.45,16,108.715625,135
CUST_802,INV_6654,2024-06-20,213.83,clothing,credit card,loyal,west,1426.79,12,118.89916666666666,159
CUST_458,INV_6655,2024-01-16,82.94,beauty,upi,new,north,1730.79,13,133.1376923076923,145
CUST_698,INV_6656,2024-05-09,104.11,home,debit card,new,east,1683.8300000000002,15,112.25533333333334,111
CUST_916,INV_6657,2024-02-25,203.73,clothing,debit card,loyal,south,1850.32,16,115.645,127
CUST_498,INV_6658,2024-03-19,149.56,books,credit card,new,north,1599.85,14,114.27499999999999,143
CUST_949,INV_6659,2024-04-12,99.45,electronics,credit card,loyal,south,874.32,8,109.29,86
CUST_970,INV_6660,2024-01-28,403.19,home,upi,loyal,west,1611.8600000000001,13,123.98923076923077,143
CUST_925,INV_6661,2024-01-05,115.73,electronics,upi,loyal,east,685.0,8,85.625,162
CUST_507,INV_6662,2024-04-15,370.83,books,debit card,new,north,879.5,12,73.29166666666667,167
CUST_303,INV_6663,2024-01-22,5.91,clothing,debit card,returning,north,1490.35,11,135.48636363636362,146
CUST_500,INV_6664,2024-04-26,14.96,electronics,upi,returning,east,647.19,8,80.89875,133
CUST_802,INV_6665,2024-04-09,60.05,electronics,credit card,returning,south,1426.79,12,118.89916666666666,159
CUST_597,INV_6666,2024-01-13,48.59,electronics,upi,new,west,765.94,11,69.6309090909091,168
CUST_165,INV_6667,2024-03-05,152.66,books,debit card,new,north,1617.77,12,134.81416666666667,131
CUST_414,INV_6668,2024-05-23,17.51,home,credit card,new,north,542.9,7,77.55714285714285,155
CUST_461,INV_6669,2024-03-26,373.37,home,cash on delivery,new,west,875.0799999999999,8,109.38499999999999,151
CUST_919,INV_6670,2024-03-04,37.84,books,cash on delivery,returning,north,1715.16,15,114.34400000000001,174
CUST_113,INV_6671,2024-02-01,56.02,electronics,upi,loyal,west,1221.58,10,122.15799999999999,160
CUST_432,INV_6672,2024-03-20,32.12,electronics,debit card,new,east,956.8299999999999,7,136.69,39
CUST_991,INV_6673,2024-02-20,86.6,beauty,credit card,new,west,640.42,9,71.15777777777777,167
CUST_355,INV_6674,2024-03-19,6.04,clothing,cash on delivery,new,west,1291.94,10,129.19400000000002,158
CUST_927,INV_6675,2024-06-22,16.21,clothing,credit card,loyal,south,718.8000000000001,9,79.86666666666667,179
CUST_694,INV_6676,2024-06-28,136.96,home,credit card,returning,west,958.35,7,136.90714285714287,178
CUST_206,INV_6677,2024-04-15,20.64,books,credit card,new,east,741.92,13,57.07076923076923,157
CUST_767,INV_6678,2024-03-03,26.86,electronics,credit card,returning,north,957.02,10,95.702,163
CUST_234,INV_6679,2024-03-16,157.5,clothing,upi,new,south,658.28,10,65.828,156
CUST_441,INV_6680,2024-02-29,9.79,books,credit card,returning,west,1047.24,12,87.27,141
CUST_354,INV_6681,2024-03-05,57.53,books,cash on delivery,new,south,1420.43,12,118.36916666666667,134
CUST_514,INV_6682,2024-04-26,2.33,electronics,cash on delivery,returning,east,1404.29,10,140.429,167
CUST_207,INV_6683,2024-03-21,42.59,books,upi,new,east,991.4,8,123.925,109
CUST_708,INV_6684,2024-04-14,120.06,clothing,cash on delivery,new,north,1246.67,11,113.33363636363637,127
CUST_852,INV_6685,2024-05-07,9.44,beauty,credit card,returning,east,1323.13,13,101.77923076923078,126
CUST_124,INV_6686,2024-03-11,219.22,clothing,cash on delivery,returning,east,965.91,10,96.591,165
CUST_137,INV_6687,2024-03-26,240.24,beauty,debit card,loyal,west,761.34,7,108.76285714285714,127
CUST_338,INV_6688,2024-06-02,11.09,books,credit card,loyal,east,1012.3600000000001,9,112.48444444444446,154
CUST_536,INV_6689,2024-05-19,468.12,clothing,upi,loyal,east,2514.01,16,157.125625,170
CUST_67,INV_6690,2024-03-11,35.32,electronics,debit card,loyal,east,823.55,9,91.50555555555555,144
CUST_572,INV_6691,2024-02-15,8.78,books,cash on delivery,returning,north,1551.8799999999999,14,110.84857142857142,135
CUST_540,INV_6692,2024-02-16,0.51,electronics,debit card,loyal,west,1001.1500000000001,9,111.2388888888889,169
CUST_382,INV_6693,2024-03-19,52.51,beauty,cash on delivery,new,west,1317.6999999999998,10,131.76999999999998,153
CUST_18,INV_6694,2024-06-14,99.37,home,cash on delivery,returning,south,1436.15,15,95.74333333333334,167
CUST_682,INV_6695,2024-05-28,40.37,home,cash on delivery,new,east,735.53,8,91.94125,124
CUST_449,INV_6696,2024-05-21,181.23,beauty,upi,loyal,south,1535.53,15,102.36866666666667,160
CUST_73,INV_6697,2024-05-09,126.09,home,debit card,loyal,south,905.9300000000001,8,113.24125000000001,105
CUST_572,INV_6698,2024-05-06,43.1,books,upi,loyal,east,1551.8799999999999,14,110.84857142857142,135
CUST_938,INV_6699,2024-04-18,132.54,books,cash on delivery,returning,west,690.6800000000001,10,69.06800000000001,147
CUST_664,INV_6700,2024-04-28,282.16,clothing,credit card,new,east,1203.96,10,120.396,136
CUST_275,INV_6701,2024-04-10,9.77,books,credit card,new,south,861.36,10,86.136,152
CUST_47,INV_6702,2024-06-09,36.54,home,upi,returning,north,1064.54,8,133.0675,157
CUST_210,INV_6703,2024-01-06,62.24,electronics,credit card,loyal,south,748.29,11,68.02636363636363,147
CUST_854,INV_6704,2024-05-05,68.91,clothing,debit card,loyal,west,992.4300000000001,13,76.34076923076924,171
CUST_919,INV_6705,2024-04-12,78.13,electronics,credit card,returning,north,1715.16,15,114.34400000000001,174
CUST_650,INV_6706,2024-02-06,35.76,home,credit card,new,south,461.28000000000003,8,57.660000000000004,136
CUST_621,INV_6707,2024-05-21,110.04,electronics,cash on delivery,new,east,1010.19,11,91.83545454545455,172
CUST_993,INV_6708,2024-02-06,103.59,home,debit card,new,west,490.41,10,49.041000000000004,167
CUST_694,INV_6709,2024-01-08,86.23,books,debit card,new,north,958.35,7,136.90714285714287,178
CUST_539,INV_6710,2024-03-17,12.08,clothing,credit card,loyal,west,1091.96,14,77.99714285714286,168
CUST_708,INV_6711,2024-05-20,64.81,beauty,cash on delivery,loyal,south,1246.67,11,113.33363636363637,127
CUST_190,INV_6712,2024-02-09,44.04,home,credit card,returning,west,897.22,13,69.01692307692308,127
CUST_314,INV_6713,2024-04-16,67.54,books,credit card,returning,north,559.07,7,79.86714285714287,155
CUST_900,INV_6714,2024-04-01,254.93,electronics,upi,returning,east,1352.69,8,169.08625,151
CUST_562,INV_6715,2024-01-18,65.49,books,cash on delivery,loyal,north,1821.19,13,140.09153846153848,176
CUST_660,INV_6716,2024-02-26,1.41,electronics,upi,loyal,west,1775.47,16,110.966875,162
CUST_779,INV_6717,2024-03-23,57.77,electronics,credit card,loyal,east,603.65,9,67.07222222222222,153
CUST_561,INV_6718,2024-06-14,171.84,electronics,credit card,returning,east,680.04,8,85.005,150
CUST_899,INV_6719,2024-02-01,151.44,electronics,cash on delivery,loyal,west,1282.45,12,106.87083333333334,155
CUST_757,INV_6720,2024-01-25,72.03,clothing,debit card,new,north,1097.94,17,64.58470588235295,170
CUST_112,INV_6721,2024-02-02,28.74,electronics,credit card,loyal,east,2010.72,18,111.70666666666666,160
CUST_169,INV_6722,2024-03-28,62.57,clothing,credit card,new,east,725.29,8,90.66125,177
CUST_467,INV_6723,2024-06-06,82.94,beauty,upi,new,west,728.05,6,121.34166666666665,158
CUST_677,INV_6724,2024-04-13,895.91,clothing,upi,new,east,1648.2,8,206.025,146
CUST_920,INV_6725,2024-02-03,103.33,electronics,cash on delivery,loyal,north,1876.07,18,104.22611111111111,169
CUST_13,INV_6726,2024-04-11,118.5,beauty,upi,returning,east,778.9,10,77.89,76
CUST_714,INV_6727,2024-05-06,67.62,books,debit card,new,south,636.83,9,70.75888888888889,165
CUST_287,INV_6728,2024-03-09,43.77,clothing,credit card,new,east,1150.8600000000001,13,88.52769230769232,152
CUST_906,INV_6729,2024-06-24,167.64,books,upi,loyal,south,992.6,7,141.8,172
CUST_188,INV_6730,2024-02-09,68.31,beauty,debit card,loyal,north,811.53,9,90.17,94
CUST_913,INV_6731,2024-06-27,523.82,clothing,credit card,new,south,1886.23,11,171.47545454545454,176
CUST_154,INV_6732,2024-03-20,61.09,electronics,credit card,returning,east,894.68,11,81.33454545454545,146
CUST_566,INV_6733,2024-05-20,7.04,clothing,debit card,loyal,east,968.67,13,74.51307692307692,111
CUST_693,INV_6734,2024-01-31,114.75,electronics,credit card,new,west,1090.33,9,121.14777777777778,156
CUST_721,INV_6735,2024-04-25,4.78,home,debit card,returning,west,710.14,8,88.7675,161
CUST_887,INV_6736,2024-06-15,28.84,clothing,debit card,loyal,east,1046.3799999999999,12,87.19833333333332,161
CUST_470,INV_6737,2024-03-03,43.66,clothing,upi,returning,east,1379.5900000000001,17,81.15235294117647,166
CUST_74,INV_6738,2024-02-17,134.51,books,cash on delivery,new,east,1455.28,16,90.955,150
CUST_276,INV_6739,2024-03-27,68.17,books,debit card,returning,east,2147.64,14,153.40285714285713,156
CUST_939,INV_6740,2024-02-17,2.91,beauty,upi,new,north,1461.0900000000001,15,97.406,141
CUST_644,INV_6741,2024-03-01,95.93,electronics,credit card,loyal,east,1325.3999999999999,11,120.49090909090908,146
CUST_342,INV_6742,2024-05-19,53.01,books,upi,new,south,881.05,13,67.77307692307691,151
CUST_424,INV_6743,2024-03-18,254.89,beauty,debit card,new,west,1788.03,11,162.5481818181818,96
CUST_570,INV_6744,2024-01-18,69.23,electronics,upi,loyal,south,1121.49,14,80.10642857142857,155
CUST_510,INV_6745,2024-06-03,123.43,electronics,cash on delivery,new,south,657.49,14,46.96357142857143,136
CUST_856,INV_6746,2024-01-28,24.7,electronics,credit card,returning,north,1079.73,8,134.96625,123
CUST_181,INV_6747,2024-03-20,143.12,home,upi,loyal,south,1221.8700000000001,12,101.8225,149
CUST_457,INV_6748,2024-06-28,127.64,electronics,credit card,returning,south,453.36,6,75.56,111
CUST_917,INV_6749,2024-01-16,234.43,beauty,debit card,loyal,south,1029.23,7,147.03285714285715,153
CUST_850,INV_6750,2024-03-17,3.44,electronics,cash on delivery,new,west,750.55,8,93.81875,160
CUST_832,INV_6751,2024-05-16,59.33,electronics,cash on delivery,returning,north,1070.51,14,76.465,169
CUST_63,INV_6752,2024-01-26,113.68,beauty,upi,loyal,south,492.82,6,82.13666666666667,148
CUST_838,INV_6753,2024-01-28,10.0,clothing,credit card,returning,south,195.84,4,48.96,140
CUST_259,INV_6754,2024-04-14,52.87,electronics,credit card,loyal,north,1545.43,13,118.87923076923077,168
CUST_192,INV_6755,2024-03-17,284.98,beauty,upi,loyal,east,993.54,9,110.39333333333333,161
CUST_654,INV_6756,2024-06-12,57.26,books,upi,returning,south,1045.21,10,104.521,156
CUST_615,INV_6757,2024-01-09,422.71,beauty,upi,returning,west,1607.96,11,146.17818181818183,125
CUST_971,INV_6758,2024-06-23,5.85,home,upi,returning,west,658.75,8,82.34375,161
CUST_405,INV_6759,2024-02-20,126.52,books,cash on delivery,returning,east,2154.2200000000003,9,239.3577777777778,137
CUST_725,INV_6760,2024-03-16,86.99,clothing,upi,loyal,south,1953.04,22,88.77454545454545,130
CUST_753,INV_6761,2024-05-01,69.42,clothing,credit card,returning,north,1313.51,10,131.351,109
CUST_942,INV_6762,2024-02-01,353.52,beauty,debit card,returning,east,1124.26,11,102.20545454545454,165
CUST_720,INV_6763,2024-02-26,13.89,beauty,credit card,returning,west,1024.62,11,93.14727272727272,116
CUST_92,INV_6764,2024-02-23,226.34,electronics,upi,returning,west,1036.66,13,79.74307692307693,129
CUST_429,INV_6765,2024-04-25,117.52,electronics,cash on delivery,returning,north,291.29,4,72.8225,41
CUST_653,INV_6766,2024-05-23,29.97,home,upi,returning,east,955.4,9,106.15555555555555,153
CUST_433,INV_6767,2024-03-02,231.94,electronics,debit card,new,north,886.0899999999999,8,110.76124999999999,164
CUST_403,INV_6768,2024-03-24,56.09,beauty,upi,new,east,1055.5900000000001,8,131.94875000000002,91
CUST_433,INV_6769,2024-02-25,168.32,beauty,debit card,loyal,east,886.0899999999999,8,110.76124999999999,164
CUST_111,INV_6770,2024-01-23,49.24,electronics,upi,returning,east,1059.83,13,81.52538461538461,177
CUST_928,INV_6771,2024-01-17,190.33,home,cash on delivery,returning,south,1642.5,21,78.21428571428571,169
CUST_374,INV_6772,2024-06-14,101.23,beauty,credit card,loyal,west,1235.58,13,95.04461538461538,162
CUST_58,INV_6773,2024-06-06,15.2,home,debit card,returning,west,1328.9,14,94.92142857142858,150
CUST_42,INV_6774,2024-03-18,104.89,beauty,credit card,returning,west,1234.35,12,102.8625,151
CUST_206,INV_6775,2024-01-22,21.24,home,upi,returning,east,741.92,13,57.07076923076923,157
CUST_779,INV_6776,2024-04-17,53.09,home,credit card,new,east,603.65,9,67.07222222222222,153
CUST_295,INV_6777,2024-01-17,18.67,home,cash on delivery,returning,south,1865.1,14,133.22142857142856,162
CUST_117,INV_6778,2024-01-15,2.23,electronics,cash on delivery,new,west,2229.23,16,139.326875,150
CUST_531,INV_6779,2024-04-23,23.81,clothing,credit card,returning,west,972.35,11,88.39545454545454,123
CUST_221,INV_6780,2024-02-17,76.87,home,credit card,returning,south,527.87,9,58.65222222222222,157
CUST_165,INV_6781,2024-06-08,65.69,home,cash on delivery,loyal,west,1617.77,12,134.81416666666667,131
CUST_642,INV_6782,2024-04-22,69.61,beauty,debit card,loyal,north,751.1500000000001,7,107.30714285714286,150
CUST_155,INV_6783,2024-06-16,28.46,clothing,debit card,returning,north,952.72,14,68.05142857142857,160
CUST_183,INV_6784,2024-04-06,115.57,beauty,cash on delivery,returning,south,781.65,10,78.16499999999999,119
CUST_89,INV_6785,2024-03-31,121.83,beauty,cash on delivery,returning,west,1903.25,14,135.94642857142858,151
CUST_93,INV_6786,2024-01-16,44.31,home,debit card,new,south,316.56,5,63.312,156
CUST_12,INV_6787,2024-06-04,213.01,books,credit card,returning,south,1189.3700000000001,14,84.95500000000001,160
CUST_972,INV_6788,2024-04-07,103.29,clothing,credit card,loyal,south,2206.61,18,122.58944444444445,154
CUST_833,INV_6789,2024-04-20,124.84,beauty,upi,new,west,1352.11,9,150.23444444444442,143
CUST_804,INV_6790,2024-01-01,32.48,books,debit card,returning,south,1903.26,13,146.4046153846154,150
CUST_944,INV_6791,2024-02-10,0.06,books,cash on delivery,new,west,1317.27,12,109.7725,148
CUST_741,INV_6792,2024-02-17,200.53,beauty,upi,new,north,839.6,6,139.93333333333334,67
CUST_833,INV_6793,2024-06-07,172.84,home,credit card,new,south,1352.11,9,150.23444444444442,143
CUST_803,INV_6794,2024-06-12,13.15,electronics,debit card,new,south,917.4300000000001,14,65.5307142857143,157
CUST_437,INV_6795,2024-04-17,46.86,beauty,upi,returning,west,766.99,12,63.91583333333333,121
CUST_537,INV_6796,2024-06-09,108.28,home,credit card,loyal,north,949.47,11,86.31545454545454,160
CUST_586,INV_6797,2024-06-09,105.59,clothing,cash on delivery,new,west,725.16,7,103.5942857142857,129
CUST_967,INV_6798,2024-04-12,196.86,home,credit card,loyal,east,663.1800000000001,11,60.289090909090916,140
CUST_875,INV_6799,2024-05-07,15.11,books,credit card,new,west,625.1,10,62.510000000000005,162
CUST_935,INV_6800,2024-05-30,56.2,clothing,debit card,loyal,north,2032.24,18,112.90222222222222,169
CUST_810,INV_6801,2024-01-30,10.23,clothing,cash on delivery,new,north,346.98,8,43.3725,116
CUST_149,INV_6802,2024-02-14,49.36,electronics,debit card,new,south,523.62,5,104.724,138
CUST_659,INV_6803,2024-03-20,1.52,electronics,cash on delivery,returning,west,1856.52,14,132.60857142857142,164
CUST_7,INV_6804,2024-02-08,228.55,beauty,upi,returning,west,1709.73,13,131.5176923076923,164
CUST_28,INV_6805,2024-02-14,74.88,home,credit card,new,east,559.96,11,50.905454545454546,136
CUST_295,INV_6806,2024-03-18,189.58,beauty,debit card,loyal,north,1865.1,14,133.22142857142856,162
CUST_985,INV_6807,2024-03-21,6.18,electronics,cash on delivery,returning,west,935.9300000000001,11,85.08454545454546,177
CUST_925,INV_6808,2024-05-19,25.81,books,debit card,returning,east,685.0,8,85.625,162
CUST_720,INV_6809,2024-04-02,30.03,electronics,credit card,returning,west,1024.62,11,93.14727272727272,116
CUST_639,INV_6810,2024-02-01,48.89,home,credit card,returning,north,288.77,8,36.09625,117
CUST_339,INV_6811,2024-01-24,162.39,books,upi,new,south,857.42,12,71.45166666666667,155
CUST_627,INV_6812,2024-04-25,48.87,beauty,cash on delivery,loyal,west,745.88,13,57.37538461538462,174
CUST_438,INV_6813,2024-01-13,22.9,beauty,cash on delivery,returning,north,1688.78,15,112.58533333333334,163
CUST_143,INV_6814,2024-05-27,6.72,electronics,upi,returning,north,1385.37,14,98.955,149
CUST_941,INV_6815,2024-03-19,8.28,electronics,upi,loyal,north,796.67,10,79.667,166
CUST_829,INV_6816,2024-02-25,142.73,beauty,cash on delivery,returning,east,2524.41,11,229.49181818181816,150
CUST_746,INV_6817,2024-02-22,58.84,beauty,cash on delivery,loyal,east,344.91,5,68.982,100
CUST_518,INV_6818,2024-03-08,129.53,clothing,debit card,new,south,1608.16,10,160.816,168
CUST_975,INV_6819,2024-02-03,114.66,home,cash on delivery,returning,west,646.1899999999999,9,71.79888888888888,171
CUST_44,INV_6820,2024-01-28,14.54,clothing,debit card,loyal,east,367.18,7,52.45428571428572,157
CUST_954,INV_6821,2024-02-19,15.42,clothing,debit card,returning,east,1420.93,11,129.17545454545456,150
CUST_238,INV_6822,2024-05-09,140.79,beauty,debit card,new,east,1383.87,12,115.32249999999999,130
CUST_951,INV_6823,2024-04-20,127.75,home,debit card,loyal,west,1323.99,12,110.3325,141
CUST_943,INV_6824,2024-04-03,47.49,beauty,credit card,loyal,south,740.44,11,67.31272727272727,136
CUST_154,INV_6825,2024-06-02,8.06,clothing,upi,loyal,south,894.68,11,81.33454545454545,146
CUST_180,INV_6826,2024-06-27,1.22,clothing,upi,returning,south,722.1800000000001,8,90.27250000000001,171
CUST_214,INV_6827,2024-02-16,33.99,beauty,cash on delivery,loyal,west,1047.22,10,104.72200000000001,142
CUST_87,INV_6828,2024-01-26,0.93,electronics,upi,loyal,west,869.63,11,79.05727272727273,164
CUST_255,INV_6829,2024-03-24,26.15,electronics,upi,loyal,south,1107.01,10,110.701,101
CUST_510,INV_6830,2024-04-15,54.39,beauty,credit card,new,north,657.49,14,46.96357142857143,136
CUST_72,INV_6831,2024-04-01,12.94,books,debit card,loyal,west,2477.25,19,130.3815789473684,176
CUST_930,INV_6832,2024-04-29,11.01,books,debit card,loyal,west,319.16,4,79.79,75
CUST_178,INV_6833,2024-03-15,226.76,electronics,debit card,loyal,south,1390.4499999999998,10,139.045,161
CUST_211,INV_6834,2024-05-01,88.06,home,upi,new,south,1284.27,8,160.53375,155
CUST_804,INV_6835,2024-05-30,272.5,clothing,upi,loyal,north,1903.26,13,146.4046153846154,150
CUST_233,INV_6836,2024-06-13,42.44,home,cash on delivery,returning,north,438.78,5,87.756,136
CUST_464,INV_6837,2024-02-10,113.06,electronics,credit card,loyal,east,623.29,8,77.91125,121
CUST_750,INV_6838,2024-02-21,22.9,beauty,credit card,returning,east,1289.12,13,99.16307692307691,171
CUST_222,INV_6839,2024-03-22,96.32,books,cash on delivery,new,south,1302.41,12,108.53416666666668,170
CUST_630,INV_6840,2024-06-25,13.88,electronics,cash on delivery,new,east,1144.15,11,104.01363636363637,164
CUST_824,INV_6841,2024-06-03,0.21,home,cash on delivery,loyal,west,2560.0699999999997,19,134.74052631578945,159
CUST_263,INV_6842,2024-05-13,268.14,home,debit card,loyal,north,1411.37,8,176.42125,87
CUST_206,INV_6843,2024-03-14,80.94,electronics,debit card,new,east,741.92,13,57.07076923076923,157
CUST_606,INV_6844,2024-03-06,261.65,clothing,debit card,new,east,1199.92,13,92.30153846153847,152
CUST_884,INV_6845,2024-01-24,40.62,home,debit card,new,south,679.67,10,67.967,153
CUST_733,INV_6846,2024-06-14,39.72,clothing,cash on delivery,returning,north,988.9300000000001,12,82.41083333333334,94
CUST_365,INV_6847,2024-01-28,51.19,clothing,cash on delivery,returning,north,1150.82,11,104.61999999999999,141
CUST_275,INV_6848,2024-06-04,122.43,beauty,cash on delivery,loyal,east,861.36,10,86.136,152
CUST_379,INV_6849,2024-04-26,83.43,electronics,debit card,returning,west,961.96,11,87.4509090909091,168
CUST_742,INV_6850,2024-04-23,259.5,electronics,debit card,new,west,989.5600000000001,7,141.3657142857143,149
CUST_308,INV_6851,2024-03-01,2.58,clothing,upi,loyal,west,595.39,9,66.15444444444444,148
CUST_630,INV_6852,2024-06-22,123.17,beauty,cash on delivery,returning,west,1144.15,11,104.01363636363637,164
CUST_267,INV_6853,2024-03-09,40.1,home,credit card,loyal,west,1714.25,16,107.140625,141
CUST_944,INV_6854,2024-04-23,19.87,home,credit card,returning,east,1317.27,12,109.7725,148
CUST_784,INV_6855,2024-03-15,71.42,electronics,upi,loyal,west,1441.15,13,110.85769230769232,156
CUST_63,INV_6856,2024-06-19,70.33,clothing,debit card,new,east,492.82,6,82.13666666666667,148
CUST_809,INV_6857,2024-02-28,14.74,beauty,cash on delivery,new,south,907.48,7,129.64000000000001,131
CUST_349,INV_6858,2024-05-09,22.55,beauty,debit card,new,east,406.13,10,40.613,159
CUST_924,INV_6859,2024-01-15,52.45,home,debit card,returning,west,1477.36,17,86.9035294117647,156
CUST_914,INV_6860,2024-04-14,52.56,home,credit card,loyal,east,1795.96,18,99.77555555555556,170
CUST_493,INV_6861,2024-06-13,38.21,books,credit card,loyal,west,1712.71,17,100.74764705882353,171
CUST_522,INV_6862,2024-05-27,16.08,books,cash on delivery,loyal,south,659.8299999999999,11,59.98454545454545,165
CUST_97,INV_6863,2024-04-07,0.44,clothing,cash on delivery,returning,west,1315.1100000000001,9,146.12333333333333,161
CUST_945,INV_6864,2024-02-04,351.44,books,debit card,new,north,1503.4,13,115.64615384615385,168
CUST_70,INV_6865,2024-06-10,287.35,beauty,debit card,new,south,519.88,7,74.26857142857143,147
CUST_363,INV_6866,2024-01-31,66.1,books,upi,loyal,east,1494.74,16,93.42125,141
CUST_569,INV_6867,2024-05-06,530.87,electronics,debit card,loyal,east,1196.6599999999999,9,132.9622222222222,129
CUST_801,INV_6868,2024-01-19,111.98,electronics,upi,returning,west,1939.41,12,161.6175,136
CUST_762,INV_6869,2024-01-24,7.13,home,debit card,loyal,north,767.49,12,63.9575,149
CUST_275,INV_6870,2024-03-24,12.52,home,debit card,loyal,south,861.36,10,86.136,152
CUST_49,INV_6871,2024-06-15,247.83,clothing,debit card,returning,east,869.48,9,96.60888888888888,134
CUST_357,INV_6872,2024-04-01,99.44,electronics,cash on delivery,loyal,west,803.75,7,114.82142857142857,131
CUST_727,INV_6873,2024-06-15,185.27,clothing,cash on delivery,new,north,1229.15,12,102.42916666666667,160
CUST_905,INV_6874,2024-05-24,228.54,clothing,cash on delivery,returning,east,1365.3600000000001,11,124.12363636363638,133
CUST_927,INV_6875,2024-05-26,59.41,books,upi,new,west,718.8000000000001,9,79.86666666666667,179
CUST_563,INV_6876,2024-04-27,4.97,home,upi,loyal,west,1167.36,10,116.73599999999999,159
CUST_782,INV_6877,2024-06-24,20.86,clothing,cash on delivery,loyal,north,1358.75,16,84.921875,170
CUST_484,INV_6878,2024-06-11,6.89,clothing,upi,returning,east,1281.8899999999999,16,80.11812499999999,162
CUST_83,INV_6879,2024-06-08,20.92,home,cash on delivery,returning,west,1386.48,14,99.03428571428572,166
CUST_898,INV_6880,2024-06-23,52.85,home,credit card,returning,east,909.4,13,69.95384615384616,157
CUST_804,INV_6881,2024-02-16,12.58,electronics,cash on delivery,returning,north,1903.26,13,146.4046153846154,150
CUST_637,INV_6882,2024-06-22,18.24,home,credit card,loyal,north,1027.08,13,79.00615384615384,145
CUST_807,INV_6883,2024-04-12,59.03,books,debit card,loyal,east,190.21,7,27.172857142857143,144
CUST_583,INV_6884,2024-04-30,41.58,electronics,upi,new,north,949.73,12,79.14416666666666,167
CUST_295,INV_6885,2024-06-11,63.05,clothing,upi,new,west,1865.1,14,133.22142857142856,162
CUST_235,INV_6886,2024-04-03,56.07,books,cash on delivery,returning,east,703.51,9,78.16777777777777,120
CUST_55,INV_6887,2024-05-24,103.42,books,debit card,loyal,west,907.49,9,100.83222222222223,160
CUST_918,INV_6888,2024-02-11,276.76,electronics,debit card,returning,east,1603.97,14,114.56928571428571,169
CUST_359,INV_6889,2024-04-20,11.41,clothing,debit card,returning,south,1682.9699999999998,10,168.29699999999997,90
CUST_906,INV_6890,2024-01-29,10.45,electronics,debit card,returning,west,992.6,7,141.8,172
CUST_109,INV_6891,2024-05-03,191.6,beauty,upi,returning,west,633.8199999999999,5,126.76399999999998,100
CUST_191,INV_6892,2024-01-17,70.6,beauty,cash on delivery,returning,east,1744.07,14,124.57642857142856,154
CUST_903,INV_6893,2024-01-14,145.42,electronics,cash on delivery,loyal,east,1026.3,8,128.2875,158
CUST_92,INV_6894,2024-05-31,24.26,clothing,credit card,new,west,1036.66,13,79.74307692307693,129
CUST_861,INV_6895,2024-02-19,176.53,clothing,upi,returning,north,1233.14,8,154.1425,135
CUST_567,INV_6896,2024-02-26,257.5,home,credit card,loyal,west,1221.72,8,152.715,142
CUST_59,INV_6897,2024-04-13,100.92,books,debit card,returning,south,380.88,7,54.41142857142857,113
CUST_649,INV_6898,2024-02-08,11.19,electronics,cash on delivery,loyal,north,1150.4,12,95.86666666666667,151
CUST_38,INV_6899,2024-04-05,225.66,books,credit card,new,north,1482.14,19,78.00736842105263,161
CUST_539,INV_6900,2024-02-05,157.26,books,upi,new,east,1091.96,14,77.99714285714286,168
CUST_48,INV_6901,2024-04-23,138.98,beauty,cash on delivery,loyal,east,818.66,11,74.42363636363636,164
CUST_419,INV_6902,2024-02-06,3.74,beauty,upi,returning,west,1069.12,15,71.27466666666666,166
CUST_636,INV_6903,2024-01-14,160.43,electronics,cash on delivery,new,west,1154.28,9,128.25333333333333,87
CUST_12,INV_6904,2024-06-03,14.84,electronics,upi,returning,east,1189.3700000000001,14,84.95500000000001,160
CUST_991,INV_6905,2024-05-02,25.15,clothing,upi,returning,west,640.42,9,71.15777777777777,167
CUST_35,INV_6906,2024-03-23,86.07,electronics,cash on delivery,loyal,north,470.48,6,78.41333333333334,153
CUST_100,INV_6907,2024-06-07,30.79,clothing,upi,returning,west,1127.27,11,102.47909090909091,167
CUST_793,INV_6908,2024-03-13,108.28,clothing,upi,loyal,north,1227.72,15,81.848,141
CUST_85,INV_6909,2024-04-11,93.67,electronics,debit card,loyal,east,780.99,11,70.99909090909091,156
CUST_515,INV_6910,2024-03-21,11.45,clothing,cash on delivery,loyal,west,884.47,13,68.03615384615385,165
CUST_222,INV_6911,2024-03-23,106.72,books,credit card,new,north,1302.41,12,108.53416666666668,170
CUST_337,INV_6912,2024-02-13,257.64,clothing,cash on delivery,returning,south,1842.48,13,141.72923076923078,162
CUST_959,INV_6913,2024-03-08,17.57,books,cash on delivery,loyal,south,1104.43,9,122.71444444444445,66
CUST_165,INV_6914,2024-02-17,90.9,books,debit card,loyal,south,1617.77,12,134.81416666666667,131
CUST_382,INV_6915,2024-02-26,41.83,books,credit card,returning,north,1317.6999999999998,10,131.76999999999998,153
CUST_855,INV_6916,2024-03-15,61.55,home,credit card,new,west,705.4,9,78.37777777777778,151
CUST_894,INV_6917,2024-01-22,33.83,home,credit card,loyal,south,761.35,10,76.135,161
CUST_375,INV_6918,2024-05-11,43.72,clothing,upi,loyal,east,1246.71,14,89.05071428571429,148
CUST_470,INV_6919,2024-02-15,2.93,electronics,upi,loyal,east,1379.5900000000001,17,81.15235294117647,166
CUST_789,INV_6920,2024-06-10,399.28,clothing,upi,loyal,east,1280.23,10,128.023,152
CUST_641,INV_6921,2024-01-11,98.03,home,credit card,returning,south,1177.91,8,147.23875,167
CUST_30,INV_6922,2024-01-31,69.46,beauty,cash on delivery,loyal,south,356.78,6,59.46333333333333,102
CUST_374,INV_6923,2024-05-18,48.4,beauty,cash on delivery,new,west,1235.58,13,95.04461538461538,162
CUST_10,INV_6924,2024-04-29,77.52,clothing,credit card,returning,north,347.41,6,57.90166666666667,151
CUST_987,INV_6925,2024-02-25,47.82,home,credit card,new,east,1846.98,17,108.64588235294117,171
CUST_301,INV_6926,2024-02-07,44.61,books,debit card,returning,west,731.7,15,48.78,158
CUST_95,INV_6927,2024-01-21,62.35,home,upi,returning,north,922.15,11,83.83181818181818,172
CUST_189,INV_6928,2024-04-19,32.29,clothing,upi,returning,south,1748.28,14,124.87714285714286,171
CUST_452,INV_6929,2024-04-03,19.85,home,upi,new,north,1422.5,11,129.3181818181818,156
CUST_191,INV_6930,2024-05-17,81.33,beauty,debit card,new,east,1744.07,14,124.57642857142856,154
CUST_485,INV_6931,2024-06-02,185.0,books,debit card,loyal,north,944.07,5,188.81400000000002,59
CUST_265,INV_6932,2024-05-15,16.59,clothing,debit card,new,north,731.36,9,81.26222222222222,129
CUST_423,INV_6933,2024-01-08,3.33,clothing,credit card,loyal,south,496.1,10,49.61,162
CUST_127,INV_6934,2024-03-12,28.34,electronics,debit card,returning,south,1051.28,13,80.86769230769231,162
CUST_237,INV_6935,2024-04-28,389.82,books,cash on delivery,loyal,west,942.61,7,134.65857142857143,135
CUST_919,INV_6936,2024-02-03,176.47,clothing,credit card,new,south,1715.16,15,114.34400000000001,174
CUST_354,INV_6937,2024-05-23,90.6,home,credit card,returning,south,1420.43,12,118.36916666666667,134
CUST_939,INV_6938,2024-04-14,264.86,home,upi,returning,east,1461.0900000000001,15,97.406,141
CUST_111,INV_6939,2024-05-20,58.93,home,upi,loyal,east,1059.83,13,81.52538461538461,177
CUST_827,INV_6940,2024-03-27,409.12,home,debit card,loyal,north,1576.78,15,105.11866666666667,163
CUST_445,INV_6941,2024-05-29,35.14,clothing,cash on delivery,new,east,794.53,11,72.23,146
CUST_342,INV_6942,2024-06-03,27.48,beauty,credit card,returning,west,881.05,13,67.77307692307691,151
CUST_144,INV_6943,2024-03-04,101.62,books,credit card,loyal,west,870.74,9,96.74888888888889,156
CUST_64,INV_6944,2024-01-02,47.51,home,credit card,returning,north,1123.87,14,80.27642857142857,167
CUST_246,INV_6945,2024-04-18,98.45,clothing,upi,new,west,1430.28,15,95.352,149
CUST_734,INV_6946,2024-01-26,36.38,clothing,upi,returning,west,1246.28,10,124.628,150
CUST_990,INV_6947,2024-03-23,96.21,home,cash on delivery,loyal,south,1127.03,8,140.87875,141
CUST_489,INV_6948,2024-04-16,32.26,electronics,upi,new,north,1291.16,15,86.07733333333334,149
CUST_824,INV_6949,2024-03-09,5.23,clothing,cash on delivery,new,west,2560.0699999999997,19,134.74052631578945,159
CUST_438,INV_6950,2024-04-06,243.2,books,upi,returning,north,1688.78,15,112.58533333333334,163
CUST_105,INV_6951,2024-01-30,214.73,books,cash on delivery,loyal,west,1413.3799999999999,12,117.78166666666665,153
CUST_180,INV_6952,2024-01-08,353.35,electronics,upi,returning,east,722.1800000000001,8,90.27250000000001,171
CUST_183,INV_6953,2024-02-07,126.06,clothing,upi,returning,north,781.65,10,78.16499999999999,119
CUST_225,INV_6954,2024-03-21,114.8,electronics,debit card,returning,east,1552.4299999999998,13,119.41769230769229,158
CUST_776,INV_6955,2024-04-17,81.87,clothing,debit card,loyal,north,447.11,5,89.422,90
CUST_789,INV_6956,2024-03-05,13.46,clothing,debit card,returning,east,1280.23,10,128.023,152
CUST_908,INV_6957,2024-03-07,20.98,electronics,cash on delivery,returning,south,947.69,13,72.89923076923077,157
CUST_88,INV_6958,2024-06-22,34.17,beauty,cash on delivery,new,east,1012.77,8,126.59625,155
CUST_687,INV_6959,2024-03-30,220.87,home,cash on delivery,new,west,1128.25,12,94.02083333333333,89
CUST_529,INV_6960,2024-04-04,18.99,home,cash on delivery,new,south,973.99,12,81.16583333333334,133
CUST_370,INV_6961,2024-03-12,256.23,home,debit card,loyal,east,1717.41,10,171.741,145
CUST_971,INV_6962,2024-02-12,73.98,electronics,credit card,returning,south,658.75,8,82.34375,161
CUST_935,INV_6963,2024-02-15,125.73,clothing,upi,returning,south,2032.24,18,112.90222222222222,169
CUST_912,INV_6964,2024-05-04,11.68,clothing,upi,new,west,1248.99,11,113.54454545454546,158
CUST_398,INV_6965,2024-06-11,31.34,books,cash on delivery,returning,east,1349.8899999999999,10,134.98899999999998,155
CUST_105,INV_6966,2024-02-08,318.25,clothing,debit card,loyal,south,1413.3799999999999,12,117.78166666666665,153
CUST_270,INV_6967,2024-02-20,30.95,beauty,credit card,returning,west,965.77,12,80.48083333333334,160
CUST_974,INV_6968,2024-01-04,35.17,home,debit card,new,north,1943.69,10,194.369,172
CUST_830,INV_6969,2024-04-30,22.01,beauty,upi,loyal,north,1706.6100000000001,14,121.9007142857143,146
CUST_502,INV_6970,2024-03-20,13.82,home,cash on delivery,returning,south,948.38,12,79.03166666666667,165
CUST_678,INV_6971,2024-03-17,26.56,electronics,cash on delivery,returning,south,705.93,9,78.43666666666667,154
CUST_524,INV_6972,2024-06-27,102.81,beauty,debit card,returning,south,1104.35,12,92.02916666666665,130
CUST_848,INV_6973,2024-05-12,60.76,clothing,cash on delivery,loyal,west,2094.2799999999997,16,130.89249999999998,147
CUST_31,INV_6974,2024-02-24,80.69,home,credit card,returning,west,213.66,6,35.61,109
CUST_392,INV_6975,2024-01-20,13.05,books,upi,new,east,828.34,10,82.834,126
CUST_39,INV_6976,2024-05-31,162.01,beauty,credit card,new,north,838.78,10,83.878,123
CUST_659,INV_6977,2024-06-12,153.29,electronics,debit card,new,south,1856.52,14,132.60857142857142,164
CUST_217,INV_6978,2024-02-03,2.18,books,upi,new,south,1137.8400000000001,13,87.52615384615386,138
CUST_730,INV_6979,2024-05-01,48.37,electronics,credit card,loyal,west,618.28,10,61.827999999999996,120
CUST_980,INV_6980,2024-04-18,7.12,home,credit card,new,west,1345.78,11,122.34363636363636,143
CUST_81,INV_6981,2024-05-05,157.07,beauty,credit card,new,east,954.4300000000001,11,86.76636363636364,115
CUST_844,INV_6982,2024-02-23,133.66,electronics,upi,new,north,937.66,9,104.18444444444444,152
CUST_719,INV_6983,2024-06-10,232.27,books,upi,loyal,south,1877.88,16,117.3675,140
CUST_200,INV_6984,2024-05-24,26.97,books,cash on delivery,loyal,west,1145.51,15,76.36733333333333,178
CUST_446,INV_6985,2024-05-12,60.94,clothing,debit card,returning,north,977.14,10,97.714,168
CUST_843,INV_6986,2024-03-29,20.39,electronics,cash on delivery,new,east,735.54,9,81.72666666666666,112
CUST_427,INV_6987,2024-05-25,46.4,beauty,debit card,returning,north,618.85,10,61.885000000000005,172
CUST_37,INV_6988,2024-02-22,73.87,beauty,upi,loyal,south,855.48,6,142.58,158
CUST_210,INV_6989,2024-02-19,5.48,clothing,credit card,returning,west,748.29,11,68.02636363636363,147
CUST_443,INV_6990,2024-03-12,125.48,books,cash on delivery,loyal,south,1208.88,8,151.11,126
CUST_326,INV_6991,2024-06-21,78.37,electronics,upi,returning,north,2143.43,15,142.89533333333333,119
CUST_760,INV_6992,2024-05-20,176.59,books,upi,new,west,1743.15,12,145.26250000000002,141
CUST_226,INV_6993,2024-01-16,31.72,electronics,upi,loyal,east,1139.4,13,87.64615384615385,178
CUST_47,INV_6994,2024-01-13,233.64,electronics,cash on delivery,loyal,east,1064.54,8,133.0675,157
CUST_17,INV_6995,2024-01-20,664.1,electronics,upi,loyal,west,1537.6100000000001,7,219.65857142857143,122
CUST_911,INV_6996,2024-03-06,251.7,books,debit card,new,east,835.55,14,59.68214285714286,154
CUST_438,INV_6997,2024-02-16,150.46,books,debit card,new,east,1688.78,15,112.58533333333334,163
CUST_806,INV_6998,2024-05-26,167.33,books,credit card,loyal,west,1409.26,10,140.926,157
CUST_707,INV_6999,2024-06-21,85.27,home,cash on delivery,loyal,south,693.33,8,86.66625,149
CUST_186,INV_7000,2024-06-13,21.09,books,cash on delivery,new,north,943.8199999999999,12,78.65166666666666,161
CUST_344,INV_7001,2024-05-01,113.02,clothing,cash on delivery,new,south,1541.7,12,128.475,156
CUST_223,INV_7002,2024-02-23,124.74,home,cash on delivery,new,north,786.03,9,87.33666666666666,126
CUST_829,INV_7003,2024-01-06,422.57,electronics,cash on delivery,new,north,2524.41,11,229.49181818181816,150
CUST_487,INV_7004,2024-01-14,77.94,beauty,upi,new,west,1176.0,10,117.6,140
CUST_908,INV_7005,2024-05-11,31.66,home,upi,new,east,947.69,13,72.89923076923077,157
CUST_876,INV_7006,2024-03-26,115.1,home,debit card,returning,east,1446.61,14,103.3292857142857,158
CUST_848,INV_7007,2024-06-10,388.13,electronics,cash on delivery,new,north,2094.2799999999997,16,130.89249999999998,147
CUST_228,INV_7008,2024-01-27,19.51,books,cash on delivery,new,north,1295.1399999999999,14,92.50999999999999,145
CUST_389,INV_7009,2024-01-07,39.45,books,cash on delivery,loyal,west,1622.9,15,108.19333333333334,171
CUST_978,INV_7010,2024-05-10,78.06,home,debit card,loyal,north,838.39,6,139.73166666666665,133
CUST_588,INV_7011,2024-06-23,18.66,books,cash on delivery,returning,south,1285.54,10,128.554,163
CUST_187,INV_7012,2024-01-02,2.25,home,cash on delivery,new,north,1219.84,15,81.32266666666666,140
CUST_857,INV_7013,2024-03-20,41.1,beauty,upi,loyal,south,1238.11,13,95.23923076923076,128
CUST_269,INV_7014,2024-06-01,200.52,beauty,debit card,loyal,west,1414.0900000000001,12,117.84083333333335,156
CUST_606,INV_7015,2024-02-29,4.44,electronics,upi,returning,north,1199.92,13,92.30153846153847,152
CUST_309,INV_7016,2024-01-24,56.02,clothing,credit card,new,east,643.33,8,80.41625,164
CUST_131,INV_7017,2024-01-15,143.63,clothing,cash on delivery,loyal,west,1297.4,12,108.11666666666667,163
CUST_550,INV_7018,2024-04-04,306.15,books,credit card,new,north,1213.02,12,101.085,156
CUST_71,INV_7019,2024-05-21,423.19,clothing,cash on delivery,returning,north,926.36,10,92.636,143
CUST_792,INV_7020,2024-05-13,54.81,beauty,credit card,returning,south,743.33,8,92.91625,119
CUST_844,INV_7021,2024-03-21,300.34,electronics,upi,new,north,937.66,9,104.18444444444444,152
CUST_671,INV_7022,2024-01-18,3.61,beauty,debit card,returning,south,1361.11,14,97.22214285714286,172
CUST_186,INV_7023,2024-01-20,137.01,home,credit card,loyal,south,943.8199999999999,12,78.65166666666666,161
CUST_485,INV_7024,2024-04-24,102.93,books,upi,returning,east,944.07,5,188.81400000000002,59
CUST_190,INV_7025,2024-02-09,28.7,books,credit card,returning,east,897.22,13,69.01692307692308,127
CUST_421,INV_7026,2024-02-08,70.79,clothing,credit card,new,east,1688.19,15,112.546,170
CUST_119,INV_7027,2024-06-28,13.87,home,debit card,loyal,west,1011.79,11,91.9809090909091,163
CUST_219,INV_7028,2024-02-01,205.26,clothing,upi,new,east,1823.3,14,130.2357142857143,164
CUST_52,INV_7029,2024-05-03,44.3,clothing,debit card,new,south,946.78,11,86.07090909090908,140
CUST_733,INV_7030,2024-04-17,98.36,clothing,cash on delivery,new,north,988.9300000000001,12,82.41083333333334,94
CUST_450,INV_7031,2024-01-27,17.29,home,debit card,returning,south,990.25,9,110.02777777777777,110
CUST_411,INV_7032,2024-04-19,23.09,clothing,debit card,returning,east,1097.61,9,121.95666666666665,163
CUST_642,INV_7033,2024-06-28,482.29,books,credit card,new,north,751.1500000000001,7,107.30714285714286,150
CUST_236,INV_7034,2024-04-06,139.87,clothing,credit card,returning,south,1333.49,14,95.24928571428572,169
CUST_757,INV_7035,2024-03-14,326.94,home,credit card,returning,north,1097.94,17,64.58470588235295,170
CUST_737,INV_7036,2024-01-17,35.08,home,upi,new,south,1151.37,11,104.66999999999999,159
CUST_719,INV_7037,2024-02-18,17.98,beauty,debit card,loyal,north,1877.88,16,117.3675,140
CUST_405,INV_7038,2024-03-21,69.93,clothing,cash on delivery,loyal,north,2154.2200000000003,9,239.3577777777778,137
CUST_607,INV_7039,2024-04-25,68.25,home,credit card,returning,east,1399.46,12,116.62166666666667,143
CUST_421,INV_7040,2024-01-23,19.23,clothing,cash on delivery,loyal,west,1688.19,15,112.546,170
CUST_711,INV_7041,2024-04-07,132.13,electronics,debit card,loyal,east,1223.05,9,135.89444444444445,153
CUST_246,INV_7042,2024-03-12,44.91,books,debit card,returning,north,1430.28,15,95.352,149
CUST_71,INV_7043,2024-05-20,20.62,books,debit card,loyal,north,926.36,10,92.636,143
CUST_829,INV_7044,2024-05-30,40.34,clothing,cash on delivery,returning,east,2524.41,11,229.49181818181816,150
CUST_184,INV_7045,2024-02-26,82.93,books,cash on delivery,new,south,638.32,8,79.79,128
CUST_5,INV_7046,2024-05-27,129.63,books,cash on delivery,loyal,north,376.16,7,53.737142857142864,140
CUST_205,INV_7047,2024-03-26,65.76,electronics,debit card,new,south,1322.57,13,101.73615384615384,175
CUST_543,INV_7048,2024-06-28,74.57,books,debit card,new,east,729.12,10,72.912,179
CUST_610,INV_7049,2024-01-23,14.96,books,credit card,returning,west,779.24,12,64.93666666666667,174
CUST_905,INV_7050,2024-04-14,246.15,home,upi,loyal,west,1365.3600000000001,11,124.12363636363638,133
CUST_386,INV_7051,2024-06-11,264.12,books,cash on delivery,loyal,north,2344.88,16,146.555,158
CUST_767,INV_7052,2024-03-07,115.02,clothing,upi,loyal,south,957.02,10,95.702,163
CUST_698,INV_7053,2024-02-03,1.78,books,cash on delivery,loyal,east,1683.8300000000002,15,112.25533333333334,111
CUST_75,INV_7054,2024-02-02,77.02,clothing,cash on delivery,returning,north,1046.33,12,87.19416666666666,147
CUST_176,INV_7055,2024-02-15,99.21,books,upi,new,west,1919.6100000000001,12,159.9675,145
CUST_826,INV_7056,2024-03-21,523.14,clothing,upi,loyal,west,1230.2,9,136.6888888888889,163
CUST_798,INV_7057,2024-06-21,553.83,books,cash on delivery,loyal,south,1315.81,7,187.97285714285712,145
CUST_348,INV_7058,2024-05-26,194.92,clothing,debit card,returning,north,1574.46,13,121.1123076923077,126
CUST_254,INV_7059,2024-03-27,6.6,books,credit card,loyal,south,518.61,4,129.6525,75
CUST_836,INV_7060,2024-01-15,306.35,electronics,cash on delivery,loyal,south,1783.42,12,148.61833333333334,164
CUST_701,INV_7061,2024-05-02,94.85,home,credit card,new,north,1062.53,11,96.59363636363636,125
CUST_307,INV_7062,2024-04-30,161.39,home,debit card,loyal,east,1040.1299999999999,9,115.57,106
CUST_344,INV_7063,2024-03-18,52.29,home,debit card,loyal,west,1541.7,12,128.475,156
CUST_126,INV_7064,2024-03-06,38.52,home,credit card,new,north,547.5600000000001,11,49.77818181818182,167
CUST_936,INV_7065,2024-02-08,62.22,electronics,cash on delivery,loyal,west,1728.72,15,115.248,153
CUST_286,INV_7066,2024-01-18,15.88,electronics,credit card,new,east,1970.11,12,164.17583333333332,155
CUST_765,INV_7067,2024-06-08,44.17,books,cash on delivery,returning,west,629.97,5,125.994,141
CUST_724,INV_7068,2024-01-21,194.92,electronics,upi,new,west,611.95,10,61.19500000000001,167
CUST_761,INV_7069,2024-06-16,3.87,home,cash on delivery,new,south,890.0999999999999,9,98.89999999999999,163
CUST_595,INV_7070,2024-01-27,16.36,beauty,upi,loyal,south,1111.22,13,85.47846153846154,179
CUST_486,INV_7071,2024-01-02,13.37,books,upi,loyal,south,786.74,7,112.39142857142858,170
CUST_382,INV_7072,2024-04-06,51.6,clothing,credit card,loyal,east,1317.6999999999998,10,131.76999999999998,153
CUST_405,INV_7073,2024-02-08,580.48,home,upi,loyal,south,2154.2200000000003,9,239.3577777777778,137
CUST_387,INV_7074,2024-02-25,19.04,home,credit card,new,west,872.6700000000001,10,87.26700000000001,155
CUST_524,INV_7075,2024-04-16,15.72,home,credit card,returning,west,1104.35,12,92.02916666666665,130
CUST_556,INV_7076,2024-05-06,246.58,electronics,debit card,loyal,west,779.64,11,70.87636363636364,134
CUST_638,INV_7077,2024-01-13,213.75,clothing,credit card,new,north,1112.73,10,111.273,162
CUST_937,INV_7078,2024-05-05,3.28,books,debit card,returning,west,1849.38,14,132.09857142857143,167
CUST_625,INV_7079,2024-02-25,139.31,home,debit card,returning,south,590.19,7,84.31285714285715,94
CUST_944,INV_7080,2024-01-28,106.56,clothing,credit card,returning,east,1317.27,12,109.7725,148
CUST_275,INV_7081,2024-03-04,145.99,beauty,cash on delivery,new,east,861.36,10,86.136,152
CUST_499,INV_7082,2024-03-11,68.22,electronics,cash on delivery,loyal,west,727.19,14,51.94214285714286,170
CUST_716,INV_7083,2024-06-17,475.36,home,credit card,new,west,697.82,4,174.455,153
CUST_336,INV_7084,2024-04-28,4.48,clothing,upi,loyal,north,1099.62,10,109.96199999999999,128
CUST_949,INV_7085,2024-04-09,26.71,clothing,credit card,returning,west,874.32,8,109.29,86
CUST_931,INV_7086,2024-02-10,50.51,home,upi,returning,west,970.01,9,107.77888888888889,112
CUST_480,INV_7087,2024-01-04,59.74,clothing,cash on delivery,new,west,1189.1399999999999,12,99.09499999999998,172
CUST_896,INV_7088,2024-06-06,254.3,clothing,upi,returning,north,1162.97,13,89.45923076923077,154
CUST_910,INV_7089,2024-03-28,82.1,books,credit card,new,east,983.23,10,98.32300000000001,151
CUST_972,INV_7090,2024-03-24,4.62,electronics,upi,loyal,west,2206.61,18,122.58944444444445,154
CUST_272,INV_7091,2024-02-15,52.4,books,debit card,returning,east,1756.03,19,92.42263157894736,152
CUST_919,INV_7092,2024-06-07,53.87,electronics,debit card,loyal,north,1715.16,15,114.34400000000001,174
CUST_57,INV_7093,2024-03-28,336.65,electronics,credit card,returning,north,1066.52,12,88.87666666666667,125
CUST_327,INV_7094,2024-01-07,91.43,books,credit card,loyal,west,526.98,7,75.28285714285714,169
CUST_730,INV_7095,2024-03-17,100.96,home,credit card,returning,north,618.28,10,61.827999999999996,120
CUST_108,INV_7096,2024-05-15,124.92,clothing,cash on delivery,loyal,north,1502.8700000000001,15,100.19133333333335,150
CUST_278,INV_7097,2024-06-20,146.98,beauty,cash on delivery,returning,east,495.45,8,61.93125,163
CUST_685,INV_7098,2024-05-20,100.8,books,cash on delivery,new,south,1553.76,10,155.376,168
CUST_327,INV_7099,2024-04-02,27.08,books,debit card,loyal,east,526.98,7,75.28285714285714,169
CUST_775,INV_7100,2024-01-20,207.18,home,upi,loyal,west,1331.75,19,70.09210526315789,129
CUST_314,INV_7101,2024-03-18,131.72,clothing,debit card,new,north,559.07,7,79.86714285714287,155
CUST_473,INV_7102,2024-06-08,135.43,books,upi,new,west,1449.27,12,120.7725,163
CUST_110,INV_7103,2024-06-26,567.13,beauty,upi,new,east,3131.33,17,184.19588235294117,168
CUST_698,INV_7104,2024-01-27,162.22,clothing,credit card,returning,north,1683.8300000000002,15,112.25533333333334,111
CUST_780,INV_7105,2024-04-29,176.7,books,credit card,new,west,1254.05,14,89.575,168
CUST_934,INV_7106,2024-01-25,302.42,books,cash on delivery,returning,west,807.47,10,80.747,136
CUST_228,INV_7107,2024-02-21,16.39,electronics,credit card,returning,east,1295.1399999999999,14,92.50999999999999,145
CUST_496,INV_7108,2024-01-21,68.86,electronics,debit card,new,west,876.26,11,79.66,159
CUST_155,INV_7109,2024-01-18,86.89,books,debit card,new,north,952.72,14,68.05142857142857,160
CUST_472,INV_7110,2024-02-08,39.94,home,debit card,returning,west,579.6500000000001,6,96.60833333333335,86
CUST_700,INV_7111,2024-01-15,182.89,electronics,credit card,loyal,north,734.36,10,73.436,142
CUST_271,INV_7112,2024-02-22,143.72,books,credit card,loyal,west,1447.75,7,206.82142857142858,140
CUST_886,INV_7113,2024-02-07,127.61,clothing,upi,new,east,1133.96,12,94.49666666666667,164
CUST_1,INV_7114,2024-06-24,586.02,beauty,upi,loyal,north,1418.52,9,157.61333333333334,158
CUST_757,INV_7115,2024-02-21,30.03,electronics,credit card,returning,west,1097.94,17,64.58470588235295,170
CUST_721,INV_7116,2024-03-12,132.98,books,debit card,loyal,south,710.14,8,88.7675,161
CUST_510,INV_7117,2024-01-28,80.16,electronics,credit card,returning,north,657.49,14,46.96357142857143,136
CUST_912,INV_7118,2024-05-23,37.54,clothing,cash on delivery,new,north,1248.99,11,113.54454545454546,158
CUST_285,INV_7119,2024-04-27,17.51,home,cash on delivery,new,north,482.17,7,68.88142857142857,134
CUST_870,INV_7120,2024-05-23,226.22,books,debit card,loyal,south,1217.66,12,101.47166666666668,169
CUST_12,INV_7121,2024-02-04,90.5,clothing,cash on delivery,new,east,1189.3700000000001,14,84.95500000000001,160
CUST_607,INV_7122,2024-05-24,174.26,beauty,credit card,new,west,1399.46,12,116.62166666666667,143
CUST_497,INV_7123,2024-04-08,78.82,books,credit card,returning,south,1045.63,8,130.70375,152
CUST_732,INV_7124,2024-02-21,24.84,beauty,upi,returning,west,586.39,9,65.15444444444444,176
CUST_237,INV_7125,2024-05-19,41.18,home,cash on delivery,returning,south,942.61,7,134.65857142857143,135
CUST_93,INV_7126,2024-03-23,48.05,books,cash on delivery,returning,south,316.56,5,63.312,156
CUST_337,INV_7127,2024-02-17,360.95,books,cash on delivery,new,west,1842.48,13,141.72923076923078,162
CUST_780,INV_7128,2024-01-22,0.56,clothing,cash on delivery,returning,west,1254.05,14,89.575,168
CUST_170,INV_7129,2024-05-02,424.51,electronics,debit card,returning,west,2201.4,13,169.33846153846156,157
CUST_980,INV_7130,2024-05-06,393.54,books,debit card,returning,east,1345.78,11,122.34363636363636,143
CUST_605,INV_7131,2024-06-25,555.99,home,credit card,loyal,north,1590.42,12,132.535,164
CUST_660,INV_7132,2024-02-21,64.74,books,cash on delivery,returning,south,1775.47,16,110.966875,162
CUST_623,INV_7133,2024-03-19,331.89,books,upi,new,north,1397.65,9,155.29444444444445,144
CUST_566,INV_7134,2024-05-08,50.35,books,credit card,new,west,968.67,13,74.51307692307692,111
CUST_848,INV_7135,2024-03-06,2.66,books,credit card,returning,west,2094.2799999999997,16,130.89249999999998,147
CUST_935,INV_7136,2024-03-04,25.41,home,debit card,loyal,south,2032.24,18,112.90222222222222,169
CUST_466,INV_7137,2024-01-08,290.58,clothing,credit card,loyal,south,1071.0,12,89.25,111
CUST_627,INV_7138,2024-01-25,1.39,electronics,upi,loyal,south,745.88,13,57.37538461538462,174
CUST_142,INV_7139,2024-04-03,78.96,home,cash on delivery,loyal,south,1343.5,12,111.95833333333333,138
CUST_200,INV_7140,2024-06-27,7.86,home,credit card,returning,south,1145.51,15,76.36733333333333,178
CUST_179,INV_7141,2024-01-15,33.74,beauty,upi,returning,west,582.36,10,58.236000000000004,153
CUST_713,INV_7142,2024-06-26,9.22,electronics,debit card,new,south,902.01,11,82.00090909090909,163
CUST_363,INV_7143,2024-05-01,196.28,clothing,debit card,new,east,1494.74,16,93.42125,141
CUST_478,INV_7144,2024-03-15,89.42,clothing,cash on delivery,loyal,north,255.21,4,63.8025,163
CUST_564,INV_7145,2024-04-13,232.39,beauty,credit card,loyal,north,1502.43,8,187.80375,93
CUST_470,INV_7146,2024-02-07,116.59,beauty,upi,new,east,1379.5900000000001,17,81.15235294117647,166
CUST_383,INV_7147,2024-06-16,354.15,home,debit card,new,south,1846.6,12,153.88333333333333,151
CUST_691,INV_7148,2024-04-24,71.31,clothing,upi,loyal,west,422.05,9,46.894444444444446,147
CUST_925,INV_7149,2024-02-08,101.81,clothing,debit card,new,west,685.0,8,85.625,162
CUST_416,INV_7150,2024-04-17,85.88,clothing,debit card,loyal,east,448.39,5,89.678,79
CUST_824,INV_7151,2024-01-17,66.22,home,cash on delivery,returning,east,2560.0699999999997,19,134.74052631578945,159
CUST_307,INV_7152,2024-05-14,187.05,clothing,upi,loyal,east,1040.1299999999999,9,115.57,106
CUST_648,INV_7153,2024-04-27,103.43,books,upi,returning,north,1229.63,9,136.62555555555556,135
CUST_693,INV_7154,2024-02-08,161.6,beauty,upi,returning,east,1090.33,9,121.14777777777778,156
CUST_366,INV_7155,2024-02-04,154.35,beauty,debit card,returning,west,1142.62,13,87.89384615384614,141
CUST_0,INV_7156,2024-02-20,21.2,beauty,cash on delivery,new,south,944.31,16,59.019375,127
CUST_43,INV_7157,2024-02-16,105.03,beauty,upi,new,west,1212.72,10,121.272,135
CUST_738,INV_7158,2024-02-05,22.27,books,credit card,loyal,east,1133.27,11,103.02454545454545,169
CUST_842,INV_7159,2024-03-04,87.54,electronics,upi,returning,west,704.37,8,88.04625,149
CUST_97,INV_7160,2024-04-04,113.14,clothing,debit card,loyal,north,1315.1100000000001,9,146.12333333333333,161
CUST_719,INV_7161,2024-04-14,589.07,beauty,cash on delivery,returning,west,1877.88,16,117.3675,140
CUST_264,INV_7162,2024-01-13,3.1,clothing,upi,returning,north,1034.75,10,103.475,165
CUST_799,INV_7163,2024-05-25,9.57,clothing,upi,loyal,south,1536.08,16,96.005,175
CUST_782,INV_7164,2024-05-28,8.02,books,upi,loyal,east,1358.75,16,84.921875,170
CUST_139,INV_7165,2024-04-21,50.81,clothing,credit card,loyal,south,1144.72,8,143.09,97
CUST_480,INV_7166,2024-03-05,172.37,beauty,debit card,loyal,east,1189.1399999999999,12,99.09499999999998,172
CUST_236,INV_7167,2024-01-08,185.83,clothing,credit card,new,south,1333.49,14,95.24928571428572,169
CUST_973,INV_7168,2024-02-17,133.55,books,credit card,returning,south,1034.19,15,68.946,168
CUST_952,INV_7169,2024-03-25,227.18,beauty,debit card,returning,south,1082.96,10,108.296,141
CUST_903,INV_7170,2024-02-12,38.99,books,debit card,new,north,1026.3,8,128.2875,158
CUST_71,INV_7171,2024-03-25,9.23,home,upi,returning,north,926.36,10,92.636,143
CUST_666,INV_7172,2024-06-03,5.99,electronics,debit card,new,west,432.81,7,61.83,128
CUST_189,INV_7173,2024-01-19,191.14,clothing,upi,returning,west,1748.28,14,124.87714285714286,171
CUST_267,INV_7174,2024-01-23,131.1,clothing,credit card,new,west,1714.25,16,107.140625,141
CUST_320,INV_7175,2024-04-24,119.94,clothing,upi,new,east,622.88,8,77.86,121
CUST_106,INV_7176,2024-02-19,41.5,home,debit card,returning,north,1046.54,8,130.8175,138
CUST_231,INV_7177,2024-06-27,47.79,electronics,upi,returning,south,1369.29,10,136.929,176
CUST_41,INV_7178,2024-02-12,317.28,books,credit card,returning,west,1050.08,9,116.67555555555555,161
CUST_701,INV_7179,2024-04-08,6.59,home,debit card,loyal,north,1062.53,11,96.59363636363636,125
CUST_882,INV_7180,2024-04-13,148.6,home,debit card,returning,north,1199.94,15,79.99600000000001,156
CUST_138,INV_7181,2024-04-25,37.05,beauty,cash on delivery,returning,east,1076.78,10,107.678,169
CUST_614,INV_7182,2024-02-20,3.98,home,upi,returning,south,929.96,9,103.3288888888889,114
CUST_682,INV_7183,2024-04-15,135.7,home,upi,loyal,north,735.53,8,91.94125,124
CUST_862,INV_7184,2024-04-21,40.18,clothing,upi,returning,north,496.33,7,70.9042857142857,170
CUST_272,INV_7185,2024-06-17,128.07,beauty,credit card,new,west,1756.03,19,92.42263157894736,152
CUST_480,INV_7186,2024-03-12,122.98,books,credit card,new,east,1189.1399999999999,12,99.09499999999998,172
CUST_415,INV_7187,2024-05-18,76.53,electronics,debit card,loyal,east,1779.05,10,177.905,132
CUST_505,INV_7188,2024-03-20,150.23,books,debit card,loyal,south,1616.42,10,161.642,94
CUST_732,INV_7189,2024-06-28,87.0,beauty,credit card,loyal,east,586.39,9,65.15444444444444,176
CUST_724,INV_7190,2024-05-30,33.78,clothing,upi,loyal,south,611.95,10,61.19500000000001,167
CUST_852,INV_7191,2024-02-18,132.47,electronics,upi,loyal,south,1323.13,13,101.77923076923078,126
CUST_423,INV_7192,2024-06-14,88.95,books,credit card,returning,west,496.1,10,49.61,162
CUST_406,INV_7193,2024-02-16,1.28,electronics,upi,new,west,1119.5,11,101.77272727272727,149
CUST_567,INV_7194,2024-03-12,231.92,electronics,credit card,new,north,1221.72,8,152.715,142
CUST_389,INV_7195,2024-01-07,78.89,electronics,upi,returning,west,1622.9,15,108.19333333333334,171
CUST_341,INV_7196,2024-03-06,202.97,home,upi,loyal,north,1885.17,11,171.3790909090909,147
CUST_945,INV_7197,2024-03-17,214.33,beauty,cash on delivery,returning,north,1503.4,13,115.64615384615385,168
CUST_613,INV_7198,2024-03-02,58.87,beauty,debit card,loyal,north,425.91999999999996,7,60.84571428571428,138
CUST_932,INV_7199,2024-06-05,70.86,clothing,upi,new,north,702.75,7,100.39285714285714,170
CUST_492,INV_7200,2024-02-07,53.74,books,upi,new,south,636.61,10,63.661,159
CUST_191,INV_7201,2024-05-04,59.68,clothing,credit card,loyal,north,1744.07,14,124.57642857142856,154
CUST_498,INV_7202,2024-03-24,225.52,books,cash on delivery,returning,north,1599.85,14,114.27499999999999,143
CUST_821,INV_7203,2024-06-09,155.18,electronics,cash on delivery,loyal,north,2552.8,18,141.82222222222222,162
CUST_711,INV_7204,2024-01-29,13.53,books,credit card,loyal,south,1223.05,9,135.89444444444445,153
CUST_232,INV_7205,2024-04-23,94.24,books,credit card,new,east,1707.56,16,106.7225,153
CUST_944,INV_7206,2024-03-19,549.84,electronics,credit card,loyal,east,1317.27,12,109.7725,148
CUST_226,INV_7207,2024-01-23,90.52,clothing,upi,returning,north,1139.4,13,87.64615384615385,178
CUST_370,INV_7208,2024-04-15,154.12,books,credit card,loyal,east,1717.41,10,171.741,145
CUST_138,INV_7209,2024-05-10,146.56,clothing,debit card,new,west,1076.78,10,107.678,169
CUST_855,INV_7210,2024-04-10,43.13,clothing,credit card,returning,west,705.4,9,78.37777777777778,151
CUST_816,INV_7211,2024-06-21,46.5,beauty,upi,returning,west,870.73,13,66.97923076923077,147
CUST_148,INV_7212,2024-01-08,128.76,electronics,debit card,new,west,1127.95,11,102.5409090909091,178
CUST_114,INV_7213,2024-03-26,69.31,electronics,upi,new,south,583.08,7,83.29714285714286,117
CUST_449,INV_7214,2024-04-26,84.53,home,debit card,loyal,north,1535.53,15,102.36866666666667,160
CUST_62,INV_7215,2024-01-29,124.79,clothing,debit card,new,south,1103.34,10,110.33399999999999,145
CUST_103,INV_7216,2024-01-02,150.32,home,debit card,new,south,1251.99,14,89.42785714285715,172
CUST_850,INV_7217,2024-04-22,31.68,electronics,upi,new,north,750.55,8,93.81875,160
CUST_870,INV_7218,2024-06-26,15.88,electronics,debit card,new,south,1217.66,12,101.47166666666668,169
CUST_667,INV_7219,2024-03-05,34.5,home,cash on delivery,returning,north,656.47,6,109.41166666666668,162
CUST_272,INV_7220,2024-04-17,70.83,electronics,cash on delivery,returning,south,1756.03,19,92.42263157894736,152
CUST_5,INV_7221,2024-01-20,41.88,electronics,upi,returning,east,376.16,7,53.737142857142864,140
CUST_146,INV_7222,2024-06-28,84.02,beauty,cash on delivery,new,east,1396.88,13,107.4523076923077,172
CUST_183,INV_7223,2024-02-06,5.49,books,debit card,loyal,west,781.65,10,78.16499999999999,119
CUST_997,INV_7224,2024-03-12,71.28,beauty,credit card,loyal,east,651.48,7,93.06857142857143,124
CUST_27,INV_7225,2024-01-27,45.88,books,credit card,loyal,west,947.5699999999999,9,105.28555555555555,161
CUST_961,INV_7226,2024-06-23,76.5,beauty,debit card,loyal,west,792.14,15,52.809333333333335,165
CUST_549,INV_7227,2024-05-02,54.91,beauty,cash on delivery,returning,west,1184.88,14,84.63428571428572,164
CUST_118,INV_7228,2024-05-13,33.44,clothing,debit card,loyal,south,919.75,9,102.19444444444444,146
CUST_292,INV_7229,2024-02-14,234.45,home,credit card,returning,north,1356.77,9,150.75222222222223,141
CUST_370,INV_7230,2024-06-20,20.43,beauty,credit card,loyal,east,1717.41,10,171.741,145
CUST_243,INV_7231,2024-03-23,114.37,clothing,upi,loyal,north,698.72,6,116.45333333333333,125
CUST_579,INV_7232,2024-05-25,258.55,beauty,credit card,returning,east,1594.01,11,144.91,165
CUST_725,INV_7233,2024-04-29,77.36,home,upi,returning,east,1953.04,22,88.77454545454545,130
CUST_217,INV_7234,2024-03-05,209.08,clothing,cash on delivery,loyal,south,1137.8400000000001,13,87.52615384615386,138
CUST_176,INV_7235,2024-01-25,13.34,books,debit card,new,east,1919.6100000000001,12,159.9675,145
CUST_298,INV_7236,2024-01-27,68.08,home,upi,loyal,north,461.56,4,115.39,129
CUST_675,INV_7237,2024-05-14,61.07,electronics,debit card,loyal,north,1513.6100000000001,13,116.43153846153847,143
CUST_57,INV_7238,2024-06-20,0.82,clothing,upi,loyal,east,1066.52,12,88.87666666666667,125
CUST_268,INV_7239,2024-04-15,58.57,electronics,cash on delivery,returning,north,725.07,8,90.63375,79
CUST_307,INV_7240,2024-06-05,46.05,clothing,cash on delivery,loyal,west,1040.1299999999999,9,115.57,106
CUST_569,INV_7241,2024-02-13,110.81,books,upi,new,north,1196.6599999999999,9,132.9622222222222,129
CUST_287,INV_7242,2024-04-16,278.6,clothing,upi,loyal,west,1150.8600000000001,13,88.52769230769232,152
CUST_976,INV_7243,2024-02-05,8.97,beauty,cash on delivery,new,west,937.01,8,117.12625,114
CUST_104,INV_7244,2024-05-26,39.67,electronics,debit card,new,north,748.1,7,106.87142857142858,155
CUST_227,INV_7245,2024-01-06,58.71,electronics,cash on delivery,new,west,477.6,9,53.06666666666667,175
CUST_246,INV_7246,2024-06-01,60.73,clothing,debit card,loyal,north,1430.28,15,95.352,149
CUST_699,INV_7247,2024-06-07,149.08,beauty,upi,returning,north,2424.12,16,151.5075,174
CUST_493,INV_7248,2024-01-09,58.59,beauty,debit card,returning,east,1712.71,17,100.74764705882353,171
CUST_82,INV_7249,2024-06-13,2.75,clothing,upi,loyal,north,1157.47,10,115.747,151
CUST_185,INV_7250,2024-06-03,123.82,home,debit card,loyal,north,445.11,6,74.185,142
CUST_251,INV_7251,2024-01-13,216.13,books,upi,new,east,1249.58,6,208.26333333333332,120
CUST_354,INV_7252,2024-02-10,72.14,clothing,credit card,loyal,south,1420.43,12,118.36916666666667,134
CUST_749,INV_7253,2024-05-07,87.01,beauty,credit card,returning,north,1129.43,8,141.17875,158
CUST_871,INV_7254,2024-03-06,17.79,books,cash on delivery,loyal,south,1672.77,14,119.48357142857142,177
CUST_695,INV_7255,2024-03-25,24.93,clothing,cash on delivery,loyal,south,1503.8600000000001,10,150.38600000000002,158
CUST_795,INV_7256,2024-01-24,26.81,books,upi,loyal,east,1477.78,11,134.34363636363636,157
CUST_896,INV_7257,2024-02-13,56.34,home,debit card,new,south,1162.97,13,89.45923076923077,154
CUST_937,INV_7258,2024-04-15,263.31,beauty,upi,loyal,south,1849.38,14,132.09857142857143,167
CUST_209,INV_7259,2024-04-07,73.77,home,credit card,loyal,west,1118.48,11,101.68,159
CUST_815,INV_7260,2024-02-29,21.33,home,credit card,loyal,south,914.0699999999999,10,91.407,119
CUST_807,INV_7261,2024-01-09,30.94,beauty,upi,returning,east,190.21,7,27.172857142857143,144
CUST_608,INV_7262,2024-05-09,48.45,home,credit card,new,north,732.59,9,81.39888888888889,158
CUST_446,INV_7263,2024-02-25,97.62,clothing,cash on delivery,new,west,977.14,10,97.714,168
CUST_459,INV_7264,2024-06-06,57.99,clothing,upi,returning,east,1002.65,10,100.265,162
CUST_967,INV_7265,2024-01-22,49.83,books,cash on delivery,new,east,663.1800000000001,11,60.289090909090916,140
CUST_471,INV_7266,2024-03-21,83.18,clothing,cash on delivery,returning,west,462.12,7,66.01714285714286,144
CUST_719,INV_7267,2024-04-09,27.69,clothing,cash on delivery,new,west,1877.88,16,117.3675,140
CUST_369,INV_7268,2024-01-13,8.22,books,credit card,new,east,556.19,7,79.4557142857143,157
CUST_899,INV_7269,2024-03-11,2.47,electronics,debit card,new,north,1282.45,12,106.87083333333334,155
CUST_933,INV_7270,2024-01-16,28.94,beauty,debit card,loyal,south,816.76,11,74.25090909090909,151
CUST_491,INV_7271,2024-02-14,9.61,clothing,debit card,new,north,1204.84,10,120.484,111
CUST_922,INV_7272,2024-03-05,41.0,books,cash on delivery,loyal,south,1106.43,13,85.11,142
CUST_136,INV_7273,2024-05-18,148.25,home,upi,loyal,north,1410.93,14,100.7807142857143,166
CUST_366,INV_7274,2024-03-10,125.98,home,cash on delivery,loyal,west,1142.62,13,87.89384615384614,141
CUST_911,INV_7275,2024-05-27,94.4,clothing,cash on delivery,returning,west,835.55,14,59.68214285714286,154
CUST_183,INV_7276,2024-04-08,191.39,beauty,upi,new,west,781.65,10,78.16499999999999,119
CUST_587,INV_7277,2024-04-10,33.14,books,debit card,new,east,1142.67,14,81.61928571428572,176
CUST_286,INV_7278,2024-04-14,216.33,books,debit card,new,east,1970.11,12,164.17583333333332,155
CUST_471,INV_7279,2024-05-19,50.96,books,debit card,loyal,south,462.12,7,66.01714285714286,144
CUST_374,INV_7280,2024-04-03,51.23,books,cash on delivery,new,west,1235.58,13,95.04461538461538,162
CUST_653,INV_7281,2024-02-11,51.98,books,cash on delivery,loyal,east,955.4,9,106.15555555555555,153
CUST_748,INV_7282,2024-03-23,10.32,beauty,credit card,loyal,east,1357.18,13,104.39846153846155,125
CUST_536,INV_7283,2024-05-12,370.87,books,debit card,loyal,west,2514.01,16,157.125625,170
CUST_510,INV_7284,2024-04-14,14.91,beauty,cash on delivery,loyal,north,657.49,14,46.96357142857143,136
CUST_801,INV_7285,2024-06-03,41.69,beauty,credit card,new,west,1939.41,12,161.6175,136
CUST_578,INV_7286,2024-01-28,38.46,beauty,cash on delivery,loyal,south,803.99,8,100.49875,138
CUST_249,INV_7287,2024-01-26,7.76,home,cash on delivery,returning,west,321.73,8,40.21625,109
CUST_919,INV_7288,2024-04-25,16.52,electronics,debit card,returning,north,1715.16,15,114.34400000000001,174
CUST_509,INV_7289,2024-02-18,4.59,clothing,upi,returning,north,435.35,5,87.07000000000001,129
CUST_629,INV_7290,2024-05-28,34.59,home,cash on delivery,loyal,west,1015.25,13,78.09615384615384,153
CUST_72,INV_7291,2024-01-01,201.48,electronics,cash on delivery,new,east,2477.25,19,130.3815789473684,176
CUST_281,INV_7292,2024-04-01,41.47,home,cash on delivery,new,north,426.09000000000003,8,53.261250000000004,166
CUST_915,INV_7293,2024-02-27,13.2,beauty,debit card,loyal,south,779.0500000000001,9,86.56111111111112,125
CUST_959,INV_7294,2024-03-19,103.76,beauty,cash on delivery,loyal,east,1104.43,9,122.71444444444445,66
CUST_359,INV_7295,2024-03-21,568.42,books,credit card,loyal,south,1682.9699999999998,10,168.29699999999997,90
CUST_9,INV_7296,2024-01-26,26.44,beauty,debit card,returning,south,883.4699999999999,13,67.95923076923076,156
CUST_210,INV_7297,2024-06-01,32.79,home,credit card,loyal,south,748.29,11,68.02636363636363,147
CUST_834,INV_7298,2024-03-17,357.01,clothing,debit card,loyal,south,1355.99,11,123.27181818181818,143
CUST_151,INV_7299,2024-06-09,19.7,beauty,cash on delivery,new,north,537.1,7,76.72857142857143,173
CUST_4,INV_7300,2024-03-12,71.58,electronics,cash on delivery,new,east,1444.3899999999999,9,160.48777777777775,176
CUST_194,INV_7301,2024-03-09,27.4,home,credit card,returning,west,1282.82,14,91.63,161
CUST_953,INV_7302,2024-01-06,269.34,electronics,credit card,returning,north,781.53,8,97.69125,161
CUST_282,INV_7303,2024-01-23,399.11,books,debit card,returning,east,2115.36,18,117.52000000000001,148
CUST_463,INV_7304,2024-06-06,168.58,books,debit card,returning,west,914.48,6,152.41333333333333,162
CUST_112,INV_7305,2024-02-23,37.8,clothing,upi,loyal,west,2010.72,18,111.70666666666666,160
CUST_270,INV_7306,2024-03-27,51.67,home,upi,loyal,north,965.77,12,80.48083333333334,160
CUST_162,INV_7307,2024-01-11,27.75,clothing,upi,returning,east,1730.47,10,173.047,153
CUST_459,INV_7308,2024-06-07,221.42,electronics,cash on delivery,returning,south,1002.65,10,100.265,162
CUST_104,INV_7309,2024-05-13,245.99,clothing,credit card,new,south,748.1,7,106.87142857142858,155
CUST_692,INV_7310,2024-01-11,54.28,electronics,credit card,new,west,2789.69,17,164.09941176470588,153
CUST_555,INV_7311,2024-03-17,106.87,clothing,upi,new,north,1410.72,14,100.76571428571428,147
CUST_281,INV_7312,2024-01-12,18.1,books,upi,returning,north,426.09000000000003,8,53.261250000000004,166
CUST_686,INV_7313,2024-02-22,57.08,home,debit card,new,south,778.83,13,59.910000000000004,142
CUST_161,INV_7314,2024-04-08,99.83,clothing,upi,returning,north,788.74,12,65.72833333333334,173
CUST_982,INV_7315,2024-02-05,48.68,electronics,credit card,loyal,north,1381.64,11,125.60363636363637,138
CUST_350,INV_7316,2024-05-24,44.25,home,debit card,returning,east,91.22,4,22.805,152
CUST_433,INV_7317,2024-01-28,0.1,books,upi,loyal,east,886.0899999999999,8,110.76124999999999,164
CUST_851,INV_7318,2024-05-29,163.11,books,cash on delivery,loyal,west,1729.42,13,133.0323076923077,160
CUST_139,INV_7319,2024-04-11,220.13,beauty,upi,returning,east,1144.72,8,143.09,97
CUST_470,INV_7320,2024-01-07,348.88,home,cash on delivery,new,north,1379.5900000000001,17,81.15235294117647,166
CUST_131,INV_7321,2024-01-15,127.04,clothing,upi,returning,south,1297.4,12,108.11666666666667,163
CUST_86,INV_7322,2024-05-18,79.58,books,debit card,new,south,824.3199999999999,11,74.93818181818182,145
CUST_687,INV_7323,2024-01-24,31.37,clothing,cash on delivery,loyal,south,1128.25,12,94.02083333333333,89
CUST_182,INV_7324,2024-01-30,726.37,clothing,cash on delivery,loyal,west,1836.42,14,131.17285714285714,157
CUST_367,INV_7325,2024-03-06,89.1,electronics,debit card,loyal,south,1281.82,8,160.2275,117
CUST_128,INV_7326,2024-03-01,114.3,clothing,cash on delivery,loyal,east,1228.05,16,76.753125,176
CUST_245,INV_7327,2024-03-18,114.7,beauty,debit card,returning,east,731.02,10,73.102,168
CUST_600,INV_7328,2024-02-10,186.6,home,upi,loyal,north,1760.6799999999998,14,125.76285714285713,168
CUST_577,INV_7329,2024-03-22,0.97,home,debit card,new,west,526.32,8,65.79,137
CUST_669,INV_7330,2024-02-20,24.88,electronics,debit card,new,south,1120.45,16,70.028125,153
CUST_898,INV_7331,2024-06-20,109.52,beauty,debit card,loyal,north,909.4,13,69.95384615384616,157
CUST_377,INV_7332,2024-04-04,225.52,beauty,debit card,returning,south,1043.45,13,80.26538461538462,166
CUST_148,INV_7333,2024-01-13,115.63,home,credit card,loyal,south,1127.95,11,102.5409090909091,178
CUST_984,INV_7334,2024-03-30,53.36,beauty,cash on delivery,loyal,north,1069.58,12,89.13166666666666,172
CUST_851,INV_7335,2024-05-19,44.87,books,upi,new,east,1729.42,13,133.0323076923077,160
CUST_432,INV_7336,2024-03-22,133.92,clothing,debit card,returning,north,956.8299999999999,7,136.69,39
CUST_627,INV_7337,2024-01-09,135.18,clothing,credit card,returning,west,745.88,13,57.37538461538462,174
CUST_725,INV_7338,2024-02-17,93.41,home,credit card,new,north,1953.04,22,88.77454545454545,130
CUST_468,INV_7339,2024-02-18,34.46,home,upi,new,south,428.27,7,61.18142857142857,169
CUST_445,INV_7340,2024-02-22,259.23,beauty,cash on delivery,new,east,794.53,11,72.23,146
CUST_480,INV_7341,2024-02-09,80.27,electronics,upi,returning,north,1189.1399999999999,12,99.09499999999998,172
CUST_883,INV_7342,2024-04-16,156.3,home,debit card,new,east,1316.5900000000001,13,101.27615384615386,174
CUST_293,INV_7343,2024-01-24,24.12,home,cash on delivery,new,east,1691.33,13,130.10230769230768,168
CUST_764,INV_7344,2024-04-17,42.17,home,cash on delivery,new,east,189.22,5,37.844,143
CUST_142,INV_7345,2024-02-02,207.61,beauty,upi,loyal,east,1343.5,12,111.95833333333333,138
CUST_249,INV_7346,2024-01-23,5.14,books,upi,returning,south,321.73,8,40.21625,109
CUST_877,INV_7347,2024-03-17,71.81,home,cash on delivery,returning,south,579.99,9,64.44333333333333,92
CUST_947,INV_7348,2024-02-23,65.72,books,upi,loyal,south,524.38,7,74.91142857142857,113
CUST_974,INV_7349,2024-02-22,139.12,beauty,cash on delivery,returning,south,1943.69,10,194.369,172
CUST_301,INV_7350,2024-02-18,33.11,electronics,upi,new,south,731.7,15,48.78,158
CUST_24,INV_7351,2024-03-18,24.73,clothing,cash on delivery,loyal,west,1497.66,16,93.60375,163
CUST_788,INV_7352,2024-03-20,260.55,clothing,debit card,new,west,761.97,8,95.24625,155
CUST_983,INV_7353,2024-06-25,84.8,clothing,credit card,new,north,1420.05,15,94.67,178
CUST_888,INV_7354,2024-04-11,11.06,clothing,upi,new,east,922.5,13,70.96153846153847,151
CUST_889,INV_7355,2024-05-01,21.45,beauty,cash on delivery,new,west,1265.12,10,126.51199999999999,144
CUST_900,INV_7356,2024-04-12,674.74,clothing,credit card,returning,south,1352.69,8,169.08625,151
CUST_69,INV_7357,2024-03-30,21.77,beauty,credit card,loyal,east,580.79,8,72.59875,151
CUST_624,INV_7358,2024-03-30,94.28,electronics,credit card,loyal,south,621.58,10,62.158,142
CUST_874,INV_7359,2024-06-08,54.49,home,upi,new,south,504.63000000000005,7,72.09,146
CUST_111,INV_7360,2024-04-30,216.8,home,upi,loyal,north,1059.83,13,81.52538461538461,177
CUST_363,INV_7361,2024-05-28,140.72,home,debit card,loyal,east,1494.74,16,93.42125,141
CUST_302,INV_7362,2024-05-25,90.87,beauty,upi,new,south,1727.23,14,123.37357142857142,155
CUST_470,INV_7363,2024-02-29,1.08,beauty,upi,new,south,1379.5900000000001,17,81.15235294117647,166
CUST_963,INV_7364,2024-05-01,211.86,beauty,upi,returning,north,738.24,7,105.46285714285715,149
CUST_90,INV_7365,2024-05-20,58.82,electronics,credit card,returning,east,471.46,5,94.292,165
CUST_529,INV_7366,2024-05-31,268.21,books,debit card,new,west,973.99,12,81.16583333333334,133
CUST_660,INV_7367,2024-01-30,68.43,beauty,credit card,returning,east,1775.47,16,110.966875,162
CUST_987,INV_7368,2024-05-09,118.49,beauty,debit card,returning,south,1846.98,17,108.64588235294117,171
CUST_738,INV_7369,2024-03-23,7.18,home,upi,loyal,west,1133.27,11,103.02454545454545,169
CUST_725,INV_7370,2024-04-20,136.71,clothing,cash on delivery,new,north,1953.04,22,88.77454545454545,130
CUST_871,INV_7371,2024-04-17,41.25,clothing,upi,loyal,north,1672.77,14,119.48357142857142,177
CUST_662,INV_7372,2024-04-20,43.29,electronics,credit card,loyal,south,1397.85,14,99.84642857142856,118
CUST_191,INV_7373,2024-01-25,12.63,clothing,credit card,new,east,1744.07,14,124.57642857142856,154
CUST_962,INV_7374,2024-02-19,15.88,books,credit card,loyal,south,1727.8,16,107.9875,166
CUST_551,INV_7375,2024-01-14,20.55,home,debit card,returning,east,567.21,6,94.53500000000001,162
CUST_241,INV_7376,2024-05-13,39.78,electronics,credit card,returning,north,1114.7,12,92.89166666666667,155
CUST_137,INV_7377,2024-03-16,222.53,clothing,cash on delivery,returning,south,761.34,7,108.76285714285714,127
CUST_344,INV_7378,2024-03-24,45.93,clothing,cash on delivery,returning,south,1541.7,12,128.475,156
CUST_179,INV_7379,2024-03-27,128.87,home,upi,returning,west,582.36,10,58.236000000000004,153
CUST_711,INV_7380,2024-06-06,8.64,electronics,debit card,loyal,south,1223.05,9,135.89444444444445,153
CUST_502,INV_7381,2024-01-30,89.43,home,debit card,new,east,948.38,12,79.03166666666667,165
CUST_202,INV_7382,2024-06-14,65.76,electronics,upi,loyal,west,498.48,8,62.31,155
CUST_572,INV_7383,2024-02-27,381.48,clothing,credit card,loyal,east,1551.8799999999999,14,110.84857142857142,135
CUST_191,INV_7384,2024-04-03,187.22,home,credit card,returning,west,1744.07,14,124.57642857142856,154
CUST_4,INV_7385,2024-02-10,60.67,home,upi,returning,north,1444.3899999999999,9,160.48777777777775,176
CUST_889,INV_7386,2024-04-03,149.23,books,upi,loyal,east,1265.12,10,126.51199999999999,144
CUST_236,INV_7387,2024-02-26,21.45,home,upi,loyal,east,1333.49,14,95.24928571428572,169
CUST_692,INV_7388,2024-06-12,82.63,electronics,upi,new,south,2789.69,17,164.09941176470588,153
CUST_310,INV_7389,2024-03-04,7.75,books,debit card,new,north,1082.74,9,120.30444444444444,153
CUST_548,INV_7390,2024-04-07,42.78,home,debit card,new,west,588.86,9,65.42888888888889,128
CUST_55,INV_7391,2024-01-16,25.6,home,credit card,new,west,907.49,9,100.83222222222223,160
CUST_442,INV_7392,2024-03-28,126.91,books,debit card,new,north,1684.2,14,120.3,146
CUST_236,INV_7393,2024-03-18,67.35,clothing,debit card,returning,south,1333.49,14,95.24928571428572,169
CUST_869,INV_7394,2024-03-30,139.06,home,debit card,new,east,362.53,6,60.42166666666666,149
CUST_860,INV_7395,2024-03-12,72.42,beauty,upi,loyal,east,859.3199999999999,9,95.47999999999999,148
CUST_196,INV_7396,2024-01-14,9.05,clothing,debit card,returning,south,595.04,6,99.17333333333333,114
CUST_584,INV_7397,2024-01-31,132.94,home,credit card,loyal,west,405.23,4,101.3075,100
CUST_570,INV_7398,2024-03-06,179.11,clothing,debit card,returning,south,1121.49,14,80.10642857142857,155
CUST_751,INV_7399,2024-04-21,233.85,electronics,upi,returning,east,1251.49,10,125.149,114
CUST_513,INV_7400,2024-03-08,84.86,clothing,debit card,new,north,1542.87,9,171.42999999999998,138
CUST_448,INV_7401,2024-02-24,140.07,books,cash on delivery,loyal,west,973.53,9,108.17,131
CUST_359,INV_7402,2024-05-02,139.45,home,credit card,new,south,1682.9699999999998,10,168.29699999999997,90
CUST_699,INV_7403,2024-06-16,16.93,clothing,debit card,loyal,east,2424.12,16,151.5075,174
CUST_818,INV_7404,2024-06-01,17.94,beauty,credit card,loyal,west,736.22,10,73.622,148
CUST_29,INV_7405,2024-01-25,7.35,electronics,upi,new,south,474.03,7,67.71857142857142,99
CUST_778,INV_7406,2024-05-10,38.55,electronics,credit card,new,north,1093.84,13,84.14153846153846,154
CUST_987,INV_7407,2024-03-09,64.15,clothing,cash on delivery,returning,west,1846.98,17,108.64588235294117,171
CUST_107,INV_7408,2024-04-11,616.48,books,cash on delivery,returning,north,1401.55,10,140.155,176
CUST_843,INV_7409,2024-04-27,56.39,electronics,credit card,returning,east,735.54,9,81.72666666666666,112
CUST_934,INV_7410,2024-01-26,129.55,clothing,upi,loyal,west,807.47,10,80.747,136
CUST_601,INV_7411,2024-02-09,118.22,clothing,credit card,new,north,1577.98,13,121.38307692307693,133
CUST_716,INV_7412,2024-02-07,22.88,electronics,debit card,returning,south,697.82,4,174.455,153
CUST_890,INV_7413,2024-06-14,6.03,clothing,debit card,new,north,2004.37,19,105.49315789473684,170
CUST_967,INV_7414,2024-01-07,78.97,clothing,credit card,returning,east,663.1800000000001,11,60.289090909090916,140
CUST_958,INV_7415,2024-06-06,120.5,beauty,debit card,returning,south,897.02,9,99.66888888888889,134
CUST_959,INV_7416,2024-04-29,634.92,clothing,debit card,new,north,1104.43,9,122.71444444444445,66
CUST_444,INV_7417,2024-05-26,44.41,clothing,upi,returning,west,1275.1,12,106.25833333333333,172
CUST_892,INV_7418,2024-02-04,226.69,books,credit card,new,north,1313.34,11,119.39454545454545,141
CUST_437,INV_7419,2024-06-09,48.12,electronics,debit card,returning,west,766.99,12,63.91583333333333,121
CUST_731,INV_7420,2024-06-09,116.93,books,credit card,new,west,1332.29,12,111.02416666666666,153
CUST_889,INV_7421,2024-03-18,91.19,home,credit card,returning,north,1265.12,10,126.51199999999999,144
CUST_605,INV_7422,2024-02-07,5.44,books,debit card,returning,east,1590.42,12,132.535,164
CUST_456,INV_7423,2024-05-17,8.16,home,upi,loyal,west,923.6800000000001,10,92.36800000000001,164
CUST_614,INV_7424,2024-01-28,2.1,home,upi,new,east,929.96,9,103.3288888888889,114
CUST_734,INV_7425,2024-04-09,46.34,books,cash on delivery,returning,west,1246.28,10,124.628,150
CUST_697,INV_7426,2024-02-07,136.96,beauty,credit card,loyal,west,807.16,10,80.716,150
CUST_980,INV_7427,2024-05-23,18.97,books,cash on delivery,new,north,1345.78,11,122.34363636363636,143
CUST_695,INV_7428,2024-05-03,93.1,electronics,upi,returning,west,1503.8600000000001,10,150.38600000000002,158
CUST_494,INV_7429,2024-05-28,34.08,books,debit card,returning,south,1187.8400000000001,10,118.78400000000002,140
CUST_673,INV_7430,2024-04-01,159.45,beauty,debit card,returning,north,1697.43,10,169.743,139
CUST_246,INV_7431,2024-04-06,160.15,books,upi,new,south,1430.28,15,95.352,149
CUST_542,INV_7432,2024-01-06,149.35,beauty,upi,loyal,south,872.11,5,174.422,111
CUST_563,INV_7433,2024-06-17,74.41,electronics,credit card,returning,west,1167.36,10,116.73599999999999,159
CUST_856,INV_7434,2024-05-06,33.49,clothing,cash on delivery,loyal,east,1079.73,8,134.96625,123
CUST_587,INV_7435,2024-01-15,165.78,beauty,cash on delivery,new,north,1142.67,14,81.61928571428572,176
CUST_896,INV_7436,2024-04-17,20.59,beauty,upi,new,east,1162.97,13,89.45923076923077,154
CUST_438,INV_7437,2024-05-10,34.22,beauty,credit card,returning,north,1688.78,15,112.58533333333334,163
CUST_277,INV_7438,2024-02-12,20.33,electronics,debit card,returning,south,620.09,13,47.69923076923077,170
CUST_551,INV_7439,2024-02-16,112.15,home,upi,returning,west,567.21,6,94.53500000000001,162
CUST_612,INV_7440,2024-04-08,115.91,beauty,cash on delivery,loyal,west,1710.26,16,106.89125,177
CUST_110,INV_7441,2024-01-14,105.7,electronics,credit card,loyal,west,3131.33,17,184.19588235294117,168
CUST_384,INV_7442,2024-06-05,53.72,clothing,credit card,returning,east,1124.32,8,140.54,160
CUST_832,INV_7443,2024-05-11,10.56,beauty,credit card,new,west,1070.51,14,76.465,169
CUST_760,INV_7444,2024-06-02,242.1,home,cash on delivery,new,west,1743.15,12,145.26250000000002,141
CUST_190,INV_7445,2024-04-24,70.87,electronics,credit card,returning,east,897.22,13,69.01692307692308,127
CUST_489,INV_7446,2024-05-19,52.25,clothing,debit card,loyal,east,1291.16,15,86.07733333333334,149
CUST_693,INV_7447,2024-01-02,88.87,home,cash on delivery,new,west,1090.33,9,121.14777777777778,156
CUST_425,INV_7448,2024-05-24,21.42,clothing,upi,loyal,west,928.41,10,92.841,148
CUST_404,INV_7449,2024-02-04,14.22,home,credit card,returning,south,401.87,13,30.913076923076922,161
CUST_334,INV_7450,2024-01-10,52.01,books,cash on delivery,loyal,west,1143.87,11,103.98818181818181,133
CUST_208,INV_7451,2024-04-21,25.78,books,upi,loyal,east,691.4,10,69.14,156
CUST_21,INV_7452,2024-06-19,28.01,books,upi,loyal,north,1068.97,15,71.26466666666667,156
CUST_677,INV_7453,2024-01-21,223.04,clothing,debit card,new,west,1648.2,8,206.025,146
CUST_610,INV_7454,2024-01-15,75.66,books,upi,loyal,north,779.24,12,64.93666666666667,174
CUST_207,INV_7455,2024-06-11,66.06,electronics,debit card,loyal,west,991.4,8,123.925,109
CUST_7,INV_7456,2024-04-21,116.95,electronics,cash on delivery,loyal,west,1709.73,13,131.5176923076923,164
CUST_701,INV_7457,2024-05-05,302.72,books,debit card,returning,south,1062.53,11,96.59363636363636,125
CUST_686,INV_7458,2024-03-25,11.9,home,cash on delivery,loyal,west,778.83,13,59.910000000000004,142
CUST_784,INV_7459,2024-03-25,179.3,home,cash on delivery,loyal,east,1441.15,13,110.85769230769232,156
CUST_528,INV_7460,2024-06-20,87.71,clothing,credit card,new,west,1481.26,10,148.126,171
CUST_601,INV_7461,2024-01-05,15.8,home,debit card,returning,north,1577.98,13,121.38307692307693,133
CUST_652,INV_7462,2024-04-26,35.26,beauty,cash on delivery,loyal,west,1155.64,11,105.05818181818182,147
CUST_656,INV_7463,2024-05-25,65.85,home,credit card,new,east,1419.27,11,129.02454545454546,135
CUST_165,INV_7464,2024-05-28,117.5,electronics,debit card,new,west,1617.77,12,134.81416666666667,131
CUST_848,INV_7465,2024-03-12,27.79,home,debit card,loyal,north,2094.2799999999997,16,130.89249999999998,147
CUST_495,INV_7466,2024-03-14,76.55,clothing,upi,new,west,1322.4,8,165.3,129
CUST_589,INV_7467,2024-02-20,115.41,home,credit card,new,south,970.4399999999999,7,138.6342857142857,102
CUST_428,INV_7468,2024-06-17,59.56,clothing,upi,new,west,1757.97,13,135.22846153846154,171
CUST_773,INV_7469,2024-01-24,198.8,beauty,cash on delivery,new,north,730.25,10,73.025,139
CUST_162,INV_7470,2024-05-31,203.61,books,debit card,loyal,north,1730.47,10,173.047,153
CUST_365,INV_7471,2024-02-07,63.62,beauty,cash on delivery,loyal,north,1150.82,11,104.61999999999999,141
CUST_525,INV_7472,2024-02-13,360.92,electronics,credit card,new,south,1304.45,15,86.96333333333334,174
CUST_238,INV_7473,2024-06-10,7.86,beauty,debit card,loyal,west,1383.87,12,115.32249999999999,130
CUST_71,INV_7474,2024-03-15,0.34,beauty,cash on delivery,loyal,north,926.36,10,92.636,143
CUST_444,INV_7475,2024-04-04,47.91,electronics,debit card,new,south,1275.1,12,106.25833333333333,172
CUST_654,INV_7476,2024-01-23,91.9,electronics,upi,new,south,1045.21,10,104.521,156
CUST_821,INV_7477,2024-05-03,99.21,books,credit card,new,north,2552.8,18,141.82222222222222,162
CUST_508,INV_7478,2024-03-26,64.71,books,credit card,loyal,east,749.6,11,68.14545454545454,169
CUST_794,INV_7479,2024-02-12,13.34,home,credit card,loyal,west,537.71,9,59.74555555555556,177
CUST_268,INV_7480,2024-02-09,18.69,clothing,debit card,returning,north,725.07,8,90.63375,79
CUST_752,INV_7481,2024-02-16,191.15,electronics,cash on delivery,returning,west,1458.89,11,132.62636363636364,175
CUST_414,INV_7482,2024-06-17,202.43,beauty,cash on delivery,new,south,542.9,7,77.55714285714285,155
CUST_244,INV_7483,2024-06-23,112.05,beauty,credit card,returning,west,845.55,9,93.94999999999999,168
CUST_674,INV_7484,2024-01-20,109.13,books,debit card,loyal,east,1646.9099999999999,12,137.24249999999998,145
CUST_59,INV_7485,2024-04-18,91.05,clothing,debit card,returning,west,380.88,7,54.41142857142857,113
CUST_5,INV_7486,2024-03-08,22.68,electronics,debit card,returning,north,376.16,7,53.737142857142864,140
CUST_708,INV_7487,2024-01-24,55.91,books,cash on delivery,new,north,1246.67,11,113.33363636363637,127
CUST_981,INV_7488,2024-02-05,119.04,clothing,credit card,loyal,north,770.97,8,96.37125,93
CUST_569,INV_7489,2024-02-14,77.06,electronics,cash on delivery,loyal,west,1196.6599999999999,9,132.9622222222222,129
CUST_816,INV_7490,2024-05-09,1.88,beauty,upi,loyal,north,870.73,13,66.97923076923077,147
CUST_406,INV_7491,2024-01-28,306.95,beauty,debit card,loyal,west,1119.5,11,101.77272727272727,149
CUST_216,INV_7492,2024-06-02,186.31,books,upi,returning,west,1413.6200000000001,12,117.80166666666668,124
CUST_929,INV_7493,2024-01-23,30.18,clothing,credit card,new,north,589.29,11,53.57181818181818,138
CUST_25,INV_7494,2024-06-12,95.83,beauty,credit card,returning,east,772.76,8,96.595,148
CUST_814,INV_7495,2024-03-31,256.71,clothing,cash on delivery,loyal,north,1539.8899999999999,11,139.98999999999998,166
CUST_4,INV_7496,2024-05-13,10.09,books,credit card,new,south,1444.3899999999999,9,160.48777777777775,176
CUST_985,INV_7497,2024-06-11,69.92,home,credit card,new,south,935.9300000000001,11,85.08454545454546,177
CUST_531,INV_7498,2024-04-12,60.93,clothing,cash on delivery,loyal,east,972.35,11,88.39545454545454,123
CUST_389,INV_7499,2024-02-07,52.8,clothing,cash on delivery,loyal,south,1622.9,15,108.19333333333334,171
CUST_709,INV_7500,2024-06-11,180.54,books,cash on delivery,new,east,1134.6100000000001,11,103.14636363636365,147
CUST_570,INV_7501,2024-04-03,47.91,home,cash on delivery,loyal,west,1121.49,14,80.10642857142857,155
CUST_447,INV_7502,2024-02-22,6.58,beauty,credit card,loyal,south,962.81,7,137.5442857142857,104
CUST_753,INV_7503,2024-02-07,6.81,electronics,upi,loyal,east,1313.51,10,131.351,109
CUST_145,INV_7504,2024-02-12,4.37,books,cash on delivery,loyal,north,854.13,11,77.64818181818181,159
CUST_387,INV_7505,2024-04-12,52.62,electronics,credit card,new,south,872.6700000000001,10,87.26700000000001,155
CUST_784,INV_7506,2024-04-23,126.73,home,credit card,new,south,1441.15,13,110.85769230769232,156
CUST_248,INV_7507,2024-01-04,22.78,home,credit card,returning,east,372.59999999999997,5,74.52,174
CUST_525,INV_7508,2024-01-05,103.98,clothing,credit card,returning,west,1304.45,15,86.96333333333334,174
CUST_461,INV_7509,2024-03-08,116.18,electronics,credit card,new,east,875.0799999999999,8,109.38499999999999,151
CUST_12,INV_7510,2024-05-02,29.46,electronics,cash on delivery,returning,east,1189.3700000000001,14,84.95500000000001,160
CUST_902,INV_7511,2024-06-21,91.77,home,cash on delivery,loyal,south,1227.18,10,122.718,167
CUST_383,INV_7512,2024-03-20,115.48,electronics,debit card,loyal,east,1846.6,12,153.88333333333333,151
CUST_555,INV_7513,2024-06-01,62.85,beauty,debit card,new,north,1410.72,14,100.76571428571428,147
CUST_886,INV_7514,2024-01-11,41.06,home,cash on delivery,returning,east,1133.96,12,94.49666666666667,164
CUST_398,INV_7515,2024-06-05,96.54,clothing,cash on delivery,loyal,north,1349.8899999999999,10,134.98899999999998,155
CUST_18,INV_7516,2024-06-10,380.98,clothing,cash on delivery,returning,north,1436.15,15,95.74333333333334,167
CUST_574,INV_7517,2024-05-21,55.66,clothing,upi,new,east,1145.9,15,76.39333333333335,157
CUST_490,INV_7518,2024-04-29,49.71,electronics,cash on delivery,new,west,1049.44,11,95.40363636363637,179
CUST_750,INV_7519,2024-05-31,62.41,home,credit card,returning,north,1289.12,13,99.16307692307691,171
CUST_418,INV_7520,2024-06-15,7.93,clothing,upi,new,north,812.63,12,67.71916666666667,149
CUST_336,INV_7521,2024-01-26,80.56,home,upi,loyal,north,1099.62,10,109.96199999999999,128
CUST_418,INV_7522,2024-06-19,39.85,electronics,credit card,loyal,west,812.63,12,67.71916666666667,149
CUST_914,INV_7523,2024-02-05,12.95,beauty,credit card,returning,east,1795.96,18,99.77555555555556,170
CUST_915,INV_7524,2024-06-15,62.78,beauty,debit card,returning,west,779.0500000000001,9,86.56111111111112,125
CUST_611,INV_7525,2024-05-23,0.34,beauty,credit card,new,east,1114.33,12,92.86083333333333,172
CUST_674,INV_7526,2024-05-01,51.38,electronics,cash on delivery,new,north,1646.9099999999999,12,137.24249999999998,145
CUST_927,INV_7527,2024-02-28,11.18,clothing,cash on delivery,returning,south,718.8000000000001,9,79.86666666666667,179
CUST_121,INV_7528,2024-04-05,2.46,electronics,debit card,new,north,1001.52,11,91.04727272727273,157
CUST_431,INV_7529,2024-01-06,174.0,home,upi,returning,east,1680.19,10,168.019,158
CUST_43,INV_7530,2024-04-07,247.99,beauty,upi,returning,west,1212.72,10,121.272,135
CUST_871,INV_7531,2024-02-25,23.28,home,debit card,loyal,north,1672.77,14,119.48357142857142,177
CUST_919,INV_7532,2024-05-15,77.5,electronics,cash on delivery,new,north,1715.16,15,114.34400000000001,174
CUST_316,INV_7533,2024-04-03,32.57,books,debit card,returning,east,1069.17,8,133.64625,175
CUST_380,INV_7534,2024-01-27,68.04,books,cash on delivery,loyal,east,1306.4,14,93.31428571428572,144
CUST_144,INV_7535,2024-06-03,57.38,electronics,cash on delivery,returning,south,870.74,9,96.74888888888889,156
CUST_326,INV_7536,2024-04-29,31.34,clothing,credit card,new,north,2143.43,15,142.89533333333333,119
CUST_362,INV_7537,2024-06-22,120.53,home,debit card,loyal,north,1155.73,12,96.31083333333333,167
CUST_49,INV_7538,2024-06-17,13.52,electronics,debit card,new,north,869.48,9,96.60888888888888,134
CUST_64,INV_7539,2024-01-25,5.45,electronics,cash on delivery,loyal,south,1123.87,14,80.27642857142857,167
CUST_354,INV_7540,2024-03-26,145.96,books,cash on delivery,new,south,1420.43,12,118.36916666666667,134
CUST_799,INV_7541,2024-05-25,109.64,beauty,credit card,returning,north,1536.08,16,96.005,175
CUST_163,INV_7542,2024-01-12,69.02,beauty,cash on delivery,returning,east,1121.61,13,86.2776923076923,130
CUST_140,INV_7543,2024-03-27,63.07,clothing,cash on delivery,returning,west,1463.55,14,104.53928571428571,160
CUST_965,INV_7544,2024-06-27,68.8,clothing,upi,new,north,680.35,8,85.04375,139
CUST_825,INV_7545,2024-04-18,57.45,clothing,debit card,loyal,north,775.45,9,86.16111111111111,155
CUST_127,INV_7546,2024-06-15,49.9,books,credit card,new,north,1051.28,13,80.86769230769231,162
CUST_397,INV_7547,2024-03-29,69.25,electronics,credit card,returning,east,692.7,8,86.5875,90
CUST_932,INV_7548,2024-01-10,75.19,clothing,cash on delivery,new,south,702.75,7,100.39285714285714,170
CUST_879,INV_7549,2024-03-14,117.73,books,debit card,loyal,west,846.73,6,141.12166666666667,151
CUST_462,INV_7550,2024-03-17,124.2,home,upi,returning,west,682.57,8,85.32125,165
CUST_750,INV_7551,2024-02-23,47.42,electronics,credit card,new,south,1289.12,13,99.16307692307691,171
CUST_835,INV_7552,2024-06-05,53.37,home,cash on delivery,returning,north,915.88,11,83.26181818181819,162
CUST_807,INV_7553,2024-04-11,46.79,beauty,debit card,new,north,190.21,7,27.172857142857143,144
CUST_186,INV_7554,2024-06-17,76.9,beauty,upi,new,west,943.8199999999999,12,78.65166666666666,161
CUST_719,INV_7555,2024-05-16,60.4,electronics,debit card,returning,west,1877.88,16,117.3675,140
CUST_731,INV_7556,2024-06-13,220.36,clothing,credit card,loyal,north,1332.29,12,111.02416666666666,153
CUST_911,INV_7557,2024-05-21,119.19,electronics,cash on delivery,returning,east,835.55,14,59.68214285714286,154
CUST_189,INV_7558,2024-04-10,228.92,clothing,cash on delivery,loyal,north,1748.28,14,124.87714285714286,171
CUST_387,INV_7559,2024-03-13,123.49,beauty,credit card,returning,east,872.6700000000001,10,87.26700000000001,155
CUST_428,INV_7560,2024-03-12,354.02,electronics,credit card,returning,north,1757.97,13,135.22846153846154,171
CUST_857,INV_7561,2024-06-15,100.99,electronics,debit card,returning,west,1238.11,13,95.23923076923076,128
CUST_283,INV_7562,2024-06-16,331.18,clothing,credit card,new,north,1223.8,10,122.38,171
CUST_863,INV_7563,2024-02-23,17.22,beauty,debit card,new,north,1743.0,12,145.25,141
CUST_236,INV_7564,2024-01-03,5.39,beauty,cash on delivery,loyal,south,1333.49,14,95.24928571428572,169
CUST_193,INV_7565,2024-04-20,86.54,clothing,upi,returning,north,1323.7,13,101.82307692307693,165
CUST_286,INV_7566,2024-06-09,410.4,clothing,cash on delivery,new,north,1970.11,12,164.17583333333332,155
CUST_770,INV_7567,2024-04-05,54.06,clothing,cash on delivery,new,north,1317.23,8,164.65375,82
CUST_757,INV_7568,2024-03-11,23.83,beauty,upi,returning,west,1097.94,17,64.58470588235295,170
CUST_135,INV_7569,2024-01-19,73.72,beauty,upi,returning,north,321.99,5,64.398,142
CUST_791,INV_7570,2024-02-03,104.64,electronics,upi,returning,east,862.3,11,78.39090909090909,159
CUST_782,INV_7571,2024-02-19,37.86,beauty,cash on delivery,loyal,east,1358.75,16,84.921875,170
CUST_170,INV_7572,2024-06-23,125.45,home,credit card,returning,north,2201.4,13,169.33846153846156,157
CUST_158,INV_7573,2024-02-15,369.35,home,cash on delivery,new,west,1210.0800000000002,9,134.45333333333335,138
CUST_200,INV_7574,2024-03-23,227.27,clothing,credit card,new,east,1145.51,15,76.36733333333333,178
CUST_486,INV_7575,2024-02-20,34.47,clothing,debit card,returning,north,786.74,7,112.39142857142858,170
CUST_556,INV_7576,2024-02-23,39.56,clothing,cash on delivery,loyal,north,779.64,11,70.87636363636364,134
CUST_961,INV_7577,2024-03-30,46.45,electronics,upi,loyal,east,792.14,15,52.809333333333335,165
CUST_775,INV_7578,2024-03-21,50.18,home,cash on delivery,new,west,1331.75,19,70.09210526315789,129
CUST_582,INV_7579,2024-04-27,10.57,home,cash on delivery,loyal,west,332.45,7,47.49285714285714,164
CUST_503,INV_7580,2024-06-04,143.53,beauty,upi,returning,east,1643.37,11,149.3972727272727,159
CUST_875,INV_7581,2024-01-19,45.47,home,debit card,loyal,north,625.1,10,62.510000000000005,162
CUST_370,INV_7582,2024-01-27,211.88,beauty,debit card,loyal,west,1717.41,10,171.741,145
CUST_102,INV_7583,2024-06-24,261.65,electronics,debit card,new,south,1174.56,8,146.82,153
CUST_124,INV_7584,2024-05-26,2.47,clothing,debit card,new,north,965.91,10,96.591,165
CUST_312,INV_7585,2024-06-27,446.57,clothing,cash on delivery,new,west,1643.46,13,126.42,152
CUST_975,INV_7586,2024-01-07,123.8,beauty,cash on delivery,loyal,north,646.1899999999999,9,71.79888888888888,171
CUST_994,INV_7587,2024-06-05,73.48,books,upi,new,south,440.69,7,62.955714285714286,154
CUST_797,INV_7588,2024-06-19,49.35,beauty,credit card,new,east,1604.42,11,145.85636363636365,161
CUST_457,INV_7589,2024-03-09,73.09,electronics,upi,loyal,south,453.36,6,75.56,111
CUST_229,INV_7590,2024-04-03,39.25,home,debit card,loyal,north,1002.8299999999999,8,125.35374999999999,111
CUST_657,INV_7591,2024-04-22,97.47,beauty,credit card,loyal,east,1862.21,16,116.388125,146
CUST_881,INV_7592,2024-04-16,9.76,electronics,upi,returning,south,900.24,9,100.02666666666667,79
CUST_196,INV_7593,2024-04-29,97.05,clothing,debit card,returning,west,595.04,6,99.17333333333333,114
CUST_884,INV_7594,2024-05-15,32.21,books,credit card,loyal,south,679.67,10,67.967,153
CUST_732,INV_7595,2024-06-18,1.78,books,credit card,new,north,586.39,9,65.15444444444444,176
CUST_422,INV_7596,2024-02-11,80.45,beauty,debit card,loyal,west,1065.8,6,177.63333333333333,139
CUST_571,INV_7597,2024-01-13,86.38,home,credit card,returning,south,964.01,9,107.11222222222221,119
CUST_609,INV_7598,2024-06-02,55.61,beauty,upi,new,north,2235.26,16,139.70375,177
CUST_170,INV_7599,2024-01-18,7.5,books,upi,returning,east,2201.4,13,169.33846153846156,157
CUST_381,INV_7600,2024-02-11,223.81,books,upi,returning,south,1291.66,10,129.166,129
CUST_172,INV_7601,2024-02-20,94.53,clothing,credit card,returning,east,765.0500000000001,11,69.55000000000001,160
CUST_662,INV_7602,2024-04-22,12.3,home,credit card,returning,west,1397.85,14,99.84642857142856,118
CUST_452,INV_7603,2024-05-23,71.53,home,debit card,new,east,1422.5,11,129.3181818181818,156
CUST_349,INV_7604,2024-04-10,68.77,books,debit card,loyal,north,406.13,10,40.613,159
CUST_901,INV_7605,2024-01-03,6.23,books,credit card,new,west,1474.79,12,122.89916666666666,165
CUST_951,INV_7606,2024-03-19,93.36,beauty,upi,loyal,south,1323.99,12,110.3325,141
CUST_633,INV_7607,2024-04-07,165.2,beauty,credit card,loyal,east,1314.47,13,101.11307692307693,161
CUST_493,INV_7608,2024-06-21,138.23,clothing,cash on delivery,new,west,1712.71,17,100.74764705882353,171
CUST_619,INV_7609,2024-05-29,22.69,books,upi,loyal,west,1679.21,13,129.17000000000002,165
CUST_3,INV_7610,2024-01-23,198.26,beauty,cash on delivery,new,south,433.44,5,86.688,143
CUST_92,INV_7611,2024-02-28,41.94,clothing,debit card,new,south,1036.66,13,79.74307692307693,129
CUST_918,INV_7612,2024-04-22,292.82,home,credit card,loyal,south,1603.97,14,114.56928571428571,169
CUST_5,INV_7613,2024-03-08,7.45,books,cash on delivery,loyal,south,376.16,7,53.737142857142864,140
CUST_287,INV_7614,2024-02-23,66.59,electronics,credit card,returning,east,1150.8600000000001,13,88.52769230769232,152
CUST_617,INV_7615,2024-02-26,90.91,books,cash on delivery,loyal,west,1079.01,13,83.00076923076924,122
CUST_145,INV_7616,2024-05-30,28.46,beauty,credit card,loyal,south,854.13,11,77.64818181818181,159
CUST_782,INV_7617,2024-04-20,147.57,books,upi,loyal,west,1358.75,16,84.921875,170
CUST_423,INV_7618,2024-02-29,98.59,electronics,debit card,new,west,496.1,10,49.61,162
CUST_889,INV_7619,2024-03-13,1.83,books,upi,returning,north,1265.12,10,126.51199999999999,144
CUST_607,INV_7620,2024-02-24,93.74,beauty,debit card,returning,north,1399.46,12,116.62166666666667,143
CUST_456,INV_7621,2024-04-26,67.62,home,upi,new,south,923.6800000000001,10,92.36800000000001,164
CUST_740,INV_7622,2024-03-03,21.82,beauty,debit card,loyal,south,683.99,8,85.49875,81
CUST_201,INV_7623,2024-02-24,546.04,clothing,upi,loyal,north,1577.01,9,175.22333333333333,175
CUST_211,INV_7624,2024-01-25,227.46,beauty,credit card,new,west,1284.27,8,160.53375,155
CUST_5,INV_7625,2024-01-26,34.6,clothing,upi,returning,south,376.16,7,53.737142857142864,140
CUST_623,INV_7626,2024-06-25,77.89,books,cash on delivery,new,east,1397.65,9,155.29444444444445,144
CUST_375,INV_7627,2024-03-03,38.05,clothing,cash on delivery,new,south,1246.71,14,89.05071428571429,148
CUST_890,INV_7628,2024-06-21,149.39,books,credit card,loyal,south,2004.37,19,105.49315789473684,170
CUST_446,INV_7629,2024-03-13,266.4,clothing,credit card,new,east,977.14,10,97.714,168
CUST_834,INV_7630,2024-03-19,44.45,beauty,credit card,new,south,1355.99,11,123.27181818181818,143
CUST_105,INV_7631,2024-06-15,163.78,electronics,cash on delivery,new,west,1413.3799999999999,12,117.78166666666665,153
CUST_650,INV_7632,2024-03-05,69.0,books,upi,loyal,east,461.28000000000003,8,57.660000000000004,136
CUST_810,INV_7633,2024-03-09,50.51,clothing,credit card,loyal,east,346.98,8,43.3725,116
CUST_400,INV_7634,2024-01-09,278.74,electronics,upi,returning,north,2887.32,18,160.40666666666667,165
CUST_95,INV_7635,2024-06-04,71.42,clothing,debit card,returning,west,922.15,11,83.83181818181818,172
CUST_387,INV_7636,2024-06-21,63.0,clothing,upi,returning,north,872.6700000000001,10,87.26700000000001,155
CUST_958,INV_7637,2024-01-26,111.61,clothing,upi,loyal,west,897.02,9,99.66888888888889,134
CUST_451,INV_7638,2024-01-28,30.28,beauty,cash on delivery,returning,south,920.62,11,83.69272727272727,161
CUST_848,INV_7639,2024-02-09,39.27,clothing,upi,new,north,2094.2799999999997,16,130.89249999999998,147
CUST_808,INV_7640,2024-05-22,268.89,electronics,cash on delivery,returning,south,407.65999999999997,3,135.88666666666666,17
CUST_978,INV_7641,2024-05-13,113.49,clothing,debit card,new,south,838.39,6,139.73166666666665,133
CUST_900,INV_7642,2024-01-27,175.24,home,cash on delivery,returning,north,1352.69,8,169.08625,151
CUST_415,INV_7643,2024-02-07,31.62,books,debit card,loyal,north,1779.05,10,177.905,132
CUST_725,INV_7644,2024-03-25,78.48,beauty,debit card,new,south,1953.04,22,88.77454545454545,130
CUST_503,INV_7645,2024-03-04,355.42,home,credit card,new,south,1643.37,11,149.3972727272727,159
CUST_453,INV_7646,2024-01-30,38.38,home,upi,loyal,west,746.74,8,93.3425,148
CUST_290,INV_7647,2024-04-08,17.49,electronics,upi,new,south,794.5799999999999,8,99.32249999999999,148
CUST_533,INV_7648,2024-05-10,71.52,electronics,credit card,returning,east,740.64,8,92.58,107
CUST_192,INV_7649,2024-01-12,49.07,beauty,credit card,loyal,south,993.54,9,110.39333333333333,161
CUST_979,INV_7650,2024-03-31,17.39,beauty,upi,new,south,943.08,10,94.308,123
CUST_149,INV_7651,2024-01-30,219.42,books,credit card,loyal,south,523.62,5,104.724,138
CUST_879,INV_7652,2024-02-07,468.03,clothing,credit card,new,north,846.73,6,141.12166666666667,151
CUST_758,INV_7653,2024-03-25,84.07,beauty,debit card,new,north,1520.67,12,126.72250000000001,150
CUST_778,INV_7654,2024-02-29,149.02,beauty,credit card,loyal,east,1093.84,13,84.14153846153846,154
CUST_972,INV_7655,2024-02-07,195.93,clothing,credit card,new,south,2206.61,18,122.58944444444445,154
CUST_762,INV_7656,2024-04-13,120.73,books,cash on delivery,returning,west,767.49,12,63.9575,149
CUST_514,INV_7657,2024-05-22,4.52,electronics,upi,returning,west,1404.29,10,140.429,167
CUST_392,INV_7658,2024-05-25,17.15,books,cash on delivery,new,south,828.34,10,82.834,126
CUST_315,INV_7659,2024-06-28,7.36,clothing,credit card,new,south,536.5,7,76.64285714285714,135
CUST_75,INV_7660,2024-01-29,0.99,electronics,credit card,returning,south,1046.33,12,87.19416666666666,147
CUST_598,INV_7661,2024-04-21,36.53,electronics,cash on delivery,new,south,1016.04,9,112.89333333333333,119
CUST_269,INV_7662,2024-01-21,49.82,electronics,credit card,new,south,1414.0900000000001,12,117.84083333333335,156
CUST_224,INV_7663,2024-05-24,27.58,books,debit card,loyal,north,835.81,11,75.98272727272727,150
CUST_529,INV_7664,2024-05-25,6.68,clothing,cash on delivery,loyal,east,973.99,12,81.16583333333334,133
CUST_112,INV_7665,2024-04-28,75.47,books,cash on delivery,returning,north,2010.72,18,111.70666666666666,160
CUST_250,INV_7666,2024-06-13,31.93,books,upi,returning,west,1687.99,12,140.66583333333332,171
CUST_232,INV_7667,2024-02-29,158.98,home,cash on delivery,loyal,north,1707.56,16,106.7225,153
CUST_840,INV_7668,2024-06-14,0.81,beauty,debit card,loyal,north,174.72,6,29.12,156
CUST_790,INV_7669,2024-05-19,184.85,books,credit card,returning,east,1002.99,11,91.1809090909091,137
CUST_713,INV_7670,2024-04-22,309.56,home,cash on delivery,returning,west,902.01,11,82.00090909090909,163
CUST_82,INV_7671,2024-05-08,125.93,clothing,cash on delivery,returning,west,1157.47,10,115.747,151
CUST_124,INV_7672,2024-02-27,132.29,home,upi,loyal,south,965.91,10,96.591,165
CUST_174,INV_7673,2024-01-03,271.15,books,upi,loyal,east,815.64,11,74.1490909090909,134
CUST_68,INV_7674,2024-05-28,23.45,clothing,credit card,new,north,1342.35,15,89.49,125
CUST_46,INV_7675,2024-01-23,521.5,home,cash on delivery,returning,north,1456.6399999999999,12,121.38666666666666,150
CUST_883,INV_7676,2024-05-16,148.49,books,debit card,new,north,1316.5900000000001,13,101.27615384615386,174
CUST_255,INV_7677,2024-03-23,129.67,clothing,credit card,returning,west,1107.01,10,110.701,101
CUST_726,INV_7678,2024-02-24,44.8,clothing,debit card,loyal,west,1882.9499999999998,14,134.49642857142857,160
CUST_29,INV_7679,2024-04-19,78.92,beauty,cash on delivery,returning,north,474.03,7,67.71857142857142,99
CUST_280,INV_7680,2024-04-25,106.11,books,credit card,returning,west,725.73,7,103.67571428571429,162
CUST_923,INV_7681,2024-05-26,96.85,beauty,upi,loyal,south,935.05,9,103.89444444444445,156
CUST_993,INV_7682,2024-03-02,122.07,clothing,upi,loyal,north,490.41,10,49.041000000000004,167
CUST_236,INV_7683,2024-03-27,8.6,clothing,debit card,returning,north,1333.49,14,95.24928571428572,169
CUST_247,INV_7684,2024-06-15,43.95,home,credit card,returning,south,871.75,9,96.86111111111111,159
CUST_367,INV_7685,2024-04-09,56.92,beauty,debit card,returning,west,1281.82,8,160.2275,117
CUST_494,INV_7686,2024-01-27,30.2,electronics,upi,returning,north,1187.8400000000001,10,118.78400000000002,140
CUST_24,INV_7687,2024-06-22,18.95,books,cash on delivery,returning,south,1497.66,16,93.60375,163
CUST_585,INV_7688,2024-02-03,14.96,beauty,upi,loyal,east,685.78,10,68.578,150
CUST_717,INV_7689,2024-02-02,45.63,clothing,cash on delivery,returning,south,1060.88,8,132.61,167
CUST_489,INV_7690,2024-04-01,68.01,home,debit card,loyal,north,1291.16,15,86.07733333333334,149
CUST_493,INV_7691,2024-04-05,6.5,books,debit card,new,south,1712.71,17,100.74764705882353,171
CUST_313,INV_7692,2024-06-26,292.73,books,debit card,new,west,2380.87,15,158.72466666666665,132
CUST_605,INV_7693,2024-05-27,144.92,home,cash on delivery,returning,north,1590.42,12,132.535,164
CUST_374,INV_7694,2024-06-16,131.25,clothing,debit card,new,north,1235.58,13,95.04461538461538,162
CUST_638,INV_7695,2024-04-04,18.98,electronics,debit card,loyal,west,1112.73,10,111.273,162
CUST_936,INV_7696,2024-06-07,92.58,home,credit card,new,west,1728.72,15,115.248,153
CUST_24,INV_7697,2024-02-07,75.44,electronics,cash on delivery,new,west,1497.66,16,93.60375,163
CUST_333,INV_7698,2024-06-21,404.38,beauty,debit card,loyal,east,1502.38,12,125.19833333333334,162
CUST_354,INV_7699,2024-02-10,137.7,books,debit card,returning,north,1420.43,12,118.36916666666667,134
CUST_115,INV_7700,2024-05-16,85.75,clothing,cash on delivery,loyal,north,515.52,10,51.552,133
CUST_47,INV_7701,2024-05-16,190.26,electronics,cash on delivery,loyal,north,1064.54,8,133.0675,157
CUST_737,INV_7702,2024-03-19,16.85,clothing,upi,returning,south,1151.37,11,104.66999999999999,159
CUST_777,INV_7703,2024-05-07,1.53,beauty,upi,loyal,north,627.48,11,57.04363636363637,172
CUST_98,INV_7704,2024-01-22,117.19,electronics,credit card,returning,north,1488.62,15,99.24133333333333,147
CUST_458,INV_7705,2024-01-16,10.35,clothing,debit card,loyal,west,1730.79,13,133.1376923076923,145
CUST_522,INV_7706,2024-02-01,12.27,clothing,cash on delivery,new,west,659.8299999999999,11,59.98454545454545,165
CUST_596,INV_7707,2024-05-21,136.52,beauty,debit card,returning,west,670.57,7,95.7957142857143,118
CUST_404,INV_7708,2024-02-07,31.54,home,upi,returning,north,401.87,13,30.913076923076922,161
CUST_213,INV_7709,2024-04-07,99.06,beauty,upi,new,west,783.45,10,78.345,103
CUST_684,INV_7710,2024-05-15,249.38,electronics,upi,new,east,2119.79,18,117.76611111111112,175
CUST_902,INV_7711,2024-01-21,38.05,electronics,cash on delivery,returning,west,1227.18,10,122.718,167
CUST_502,INV_7712,2024-02-25,24.48,books,debit card,new,east,948.38,12,79.03166666666667,165
CUST_720,INV_7713,2024-02-15,11.27,clothing,cash on delivery,loyal,south,1024.62,11,93.14727272727272,116
CUST_447,INV_7714,2024-02-12,13.98,electronics,debit card,loyal,east,962.81,7,137.5442857142857,104
CUST_893,INV_7715,2024-04-29,6.42,home,credit card,loyal,east,520.47,9,57.830000000000005,142
CUST_575,INV_7716,2024-02-15,9.17,home,upi,new,south,542.46,8,67.8075,137
CUST_257,INV_7717,2024-02-17,56.56,beauty,upi,new,east,431.55,7,61.65,153
CUST_843,INV_7718,2024-03-24,38.69,electronics,upi,new,north,735.54,9,81.72666666666666,112
CUST_120,INV_7719,2024-01-31,122.61,electronics,upi,returning,north,731.67,6,121.945,142
CUST_809,INV_7720,2024-06-09,204.21,books,cash on delivery,loyal,west,907.48,7,129.64000000000001,131
CUST_977,INV_7721,2024-06-20,153.61,books,upi,returning,west,804.0,9,89.33333333333333,111
CUST_53,INV_7722,2024-03-11,75.64,books,debit card,returning,west,1002.76,12,83.56333333333333,144
CUST_330,INV_7723,2024-01-08,10.81,electronics,debit card,returning,west,870.25,13,66.9423076923077,171
CUST_783,INV_7724,2024-05-09,123.71,beauty,upi,loyal,north,979.42,8,122.4275,141
CUST_240,INV_7725,2024-05-24,45.07,beauty,upi,loyal,west,453.83,6,75.63833333333334,98
CUST_754,INV_7726,2024-02-21,8.95,beauty,cash on delivery,loyal,east,524.78,7,74.96857142857142,139
CUST_529,INV_7727,2024-02-14,184.81,beauty,cash on delivery,new,south,973.99,12,81.16583333333334,133
CUST_482,INV_7728,2024-02-06,41.28,home,debit card,loyal,east,899.09,11,81.73545454545454,137
CUST_186,INV_7729,2024-06-18,24.62,electronics,debit card,new,south,943.8199999999999,12,78.65166666666666,161
CUST_857,INV_7730,2024-02-13,205.15,clothing,credit card,new,north,1238.11,13,95.23923076923076,128
CUST_655,INV_7731,2024-04-26,232.42,electronics,debit card,new,south,409.7,8,51.2125,142
CUST_261,INV_7732,2024-02-07,41.4,beauty,credit card,loyal,west,623.03,8,77.87875,141
CUST_952,INV_7733,2024-04-08,43.82,home,upi,loyal,north,1082.96,10,108.296,141
CUST_363,INV_7734,2024-05-03,86.66,home,upi,loyal,west,1494.74,16,93.42125,141
CUST_490,INV_7735,2024-01-06,132.22,electronics,upi,loyal,east,1049.44,11,95.40363636363637,179
CUST_430,INV_7736,2024-03-08,6.52,clothing,debit card,returning,east,792.87,9,88.09666666666666,145
CUST_238,INV_7737,2024-06-27,89.98,beauty,debit card,loyal,west,1383.87,12,115.32249999999999,130
CUST_303,INV_7738,2024-04-10,305.38,home,upi,loyal,south,1490.35,11,135.48636363636362,146
CUST_297,INV_7739,2024-06-11,30.39,beauty,cash on delivery,loyal,east,943.38,9,104.82,163
CUST_75,INV_7740,2024-05-13,239.5,beauty,upi,loyal,south,1046.33,12,87.19416666666666,147
CUST_699,INV_7741,2024-01-13,299.91,beauty,credit card,loyal,east,2424.12,16,151.5075,174
CUST_332,INV_7742,2024-01-30,31.36,books,cash on delivery,returning,west,570.24,6,95.04,152
CUST_899,INV_7743,2024-04-09,140.32,beauty,cash on delivery,returning,west,1282.45,12,106.87083333333334,155
CUST_998,INV_7744,2024-01-02,27.28,beauty,debit card,new,east,802.62,9,89.18,156
CUST_757,INV_7745,2024-02-27,133.79,clothing,debit card,new,east,1097.94,17,64.58470588235295,170
CUST_641,INV_7746,2024-02-05,159.66,clothing,credit card,loyal,south,1177.91,8,147.23875,167
CUST_473,INV_7747,2024-03-12,28.4,books,upi,new,south,1449.27,12,120.7725,163
CUST_826,INV_7748,2024-06-21,125.83,books,upi,returning,south,1230.2,9,136.6888888888889,163
CUST_922,INV_7749,2024-05-16,167.19,beauty,debit card,loyal,west,1106.43,13,85.11,142
CUST_282,INV_7750,2024-05-05,44.41,home,debit card,new,east,2115.36,18,117.52000000000001,148
CUST_590,INV_7751,2024-03-17,18.36,home,upi,new,north,609.6800000000001,7,87.09714285714287,65
CUST_71,INV_7752,2024-02-19,9.65,electronics,cash on delivery,returning,south,926.36,10,92.636,143
CUST_262,INV_7753,2024-02-01,85.66,home,credit card,loyal,north,639.98,7,91.42571428571429,147
CUST_702,INV_7754,2024-04-07,382.12,home,credit card,new,west,1241.85,8,155.23125,164
CUST_878,INV_7755,2024-02-12,173.13,clothing,credit card,returning,south,642.09,6,107.015,65
CUST_886,INV_7756,2024-05-04,57.24,electronics,debit card,loyal,south,1133.96,12,94.49666666666667,164
CUST_941,INV_7757,2024-04-04,76.92,electronics,cash on delivery,returning,north,796.67,10,79.667,166
CUST_574,INV_7758,2024-03-18,32.78,clothing,credit card,loyal,north,1145.9,15,76.39333333333335,157
CUST_999,INV_7759,2024-02-23,17.8,home,cash on delivery,loyal,east,517.4000000000001,4,129.35000000000002,167
CUST_891,INV_7760,2024-02-16,65.79,home,debit card,loyal,north,1044.83,10,104.48299999999999,139
CUST_11,INV_7761,2024-01-14,62.27,electronics,debit card,returning,west,2019.26,18,112.18111111111111,160
CUST_140,INV_7762,2024-06-24,73.8,home,upi,loyal,south,1463.55,14,104.53928571428571,160
CUST_765,INV_7763,2024-02-24,305.35,electronics,cash on delivery,new,north,629.97,5,125.994,141
CUST_554,INV_7764,2024-06-05,92.61,home,cash on delivery,loyal,west,467.72999999999996,5,93.54599999999999,124
CUST_16,INV_7765,2024-06-23,93.08,beauty,cash on delivery,loyal,north,875.55,13,67.35,151
CUST_62,INV_7766,2024-03-03,13.7,clothing,upi,returning,north,1103.34,10,110.33399999999999,145
CUST_252,INV_7767,2024-01-19,565.18,books,credit card,loyal,north,1610.4199999999998,14,115.02999999999999,170
CUST_464,INV_7768,2024-03-31,148.21,beauty,credit card,new,east,623.29,8,77.91125,121
CUST_375,INV_7769,2024-05-16,209.72,home,debit card,new,south,1246.71,14,89.05071428571429,148
CUST_803,INV_7770,2024-04-10,53.49,books,upi,loyal,south,917.4300000000001,14,65.5307142857143,157
CUST_980,INV_7771,2024-02-06,69.74,beauty,cash on delivery,returning,south,1345.78,11,122.34363636363636,143
CUST_519,INV_7772,2024-04-16,73.83,clothing,upi,new,east,1053.73,14,75.26642857142858,151
CUST_836,INV_7773,2024-04-01,21.58,books,debit card,returning,north,1783.42,12,148.61833333333334,164
CUST_89,INV_7774,2024-02-21,116.95,books,credit card,loyal,south,1903.25,14,135.94642857142858,151
CUST_719,INV_7775,2024-01-28,233.28,clothing,credit card,returning,south,1877.88,16,117.3675,140
CUST_803,INV_7776,2024-02-05,17.88,beauty,debit card,loyal,north,917.4300000000001,14,65.5307142857143,157
CUST_795,INV_7777,2024-04-25,9.03,books,upi,loyal,south,1477.78,11,134.34363636363636,157
CUST_629,INV_7778,2024-03-04,134.02,clothing,debit card,returning,north,1015.25,13,78.09615384615384,153
CUST_860,INV_7779,2024-01-18,31.91,beauty,cash on delivery,new,east,859.3199999999999,9,95.47999999999999,148
CUST_174,INV_7780,2024-03-29,97.78,home,cash on delivery,loyal,south,815.64,11,74.1490909090909,134
CUST_75,INV_7781,2024-06-11,118.99,electronics,debit card,loyal,south,1046.33,12,87.19416666666666,147
CUST_612,INV_7782,2024-03-18,38.85,home,cash on delivery,loyal,north,1710.26,16,106.89125,177
CUST_925,INV_7783,2024-06-15,168.82,home,cash on delivery,new,west,685.0,8,85.625,162
CUST_662,INV_7784,2024-03-30,79.85,electronics,credit card,new,east,1397.85,14,99.84642857142856,118
CUST_399,INV_7785,2024-01-08,203.26,home,upi,loyal,south,1224.99,9,136.11,155
CUST_781,INV_7786,2024-01-15,144.09,home,credit card,new,north,627.52,5,125.50399999999999,162
CUST_969,INV_7787,2024-01-07,202.93,clothing,credit card,returning,east,344.49,8,43.06125,153
CUST_70,INV_7788,2024-01-17,2.04,clothing,upi,returning,north,519.88,7,74.26857142857143,147
CUST_179,INV_7789,2024-03-26,27.91,beauty,credit card,returning,west,582.36,10,58.236000000000004,153
CUST_123,INV_7790,2024-04-27,9.43,books,cash on delivery,returning,south,2252.29,12,187.69083333333333,151
CUST_380,INV_7791,2024-03-04,58.35,beauty,debit card,loyal,west,1306.4,14,93.31428571428572,144
CUST_292,INV_7792,2024-01-12,220.69,clothing,debit card,returning,south,1356.77,9,150.75222222222223,141
CUST_796,INV_7793,2024-02-25,63.02,clothing,upi,new,west,1466.08,11,133.28,175
CUST_194,INV_7794,2024-06-22,189.52,electronics,debit card,loyal,south,1282.82,14,91.63,161
CUST_910,INV_7795,2024-06-23,39.63,electronics,debit card,new,north,983.23,10,98.32300000000001,151
CUST_227,INV_7796,2024-04-10,41.49,clothing,debit card,returning,east,477.6,9,53.06666666666667,175
CUST_430,INV_7797,2024-01-16,225.92,home,debit card,loyal,south,792.87,9,88.09666666666666,145
CUST_941,INV_7798,2024-01-02,55.48,beauty,credit card,loyal,south,796.67,10,79.667,166
CUST_435,INV_7799,2024-05-07,155.95,clothing,cash on delivery,loyal,north,852.01,12,71.00083333333333,173
CUST_786,INV_7800,2024-04-01,27.0,clothing,cash on delivery,returning,west,1196.88,13,92.06769230769231,155
CUST_460,INV_7801,2024-04-14,297.2,electronics,debit card,new,south,1047.09,7,149.5842857142857,119
CUST_617,INV_7802,2024-06-03,85.47,beauty,upi,loyal,west,1079.01,13,83.00076923076924,122
CUST_20,INV_7803,2024-01-31,142.43,beauty,credit card,new,north,1237.24,11,112.47636363636364,158
CUST_63,INV_7804,2024-06-17,9.38,books,debit card,returning,south,492.82,6,82.13666666666667,148
CUST_164,INV_7805,2024-06-12,67.86,clothing,debit card,returning,east,633.75,10,63.375,164
CUST_26,INV_7806,2024-02-16,231.3,books,upi,new,south,591.45,8,73.93125,155
CUST_310,INV_7807,2024-02-12,209.59,electronics,credit card,loyal,north,1082.74,9,120.30444444444444,153
CUST_284,INV_7808,2024-03-05,4.79,books,debit card,new,west,901.05,11,81.91363636363636,142
CUST_659,INV_7809,2024-02-19,36.2,home,upi,loyal,south,1856.52,14,132.60857142857142,164
CUST_280,INV_7810,2024-01-01,58.58,clothing,credit card,loyal,north,725.73,7,103.67571428571429,162
CUST_837,INV_7811,2024-05-23,18.91,clothing,credit card,new,north,747.28,9,83.0311111111111,122
CUST_830,INV_7812,2024-05-01,130.93,beauty,debit card,loyal,north,1706.6100000000001,14,121.9007142857143,146
CUST_163,INV_7813,2024-01-28,20.4,books,upi,loyal,west,1121.61,13,86.2776923076923,130
CUST_897,INV_7814,2024-03-26,42.56,beauty,upi,loyal,west,482.14,7,68.87714285714286,149
CUST_917,INV_7815,2024-03-22,108.85,books,debit card,returning,east,1029.23,7,147.03285714285715,153
CUST_223,INV_7816,2024-01-22,65.8,books,debit card,loyal,east,786.03,9,87.33666666666666,126
CUST_783,INV_7817,2024-02-10,134.16,electronics,debit card,new,south,979.42,8,122.4275,141
CUST_145,INV_7818,2024-03-16,324.95,books,upi,returning,north,854.13,11,77.64818181818181,159
CUST_964,INV_7819,2024-05-26,12.39,beauty,credit card,loyal,east,323.58,6,53.93,127
CUST_949,INV_7820,2024-03-29,123.64,books,debit card,returning,west,874.32,8,109.29,86
CUST_867,INV_7821,2024-06-26,26.18,books,cash on delivery,new,north,605.92,9,67.32444444444444,153
CUST_29,INV_7822,2024-02-28,53.52,clothing,cash on delivery,returning,south,474.03,7,67.71857142857142,99
CUST_44,INV_7823,2024-03-09,3.34,clothing,debit card,returning,north,367.18,7,52.45428571428572,157
CUST_786,INV_7824,2024-06-10,14.61,clothing,cash on delivery,loyal,east,1196.88,13,92.06769230769231,155
CUST_470,INV_7825,2024-06-15,38.53,home,credit card,new,east,1379.5900000000001,17,81.15235294117647,166
CUST_33,INV_7826,2024-05-02,41.85,clothing,credit card,new,north,463.83,4,115.9575,110
CUST_652,INV_7827,2024-03-14,229.84,home,cash on delivery,returning,west,1155.64,11,105.05818181818182,147
CUST_426,INV_7828,2024-01-07,135.41,home,upi,loyal,north,803.35,12,66.94583333333334,137
CUST_829,INV_7829,2024-04-10,358.21,beauty,debit card,returning,north,2524.41,11,229.49181818181816,150
CUST_885,INV_7830,2024-04-20,91.4,clothing,upi,returning,north,990.19,11,90.01727272727273,143
CUST_220,INV_7831,2024-06-28,27.67,books,credit card,returning,north,330.15999999999997,7,47.16571428571428,147
CUST_867,INV_7832,2024-02-21,39.7,electronics,cash on delivery,loyal,north,605.92,9,67.32444444444444,153
CUST_533,INV_7833,2024-01-24,38.54,books,debit card,returning,west,740.64,8,92.58,107
CUST_691,INV_7834,2024-01-26,39.53,clothing,cash on delivery,loyal,south,422.05,9,46.894444444444446,147
CUST_947,INV_7835,2024-05-04,111.77,books,cash on delivery,new,south,524.38,7,74.91142857142857,113
CUST_366,INV_7836,2024-03-30,75.67,clothing,upi,returning,east,1142.62,13,87.89384615384614,141
CUST_931,INV_7837,2024-05-01,48.68,clothing,upi,new,west,970.01,9,107.77888888888889,112
CUST_840,INV_7838,2024-01-10,16.14,books,cash on delivery,returning,north,174.72,6,29.12,156
CUST_742,INV_7839,2024-01-17,2.24,home,credit card,new,west,989.5600000000001,7,141.3657142857143,149
CUST_914,INV_7840,2024-01-02,24.7,beauty,debit card,loyal,south,1795.96,18,99.77555555555556,170
CUST_549,INV_7841,2024-04-21,11.37,beauty,cash on delivery,returning,north,1184.88,14,84.63428571428572,164
CUST_581,INV_7842,2024-01-27,153.92,beauty,cash on delivery,returning,west,1979.65,13,152.28076923076924,145
CUST_115,INV_7843,2024-03-11,11.93,beauty,cash on delivery,loyal,east,515.52,10,51.552,133
CUST_238,INV_7844,2024-06-24,128.82,electronics,cash on delivery,new,south,1383.87,12,115.32249999999999,130
CUST_334,INV_7845,2024-04-27,48.72,clothing,upi,new,north,1143.87,11,103.98818181818181,133
CUST_440,INV_7846,2024-01-09,7.62,electronics,upi,loyal,north,952.15,14,68.01071428571429,154
CUST_147,INV_7847,2024-03-26,167.52,beauty,credit card,new,north,897.03,11,81.54818181818182,162
CUST_8,INV_7848,2024-01-23,86.66,beauty,debit card,loyal,north,779.15,6,129.85833333333332,156
CUST_287,INV_7849,2024-03-13,26.89,books,cash on delivery,new,north,1150.8600000000001,13,88.52769230769232,152
CUST_387,INV_7850,2024-01-27,225.08,beauty,credit card,loyal,north,872.6700000000001,10,87.26700000000001,155
CUST_49,INV_7851,2024-04-02,4.63,clothing,upi,loyal,west,869.48,9,96.60888888888888,134
CUST_849,INV_7852,2024-03-21,22.54,beauty,debit card,loyal,east,1751.8999999999999,14,125.13571428571427,174
CUST_516,INV_7853,2024-03-24,139.45,beauty,credit card,loyal,west,1407.26,13,108.25076923076924,168
CUST_915,INV_7854,2024-02-12,123.57,electronics,debit card,new,west,779.0500000000001,9,86.56111111111112,125
CUST_854,INV_7855,2024-01-07,34.15,clothing,debit card,returning,north,992.4300000000001,13,76.34076923076924,171
CUST_637,INV_7856,2024-04-01,6.4,home,debit card,new,north,1027.08,13,79.00615384615384,145
CUST_586,INV_7857,2024-03-23,195.25,books,upi,loyal,west,725.16,7,103.5942857142857,129
CUST_676,INV_7858,2024-03-24,37.64,home,cash on delivery,returning,south,487.63,7,69.66142857142857,144
CUST_277,INV_7859,2024-02-13,21.78,electronics,debit card,returning,north,620.09,13,47.69923076923077,170
CUST_953,INV_7860,2024-06-15,72.58,beauty,credit card,new,north,781.53,8,97.69125,161
CUST_835,INV_7861,2024-02-09,241.05,books,debit card,loyal,south,915.88,11,83.26181818181819,162
CUST_988,INV_7862,2024-05-14,4.45,clothing,debit card,loyal,west,415.75000000000006,7,59.39285714285715,138
CUST_299,INV_7863,2024-01-25,145.16,books,upi,loyal,south,292.94,5,58.588,147
CUST_801,INV_7864,2024-02-28,84.97,electronics,credit card,loyal,north,1939.41,12,161.6175,136
CUST_588,INV_7865,2024-05-20,55.42,beauty,debit card,loyal,east,1285.54,10,128.554,163
CUST_809,INV_7866,2024-04-12,136.29,electronics,upi,returning,south,907.48,7,129.64000000000001,131
CUST_648,INV_7867,2024-03-26,337.62,clothing,upi,new,south,1229.63,9,136.62555555555556,135
CUST_617,INV_7868,2024-04-21,26.03,home,cash on delivery,new,north,1079.01,13,83.00076923076924,122
CUST_606,INV_7869,2024-03-26,15.51,beauty,cash on delivery,new,south,1199.92,13,92.30153846153847,152
CUST_134,INV_7870,2024-04-07,244.05,beauty,cash on delivery,returning,north,611.79,7,87.39857142857143,125
CUST_579,INV_7871,2024-03-02,110.55,electronics,debit card,returning,east,1594.01,11,144.91,165
CUST_146,INV_7872,2024-01-08,57.62,electronics,debit card,new,east,1396.88,13,107.4523076923077,172
CUST_489,INV_7873,2024-04-22,85.16,electronics,debit card,returning,west,1291.16,15,86.07733333333334,149
CUST_477,INV_7874,2024-06-21,136.89,beauty,upi,returning,north,772.8199999999999,7,110.40285714285713,171
CUST_158,INV_7875,2024-05-25,148.29,electronics,debit card,new,east,1210.0800000000002,9,134.45333333333335,138
CUST_383,INV_7876,2024-02-29,252.44,books,upi,returning,north,1846.6,12,153.88333333333333,151
CUST_162,INV_7877,2024-02-29,55.66,books,credit card,loyal,south,1730.47,10,173.047,153
CUST_440,INV_7878,2024-04-15,34.73,books,debit card,new,south,952.15,14,68.01071428571429,154
CUST_852,INV_7879,2024-01-02,102.07,beauty,credit card,new,north,1323.13,13,101.77923076923078,126
CUST_188,INV_7880,2024-03-31,53.74,electronics,cash on delivery,new,north,811.53,9,90.17,94
CUST_414,INV_7881,2024-01-14,90.29,clothing,credit card,new,south,542.9,7,77.55714285714285,155
CUST_338,INV_7882,2024-02-17,54.47,electronics,credit card,returning,north,1012.3600000000001,9,112.48444444444446,154
CUST_606,INV_7883,2024-04-12,16.6,beauty,upi,new,south,1199.92,13,92.30153846153847,152
CUST_180,INV_7884,2024-02-25,63.38,books,upi,loyal,west,722.1800000000001,8,90.27250000000001,171
CUST_287,INV_7885,2024-01-12,117.41,beauty,upi,returning,west,1150.8600000000001,13,88.52769230769232,152
CUST_833,INV_7886,2024-02-24,160.59,electronics,upi,returning,west,1352.11,9,150.23444444444442,143
CUST_186,INV_7887,2024-06-04,67.99,beauty,cash on delivery,new,north,943.8199999999999,12,78.65166666666666,161
CUST_883,INV_7888,2024-04-19,18.06,clothing,credit card,returning,south,1316.5900000000001,13,101.27615384615386,174
CUST_137,INV_7889,2024-01-04,53.56,beauty,cash on delivery,returning,east,761.34,7,108.76285714285714,127
CUST_129,INV_7890,2024-02-05,154.32,home,cash on delivery,returning,east,1389.36,17,81.7270588235294,163
CUST_193,INV_7891,2024-06-26,53.25,beauty,upi,new,south,1323.7,13,101.82307692307693,165
CUST_315,INV_7892,2024-05-10,119.25,electronics,credit card,loyal,south,536.5,7,76.64285714285714,135
CUST_983,INV_7893,2024-01-01,70.77,home,credit card,new,south,1420.05,15,94.67,178
CUST_784,INV_7894,2024-01-17,27.6,books,cash on delivery,loyal,south,1441.15,13,110.85769230769232,156
CUST_863,INV_7895,2024-03-02,159.04,electronics,upi,returning,south,1743.0,12,145.25,141
CUST_143,INV_7896,2024-02-17,8.8,clothing,cash on delivery,loyal,east,1385.37,14,98.955,149
CUST_15,INV_7897,2024-03-02,74.42,beauty,credit card,new,west,761.0699999999999,8,95.13374999999999,138
CUST_301,INV_7898,2024-03-09,23.43,beauty,upi,new,south,731.7,15,48.78,158
CUST_422,INV_7899,2024-05-26,6.94,electronics,cash on delivery,new,north,1065.8,6,177.63333333333333,139
CUST_244,INV_7900,2024-04-12,69.9,beauty,credit card,returning,west,845.55,9,93.94999999999999,168
CUST_926,INV_7901,2024-04-19,69.23,beauty,debit card,loyal,east,976.71,8,122.08875,158
CUST_106,INV_7902,2024-06-10,122.72,books,upi,new,south,1046.54,8,130.8175,138
CUST_87,INV_7903,2024-06-25,136.55,beauty,credit card,new,north,869.63,11,79.05727272727273,164
CUST_128,INV_7904,2024-06-23,130.12,beauty,upi,new,east,1228.05,16,76.753125,176
CUST_906,INV_7905,2024-03-31,52.69,books,credit card,returning,west,992.6,7,141.8,172
CUST_886,INV_7906,2024-04-23,99.88,beauty,upi,new,west,1133.96,12,94.49666666666667,164
CUST_340,INV_7907,2024-06-26,86.03,books,debit card,returning,north,709.45,9,78.82777777777778,168
CUST_3,INV_7908,2024-03-29,54.74,clothing,cash on delivery,returning,south,433.44,5,86.688,143
CUST_326,INV_7909,2024-06-02,90.93,beauty,cash on delivery,new,north,2143.43,15,142.89533333333333,119
CUST_409,INV_7910,2024-02-25,294.22,electronics,cash on delivery,returning,north,831.6800000000001,8,103.96000000000001,142
CUST_878,INV_7911,2024-03-18,21.43,home,debit card,returning,east,642.09,6,107.015,65
CUST_305,INV_7912,2024-01-14,236.2,clothing,upi,new,north,1482.96,10,148.296,141
CUST_907,INV_7913,2024-01-25,5.49,beauty,upi,new,north,277.95,6,46.324999999999996,143
CUST_606,INV_7914,2024-05-11,36.87,electronics,credit card,loyal,west,1199.92,13,92.30153846153847,152
CUST_720,INV_7915,2024-02-01,33.99,home,credit card,new,east,1024.62,11,93.14727272727272,116
CUST_224,INV_7916,2024-03-22,98.45,books,upi,loyal,south,835.81,11,75.98272727272727,150
CUST_970,INV_7917,2024-03-18,14.07,beauty,debit card,loyal,west,1611.8600000000001,13,123.98923076923077,143
CUST_347,INV_7918,2024-04-15,214.0,books,debit card,loyal,north,974.64,11,88.60363636363637,136
CUST_991,INV_7919,2024-01-20,176.35,clothing,cash on delivery,new,south,640.42,9,71.15777777777777,167
CUST_320,INV_7920,2024-03-14,105.57,home,cash on delivery,loyal,east,622.88,8,77.86,121
CUST_558,INV_7921,2024-01-10,61.33,home,cash on delivery,loyal,west,1012.74,15,67.516,163
CUST_987,INV_7922,2024-05-02,270.24,books,upi,loyal,south,1846.98,17,108.64588235294117,171
CUST_180,INV_7923,2024-02-03,177.64,books,credit card,new,north,722.1800000000001,8,90.27250000000001,171
CUST_617,INV_7924,2024-06-03,69.18,clothing,upi,new,north,1079.01,13,83.00076923076924,122
CUST_710,INV_7925,2024-02-09,121.02,electronics,upi,new,south,477.51,6,79.585,132
CUST_385,INV_7926,2024-05-06,83.69,beauty,debit card,new,west,1210.29,13,93.09923076923077,157
CUST_617,INV_7927,2024-02-02,88.66,electronics,debit card,returning,south,1079.01,13,83.00076923076924,122
CUST_791,INV_7928,2024-03-11,40.19,home,credit card,new,north,862.3,11,78.39090909090909,159
CUST_771,INV_7929,2024-05-16,62.01,beauty,credit card,loyal,east,968.77,12,80.73083333333334,170
CUST_107,INV_7930,2024-05-23,8.13,clothing,upi,new,west,1401.55,10,140.155,176
CUST_530,INV_7931,2024-05-12,44.22,electronics,upi,returning,north,575.49,6,95.915,170
CUST_409,INV_7932,2024-04-07,119.02,electronics,upi,returning,north,831.6800000000001,8,103.96000000000001,142
CUST_970,INV_7933,2024-05-03,306.22,beauty,upi,returning,south,1611.8600000000001,13,123.98923076923077,143
CUST_295,INV_7934,2024-05-30,329.86,clothing,debit card,new,north,1865.1,14,133.22142857142856,162
CUST_817,INV_7935,2024-02-12,81.13,clothing,cash on delivery,returning,west,212.51,5,42.501999999999995,118
CUST_170,INV_7936,2024-04-23,93.3,electronics,cash on delivery,returning,south,2201.4,13,169.33846153846156,157
CUST_330,INV_7937,2024-03-29,20.55,electronics,cash on delivery,returning,east,870.25,13,66.9423076923077,171
CUST_492,INV_7938,2024-06-27,118.85,books,credit card,new,north,636.61,10,63.661,159
CUST_194,INV_7939,2024-01-13,7.33,beauty,credit card,returning,west,1282.82,14,91.63,161
CUST_11,INV_7940,2024-05-07,33.5,clothing,credit card,returning,west,2019.26,18,112.18111111111111,160
CUST_194,INV_7941,2024-05-31,110.37,home,credit card,loyal,east,1282.82,14,91.63,161
CUST_489,INV_7942,2024-05-18,37.15,beauty,debit card,loyal,west,1291.16,15,86.07733333333334,149
CUST_794,INV_7943,2024-02-21,5.11,books,upi,loyal,west,537.71,9,59.74555555555556,177
CUST_880,INV_7944,2024-01-17,178.3,beauty,credit card,returning,east,1739.45,16,108.715625,135
CUST_181,INV_7945,2024-06-13,37.15,electronics,cash on delivery,loyal,north,1221.8700000000001,12,101.8225,149
CUST_961,INV_7946,2024-01-13,6.52,beauty,credit card,new,west,792.14,15,52.809333333333335,165
CUST_816,INV_7947,2024-03-24,7.77,beauty,cash on delivery,loyal,south,870.73,13,66.97923076923077,147
CUST_655,INV_7948,2024-04-06,29.0,beauty,upi,new,west,409.7,8,51.2125,142
CUST_897,INV_7949,2024-04-15,19.6,home,debit card,loyal,south,482.14,7,68.87714285714286,149
CUST_315,INV_7950,2024-04-05,148.85,books,debit card,loyal,west,536.5,7,76.64285714285714,135
CUST_693,INV_7951,2024-01-08,38.81,beauty,credit card,loyal,north,1090.33,9,121.14777777777778,156
CUST_29,INV_7952,2024-02-25,163.32,beauty,credit card,new,west,474.03,7,67.71857142857142,99
CUST_595,INV_7953,2024-04-13,19.1,home,cash on delivery,new,south,1111.22,13,85.47846153846154,179
CUST_677,INV_7954,2024-03-23,67.9,clothing,credit card,loyal,west,1648.2,8,206.025,146
CUST_795,INV_7955,2024-02-13,116.49,beauty,debit card,new,south,1477.78,11,134.34363636363636,157
CUST_792,INV_7956,2024-04-12,105.55,beauty,credit card,loyal,east,743.33,8,92.91625,119
CUST_95,INV_7957,2024-04-21,91.91,clothing,cash on delivery,returning,west,922.15,11,83.83181818181818,172
CUST_380,INV_7958,2024-06-17,258.79,beauty,upi,returning,west,1306.4,14,93.31428571428572,144
CUST_777,INV_7959,2024-05-28,25.95,beauty,debit card,returning,south,627.48,11,57.04363636363637,172
CUST_443,INV_7960,2024-02-11,68.07,beauty,debit card,new,south,1208.88,8,151.11,126
CUST_297,INV_7961,2024-06-05,215.41,books,upi,returning,north,943.38,9,104.82,163
CUST_807,INV_7962,2024-05-24,8.11,electronics,upi,loyal,east,190.21,7,27.172857142857143,144
CUST_736,INV_7963,2024-01-30,5.75,books,debit card,loyal,south,777.28,6,129.54666666666665,122
CUST_844,INV_7964,2024-01-26,26.57,clothing,cash on delivery,new,north,937.66,9,104.18444444444444,152
CUST_360,INV_7965,2024-05-04,100.25,books,cash on delivery,loyal,south,1133.4299999999998,11,103.03909090909089,83
CUST_373,INV_7966,2024-01-19,30.09,books,credit card,returning,east,597.16,8,74.645,112
CUST_553,INV_7967,2024-02-22,21.1,home,cash on delivery,loyal,east,1940.8,15,129.38666666666666,147
CUST_302,INV_7968,2024-03-25,61.4,clothing,debit card,new,east,1727.23,14,123.37357142857142,155
CUST_420,INV_7969,2024-01-17,95.09,clothing,credit card,loyal,east,633.8100000000001,10,63.38100000000001,146
CUST_245,INV_7970,2024-06-22,28.58,clothing,cash on delivery,loyal,west,731.02,10,73.102,168
CUST_719,INV_7971,2024-04-13,35.77,books,upi,returning,east,1877.88,16,117.3675,140
CUST_236,INV_7972,2024-04-14,95.08,clothing,cash on delivery,new,east,1333.49,14,95.24928571428572,169
CUST_533,INV_7973,2024-04-13,291.39,home,credit card,returning,north,740.64,8,92.58,107
CUST_184,INV_7974,2024-06-21,112.31,beauty,upi,loyal,east,638.32,8,79.79,128
CUST_467,INV_7975,2024-06-25,152.74,books,credit card,new,south,728.05,6,121.34166666666665,158
CUST_753,INV_7976,2024-05-26,45.7,beauty,credit card,loyal,south,1313.51,10,131.351,109
CUST_362,INV_7977,2024-05-03,31.78,beauty,upi,loyal,south,1155.73,12,96.31083333333333,167
CUST_282,INV_7978,2024-03-21,60.56,books,credit card,returning,west,2115.36,18,117.52000000000001,148
CUST_552,INV_7979,2024-02-06,164.58,books,debit card,loyal,south,966.34,10,96.634,166
CUST_335,INV_7980,2024-04-30,60.94,clothing,credit card,new,east,1313.5,11,119.4090909090909,107
CUST_161,INV_7981,2024-03-10,187.55,home,debit card,new,west,788.74,12,65.72833333333334,173
CUST_159,INV_7982,2024-06-02,448.93,books,upi,returning,east,1512.87,10,151.28699999999998,156
CUST_473,INV_7983,2024-05-09,7.48,beauty,credit card,returning,north,1449.27,12,120.7725,163
CUST_600,INV_7984,2024-02-28,4.65,books,cash on delivery,new,east,1760.6799999999998,14,125.76285714285713,168
CUST_321,INV_7985,2024-04-27,16.2,home,credit card,returning,south,427.93,6,71.32166666666667,120
CUST_11,INV_7986,2024-05-12,48.51,electronics,debit card,loyal,north,2019.26,18,112.18111111111111,160
CUST_423,INV_7987,2024-02-06,14.05,beauty,debit card,new,north,496.1,10,49.61,162
CUST_72,INV_7988,2024-01-31,204.53,electronics,cash on delivery,returning,north,2477.25,19,130.3815789473684,176
CUST_587,INV_7989,2024-04-08,2.34,electronics,upi,new,north,1142.67,14,81.61928571428572,176
CUST_857,INV_7990,2024-04-03,37.95,home,debit card,loyal,west,1238.11,13,95.23923076923076,128
CUST_200,INV_7991,2024-06-24,20.42,books,debit card,returning,east,1145.51,15,76.36733333333333,178
CUST_521,INV_7992,2024-01-06,268.15,electronics,debit card,new,north,1074.26,7,153.46571428571428,129
CUST_863,INV_7993,2024-01-15,110.71,clothing,credit card,loyal,west,1743.0,12,145.25,141
CUST_504,INV_7994,2024-05-22,243.08,books,credit card,returning,west,1310.05,11,119.09545454545454,156
CUST_737,INV_7995,2024-01-16,358.74,beauty,credit card,new,west,1151.37,11,104.66999999999999,159
CUST_687,INV_7996,2024-01-20,68.74,books,credit card,loyal,east,1128.25,12,94.02083333333333,89
CUST_787,INV_7997,2024-03-17,26.7,home,credit card,loyal,north,262.3,6,43.71666666666667,143
CUST_38,INV_7998,2024-02-13,21.53,home,cash on delivery,loyal,east,1482.14,19,78.00736842105263,161
CUST_59,INV_7999,2024-06-18,25.22,beauty,debit card,loyal,west,380.88,7,54.41142857142857,113
CUST_577,INV_8000,2024-02-15,123.3,beauty,cash on delivery,loyal,west,526.32,8,65.79,137
CUST_320,INV_8001,2024-04-04,4.13,beauty,debit card,returning,east,622.88,8,77.86,121
CUST_434,INV_8002,2024-06-10,5.27,home,credit card,loyal,west,1873.11,16,117.069375,161
CUST_635,INV_8003,2024-03-04,93.69,books,credit card,returning,west,338.47,5,67.694,111
CUST_675,INV_8004,2024-06-05,102.74,electronics,upi,returning,south,1513.6100000000001,13,116.43153846153847,143
CUST_407,INV_8005,2024-05-10,109.44,electronics,upi,new,west,917.11,9,101.9011111111111,106
CUST_922,INV_8006,2024-01-09,46.5,clothing,cash on delivery,new,east,1106.43,13,85.11,142
CUST_385,INV_8007,2024-06-01,163.96,home,debit card,returning,north,1210.29,13,93.09923076923077,157
CUST_670,INV_8008,2024-02-11,76.28,beauty,cash on delivery,loyal,north,174.01999999999998,2,87.00999999999999,36
CUST_568,INV_8009,2024-06-22,11.15,books,upi,loyal,east,368.41,8,46.05125,172
CUST_77,INV_8010,2024-03-13,159.5,home,debit card,returning,east,547.69,10,54.769000000000005,140
CUST_193,INV_8011,2024-03-24,305.91,clothing,cash on delivery,loyal,west,1323.7,13,101.82307692307693,165
CUST_284,INV_8012,2024-02-28,6.19,electronics,upi,returning,east,901.05,11,81.91363636363636,142
CUST_526,INV_8013,2024-01-21,49.65,books,credit card,new,east,474.71,7,67.81571428571428,135
CUST_523,INV_8014,2024-05-29,66.85,electronics,cash on delivery,loyal,west,1222.61,11,111.14636363636363,172
CUST_612,INV_8015,2024-06-05,15.84,books,credit card,loyal,south,1710.26,16,106.89125,177
CUST_155,INV_8016,2024-03-03,202.28,beauty,cash on delivery,loyal,south,952.72,14,68.05142857142857,160
CUST_339,INV_8017,2024-03-13,33.43,books,debit card,new,west,857.42,12,71.45166666666667,155
CUST_124,INV_8018,2024-03-01,152.79,beauty,debit card,loyal,south,965.91,10,96.591,165
CUST_870,INV_8019,2024-03-04,111.17,home,debit card,returning,south,1217.66,12,101.47166666666668,169
CUST_279,INV_8020,2024-03-09,91.14,electronics,debit card,loyal,west,696.17,7,99.45285714285714,162
CUST_916,INV_8021,2024-06-16,21.34,books,upi,returning,south,1850.32,16,115.645,127
CUST_905,INV_8022,2024-05-08,24.94,books,credit card,loyal,east,1365.3600000000001,11,124.12363636363638,133
CUST_621,INV_8023,2024-04-15,4.85,clothing,upi,returning,south,1010.19,11,91.83545454545455,172
CUST_845,INV_8024,2024-03-05,27.54,electronics,cash on delivery,new,south,789.13,9,87.68111111111111,163
CUST_868,INV_8025,2024-05-01,42.38,home,cash on delivery,loyal,east,823.44,10,82.34400000000001,168
CUST_657,INV_8026,2024-03-02,179.06,beauty,credit card,new,east,1862.21,16,116.388125,146
CUST_727,INV_8027,2024-04-12,45.63,home,credit card,new,north,1229.15,12,102.42916666666667,160
CUST_909,INV_8028,2024-02-29,140.5,clothing,upi,loyal,west,1021.12,7,145.87428571428572,160
CUST_673,INV_8029,2024-02-15,57.88,home,debit card,loyal,north,1697.43,10,169.743,139
CUST_127,INV_8030,2024-01-05,153.65,beauty,upi,returning,north,1051.28,13,80.86769230769231,162
CUST_313,INV_8031,2024-04-22,374.11,electronics,upi,loyal,south,2380.87,15,158.72466666666665,132
CUST_331,INV_8032,2024-05-29,27.42,clothing,cash on delivery,loyal,east,887.69,7,126.81285714285715,126
CUST_149,INV_8033,2024-03-10,198.3,books,upi,returning,north,523.62,5,104.724,138
CUST_453,INV_8034,2024-06-08,97.24,books,credit card,returning,west,746.74,8,93.3425,148
CUST_35,INV_8035,2024-01-11,169.99,electronics,debit card,loyal,north,470.48,6,78.41333333333334,153
CUST_684,INV_8036,2024-05-17,105.44,home,cash on delivery,loyal,south,2119.79,18,117.76611111111112,175
CUST_419,INV_8037,2024-06-15,55.16,books,credit card,loyal,north,1069.12,15,71.27466666666666,166
CUST_21,INV_8038,2024-04-07,25.89,clothing,cash on delivery,new,east,1068.97,15,71.26466666666667,156
CUST_205,INV_8039,2024-01-31,7.26,beauty,upi,new,east,1322.57,13,101.73615384615384,175
CUST_638,INV_8040,2024-01-12,76.68,home,upi,loyal,west,1112.73,10,111.273,162
CUST_847,INV_8041,2024-04-17,463.83,beauty,credit card,returning,north,1753.78,11,159.43454545454546,147
CUST_956,INV_8042,2024-03-20,133.96,home,credit card,loyal,east,1002.25,9,111.36111111111111,128
CUST_355,INV_8043,2024-06-14,39.65,clothing,cash on delivery,loyal,north,1291.94,10,129.19400000000002,158
CUST_439,INV_8044,2024-03-07,175.56,beauty,debit card,new,north,1140.03,10,114.003,162
CUST_728,INV_8045,2024-02-21,146.53,clothing,cash on delivery,loyal,east,808.54,9,89.83777777777777,142
CUST_95,INV_8046,2024-05-12,33.08,beauty,upi,loyal,east,922.15,11,83.83181818181818,172
CUST_928,INV_8047,2024-05-18,1.44,home,credit card,new,south,1642.5,21,78.21428571428571,169
CUST_940,INV_8048,2024-01-25,12.57,clothing,credit card,new,south,330.98,6,55.163333333333334,121
CUST_163,INV_8049,2024-02-04,209.81,home,cash on delivery,returning,west,1121.61,13,86.2776923076923,130
CUST_147,INV_8050,2024-06-11,181.13,home,credit card,returning,west,897.03,11,81.54818181818182,162
CUST_529,INV_8051,2024-01-22,34.99,beauty,credit card,returning,west,973.99,12,81.16583333333334,133
CUST_293,INV_8052,2024-06-13,33.57,beauty,upi,loyal,north,1691.33,13,130.10230769230768,168
CUST_194,INV_8053,2024-04-05,157.44,clothing,debit card,returning,west,1282.82,14,91.63,161
CUST_662,INV_8054,2024-04-26,277.64,books,credit card,new,east,1397.85,14,99.84642857142856,118
CUST_479,INV_8055,2024-01-20,151.02,electronics,credit card,returning,west,1529.98,12,127.49833333333333,144
CUST_876,INV_8056,2024-04-15,93.03,beauty,cash on delivery,loyal,north,1446.61,14,103.3292857142857,158
CUST_122,INV_8057,2024-01-04,27.8,home,debit card,loyal,south,1014.54,7,144.93428571428572,145
CUST_399,INV_8058,2024-01-18,74.6,electronics,upi,returning,north,1224.99,9,136.11,155
CUST_698,INV_8059,2024-02-20,26.59,clothing,credit card,loyal,east,1683.8300000000002,15,112.25533333333334,111
CUST_964,INV_8060,2024-01-20,165.03,electronics,debit card,loyal,west,323.58,6,53.93,127
CUST_451,INV_8061,2024-05-01,48.93,electronics,debit card,loyal,west,920.62,11,83.69272727272727,161
CUST_660,INV_8062,2024-05-16,179.39,books,cash on delivery,returning,east,1775.47,16,110.966875,162
CUST_103,INV_8063,2024-03-20,48.06,books,upi,loyal,west,1251.99,14,89.42785714285715,172
CUST_754,INV_8064,2024-06-02,173.81,electronics,debit card,returning,south,524.78,7,74.96857142857142,139
CUST_461,INV_8065,2024-04-11,40.54,books,upi,returning,north,875.0799999999999,8,109.38499999999999,151
CUST_742,INV_8066,2024-01-25,58.01,books,debit card,loyal,north,989.5600000000001,7,141.3657142857143,149
CUST_990,INV_8067,2024-06-17,95.58,electronics,credit card,returning,east,1127.03,8,140.87875,141
CUST_717,INV_8068,2024-02-28,7.29,beauty,upi,returning,south,1060.88,8,132.61,167
CUST_709,INV_8069,2024-02-14,296.05,books,cash on delivery,loyal,east,1134.6100000000001,11,103.14636363636365,147
CUST_395,INV_8070,2024-02-10,85.24,electronics,debit card,loyal,east,394.9,7,56.41428571428571,154
CUST_911,INV_8071,2024-02-07,70.89,beauty,credit card,returning,south,835.55,14,59.68214285714286,154
CUST_336,INV_8072,2024-04-26,182.88,books,debit card,new,east,1099.62,10,109.96199999999999,128
CUST_598,INV_8073,2024-01-19,200.81,electronics,credit card,new,north,1016.04,9,112.89333333333333,119
CUST_141,INV_8074,2024-01-14,73.87,books,upi,new,west,251.05,5,50.21,81
CUST_316,INV_8075,2024-05-06,262.09,beauty,cash on delivery,new,north,1069.17,8,133.64625,175
CUST_710,INV_8076,2024-05-28,6.69,electronics,credit card,returning,west,477.51,6,79.585,132
CUST_557,INV_8077,2024-05-22,12.02,beauty,debit card,loyal,west,1240.24,14,88.58857142857143,126
CUST_799,INV_8078,2024-01-03,90.83,home,credit card,new,north,1536.08,16,96.005,175
CUST_526,INV_8079,2024-02-06,43.71,clothing,credit card,loyal,east,474.71,7,67.81571428571428,135
CUST_555,INV_8080,2024-04-26,62.4,home,cash on delivery,new,south,1410.72,14,100.76571428571428,147
CUST_400,INV_8081,2024-06-22,39.76,books,upi,new,west,2887.32,18,160.40666666666667,165
CUST_680,INV_8082,2024-01-16,51.87,beauty,credit card,new,south,853.41,11,77.58272727272727,169
CUST_309,INV_8083,2024-05-21,172.96,electronics,credit card,loyal,south,643.33,8,80.41625,164
CUST_494,INV_8084,2024-01-09,90.01,beauty,debit card,loyal,west,1187.8400000000001,10,118.78400000000002,140
CUST_555,INV_8085,2024-01-07,593.11,books,debit card,new,south,1410.72,14,100.76571428571428,147
CUST_609,INV_8086,2024-05-21,154.59,electronics,upi,loyal,south,2235.26,16,139.70375,177
CUST_772,INV_8087,2024-05-13,31.97,home,upi,new,east,330.18999999999994,4,82.54749999999999,122
CUST_108,INV_8088,2024-01-15,30.7,beauty,upi,returning,south,1502.8700000000001,15,100.19133333333335,150
CUST_794,INV_8089,2024-06-28,40.93,clothing,debit card,loyal,north,537.71,9,59.74555555555556,177
CUST_371,INV_8090,2024-03-12,185.32,books,credit card,new,west,502.57,5,100.514,88
CUST_854,INV_8091,2024-06-10,2.77,books,upi,returning,east,992.4300000000001,13,76.34076923076924,171
CUST_615,INV_8092,2024-04-13,26.16,beauty,debit card,returning,north,1607.96,11,146.17818181818183,125
CUST_767,INV_8093,2024-05-08,235.3,home,debit card,new,south,957.02,10,95.702,163
CUST_890,INV_8094,2024-04-05,102.14,home,upi,returning,south,2004.37,19,105.49315789473684,170
CUST_205,INV_8095,2024-05-01,25.73,clothing,debit card,returning,north,1322.57,13,101.73615384615384,175
CUST_846,INV_8096,2024-04-24,24.74,clothing,credit card,new,north,982.58,7,140.36857142857144,118
CUST_42,INV_8097,2024-05-27,198.5,beauty,cash on delivery,returning,east,1234.35,12,102.8625,151
CUST_864,INV_8098,2024-03-20,224.2,electronics,debit card,returning,south,854.61,7,122.08714285714287,162
CUST_244,INV_8099,2024-01-07,29.59,home,debit card,new,south,845.55,9,93.94999999999999,168
CUST_286,INV_8100,2024-05-14,54.56,electronics,cash on delivery,new,south,1970.11,12,164.17583333333332,155
CUST_354,INV_8101,2024-02-19,179.94,electronics,credit card,returning,north,1420.43,12,118.36916666666667,134
CUST_784,INV_8102,2024-05-09,147.41,beauty,upi,loyal,south,1441.15,13,110.85769230769232,156
CUST_475,INV_8103,2024-02-16,168.16,clothing,debit card,new,west,2205.11,13,169.62384615384616,162
CUST_82,INV_8104,2024-01-14,73.06,electronics,credit card,loyal,west,1157.47,10,115.747,151
CUST_109,INV_8105,2024-01-31,242.53,beauty,upi,new,east,633.8199999999999,5,126.76399999999998,100
CUST_949,INV_8106,2024-02-19,39.45,clothing,credit card,loyal,east,874.32,8,109.29,86
CUST_189,INV_8107,2024-02-10,17.04,electronics,cash on delivery,new,north,1748.28,14,124.87714285714286,171
CUST_982,INV_8108,2024-01-14,123.35,electronics,debit card,returning,west,1381.64,11,125.60363636363637,138
CUST_799,INV_8109,2024-05-12,77.51,clothing,credit card,returning,north,1536.08,16,96.005,175
CUST_935,INV_8110,2024-01-05,192.82,clothing,upi,loyal,east,2032.24,18,112.90222222222222,169
CUST_908,INV_8111,2024-06-05,8.46,books,upi,loyal,north,947.69,13,72.89923076923077,157
CUST_250,INV_8112,2024-01-05,185.59,books,upi,new,north,1687.99,12,140.66583333333332,171
CUST_723,INV_8113,2024-04-22,34.71,beauty,cash on delivery,new,south,342.29,7,48.89857142857143,67
CUST_290,INV_8114,2024-04-27,106.38,beauty,credit card,loyal,east,794.5799999999999,8,99.32249999999999,148
CUST_644,INV_8115,2024-04-05,4.1,home,credit card,loyal,south,1325.3999999999999,11,120.49090909090908,146
CUST_200,INV_8116,2024-02-05,94.05,books,upi,returning,east,1145.51,15,76.36733333333333,178
CUST_796,INV_8117,2024-03-19,126.33,clothing,upi,loyal,south,1466.08,11,133.28,175
CUST_325,INV_8118,2024-01-19,46.01,books,upi,returning,east,849.9300000000001,9,94.43666666666667,159
CUST_510,INV_8119,2024-01-22,24.26,beauty,cash on delivery,loyal,east,657.49,14,46.96357142857143,136
CUST_408,INV_8120,2024-06-10,77.14,beauty,cash on delivery,returning,west,473.27,5,94.654,161
CUST_606,INV_8121,2024-02-25,179.09,beauty,debit card,returning,east,1199.92,13,92.30153846153847,152
CUST_789,INV_8122,2024-01-17,39.09,clothing,debit card,returning,north,1280.23,10,128.023,152
CUST_961,INV_8123,2024-01-17,29.1,electronics,debit card,new,west,792.14,15,52.809333333333335,165
CUST_940,INV_8124,2024-05-25,32.7,beauty,upi,returning,south,330.98,6,55.163333333333334,121
CUST_836,INV_8125,2024-06-21,297.85,books,cash on delivery,loyal,north,1783.42,12,148.61833333333334,164
CUST_507,INV_8126,2024-03-18,44.52,electronics,cash on delivery,loyal,north,879.5,12,73.29166666666667,167
CUST_730,INV_8127,2024-02-25,0.36,books,debit card,loyal,east,618.28,10,61.827999999999996,120
CUST_600,INV_8128,2024-03-20,152.18,beauty,upi,new,east,1760.6799999999998,14,125.76285714285713,168
CUST_71,INV_8129,2024-02-19,120.16,clothing,credit card,returning,north,926.36,10,92.636,143
CUST_246,INV_8130,2024-02-27,13.76,electronics,upi,new,west,1430.28,15,95.352,149
CUST_640,INV_8131,2024-01-18,419.33,electronics,upi,returning,north,1006.74,7,143.82,112
CUST_723,INV_8132,2024-05-14,93.67,beauty,debit card,loyal,north,342.29,7,48.89857142857143,67
CUST_939,INV_8133,2024-03-16,69.47,beauty,cash on delivery,returning,east,1461.0900000000001,15,97.406,141
CUST_854,INV_8134,2024-01-10,48.16,beauty,cash on delivery,new,east,992.4300000000001,13,76.34076923076924,171
CUST_607,INV_8135,2024-03-09,228.94,home,credit card,new,east,1399.46,12,116.62166666666667,143
CUST_586,INV_8136,2024-03-25,27.97,clothing,cash on delivery,new,south,725.16,7,103.5942857142857,129
CUST_934,INV_8137,2024-05-10,33.65,clothing,cash on delivery,new,north,807.47,10,80.747,136
CUST_565,INV_8138,2024-03-23,13.06,beauty,credit card,loyal,north,951.3399999999999,12,79.27833333333332,162
CUST_343,INV_8139,2024-04-18,142.35,home,credit card,new,south,1414.3899999999999,12,117.86583333333333,169
CUST_970,INV_8140,2024-02-13,90.52,beauty,debit card,new,north,1611.8600000000001,13,123.98923076923077,143
CUST_924,INV_8141,2024-05-21,93.92,beauty,debit card,new,north,1477.36,17,86.9035294117647,156
CUST_53,INV_8142,2024-05-11,24.65,clothing,debit card,loyal,north,1002.76,12,83.56333333333333,144
CUST_729,INV_8143,2024-01-18,105.32,home,debit card,returning,west,707.35,9,78.59444444444445,140
CUST_527,INV_8144,2024-04-02,145.01,clothing,cash on delivery,loyal,south,1312.62,12,109.38499999999999,133
CUST_610,INV_8145,2024-06-28,44.3,beauty,debit card,loyal,south,779.24,12,64.93666666666667,174
CUST_531,INV_8146,2024-02-07,161.62,books,upi,loyal,north,972.35,11,88.39545454545454,123
CUST_557,INV_8147,2024-05-27,42.89,electronics,credit card,returning,east,1240.24,14,88.58857142857143,126
CUST_962,INV_8148,2024-06-20,141.94,beauty,debit card,new,north,1727.8,16,107.9875,166
CUST_192,INV_8149,2024-02-20,3.43,home,credit card,loyal,north,993.54,9,110.39333333333333,161
CUST_894,INV_8150,2024-01-19,80.11,books,cash on delivery,new,west,761.35,10,76.135,161
CUST_57,INV_8151,2024-04-29,349.09,home,debit card,new,west,1066.52,12,88.87666666666667,125
CUST_436,INV_8152,2024-03-08,397.63,beauty,upi,returning,east,1149.4,8,143.675,152
CUST_110,INV_8153,2024-03-06,33.09,beauty,credit card,returning,west,3131.33,17,184.19588235294117,168
CUST_128,INV_8154,2024-05-20,58.23,electronics,debit card,loyal,north,1228.05,16,76.753125,176
CUST_848,INV_8155,2024-06-06,6.5,home,upi,returning,north,2094.2799999999997,16,130.89249999999998,147
CUST_705,INV_8156,2024-04-07,206.63,books,cash on delivery,returning,west,325.53,2,162.765,37
CUST_924,INV_8157,2024-06-06,84.07,electronics,upi,returning,west,1477.36,17,86.9035294117647,156
CUST_851,INV_8158,2024-06-27,48.63,home,cash on delivery,new,south,1729.42,13,133.0323076923077,160
CUST_325,INV_8159,2024-03-28,11.97,beauty,credit card,returning,north,849.9300000000001,9,94.43666666666667,159
CUST_7,INV_8160,2024-06-24,293.31,electronics,debit card,loyal,east,1709.73,13,131.5176923076923,164
CUST_28,INV_8161,2024-02-02,75.55,beauty,upi,returning,west,559.96,11,50.905454545454546,136
CUST_111,INV_8162,2024-04-14,33.26,clothing,upi,loyal,west,1059.83,13,81.52538461538461,177
CUST_946,INV_8163,2024-03-14,43.11,clothing,upi,loyal,south,1168.55,16,73.034375,160
CUST_672,INV_8164,2024-03-22,31.57,electronics,cash on delivery,returning,south,832.29,10,83.229,127
CUST_130,INV_8165,2024-01-19,92.08,electronics,credit card,new,west,663.9599999999999,10,66.39599999999999,143
CUST_187,INV_8166,2024-03-11,265.87,home,credit card,loyal,east,1219.84,15,81.32266666666666,140
CUST_674,INV_8167,2024-02-26,194.28,books,debit card,loyal,east,1646.9099999999999,12,137.24249999999998,145
CUST_708,INV_8168,2024-05-26,61.69,books,debit card,loyal,west,1246.67,11,113.33363636363637,127
CUST_474,INV_8169,2024-03-19,175.16,clothing,credit card,returning,south,412.5,6,68.75,137
CUST_363,INV_8170,2024-06-17,55.01,clothing,credit card,loyal,north,1494.74,16,93.42125,141
CUST_203,INV_8171,2024-02-11,29.08,clothing,credit card,returning,north,469.57,7,67.08142857142857,132
CUST_211,INV_8172,2024-06-28,409.93,beauty,upi,loyal,south,1284.27,8,160.53375,155
CUST_620,INV_8173,2024-04-25,36.22,books,cash on delivery,new,north,549.15,10,54.915,172
CUST_275,INV_8174,2024-01-04,39.12,electronics,credit card,loyal,south,861.36,10,86.136,152
CUST_72,INV_8175,2024-01-04,457.49,clothing,debit card,returning,east,2477.25,19,130.3815789473684,176
CUST_678,INV_8176,2024-01-05,14.38,home,cash on delivery,returning,north,705.93,9,78.43666666666667,154
CUST_771,INV_8177,2024-02-10,142.93,electronics,upi,loyal,west,968.77,12,80.73083333333334,170
CUST_242,INV_8178,2024-04-17,274.6,electronics,cash on delivery,returning,west,565.77,6,94.295,126
CUST_786,INV_8179,2024-03-27,71.7,electronics,credit card,new,north,1196.88,13,92.06769230769231,155
CUST_101,INV_8180,2024-04-13,0.25,books,cash on delivery,returning,west,642.11,11,58.373636363636365,156
CUST_986,INV_8181,2024-04-26,47.01,clothing,debit card,loyal,south,782.36,10,78.236,154
CUST_684,INV_8182,2024-04-10,11.83,home,cash on delivery,new,south,2119.79,18,117.76611111111112,175
CUST_170,INV_8183,2024-03-15,53.82,beauty,credit card,returning,west,2201.4,13,169.33846153846156,157
CUST_652,INV_8184,2024-03-15,156.08,home,cash on delivery,loyal,north,1155.64,11,105.05818181818182,147
CUST_908,INV_8185,2024-01-13,57.75,home,cash on delivery,returning,north,947.69,13,72.89923076923077,157
CUST_187,INV_8186,2024-05-21,56.55,home,cash on delivery,loyal,north,1219.84,15,81.32266666666666,140
CUST_440,INV_8187,2024-01-25,81.37,beauty,debit card,returning,east,952.15,14,68.01071428571429,154
CUST_85,INV_8188,2024-04-24,87.15,home,cash on delivery,returning,north,780.99,11,70.99909090909091,156
CUST_475,INV_8189,2024-06-20,194.0,home,cash on delivery,new,north,2205.11,13,169.62384615384616,162
CUST_51,INV_8190,2024-03-22,36.87,clothing,upi,new,south,499.77,4,124.9425,112
CUST_110,INV_8191,2024-01-10,172.41,clothing,cash on delivery,returning,east,3131.33,17,184.19588235294117,168
CUST_948,INV_8192,2024-02-19,83.46,clothing,cash on delivery,loyal,south,643.81,7,91.97285714285714,93
CUST_876,INV_8193,2024-06-20,35.74,electronics,upi,loyal,west,1446.61,14,103.3292857142857,158
CUST_853,INV_8194,2024-05-21,34.97,home,debit card,returning,west,665.79,9,73.97666666666666,154
CUST_42,INV_8195,2024-01-15,44.81,books,debit card,returning,north,1234.35,12,102.8625,151
CUST_210,INV_8196,2024-01-16,97.47,books,upi,new,east,748.29,11,68.02636363636363,147
CUST_967,INV_8197,2024-01-02,26.24,books,upi,returning,west,663.1800000000001,11,60.289090909090916,140
CUST_199,INV_8198,2024-06-06,252.99,beauty,cash on delivery,returning,north,813.37,6,135.56166666666667,157
CUST_809,INV_8199,2024-01-30,85.55,clothing,debit card,loyal,east,907.48,7,129.64000000000001,131
CUST_857,INV_8200,2024-03-22,252.59,clothing,debit card,new,west,1238.11,13,95.23923076923076,128
CUST_751,INV_8201,2024-01-31,4.75,clothing,cash on delivery,new,west,1251.49,10,125.149,114
CUST_626,INV_8202,2024-03-17,41.95,beauty,credit card,returning,east,574.0,5,114.8,134
CUST_25,INV_8203,2024-05-27,2.31,home,cash on delivery,new,east,772.76,8,96.595,148
CUST_918,INV_8204,2024-06-25,31.78,electronics,credit card,loyal,east,1603.97,14,114.56928571428571,169
CUST_298,INV_8205,2024-04-23,198.05,clothing,cash on delivery,returning,east,461.56,4,115.39,129
CUST_76,INV_8206,2024-02-04,3.73,home,upi,returning,west,257.02,4,64.255,122
CUST_923,INV_8207,2024-01-23,57.3,books,cash on delivery,loyal,east,935.05,9,103.89444444444445,156
CUST_136,INV_8208,2024-04-15,12.51,electronics,upi,new,south,1410.93,14,100.7807142857143,166
CUST_19,INV_8209,2024-04-06,53.93,books,credit card,new,south,2104.34,10,210.43400000000003,153
CUST_439,INV_8210,2024-04-24,182.54,home,credit card,loyal,west,1140.03,10,114.003,162
CUST_210,INV_8211,2024-04-09,97.57,home,upi,loyal,west,748.29,11,68.02636363636363,147
CUST_751,INV_8212,2024-02-24,133.47,books,upi,loyal,north,1251.49,10,125.149,114
CUST_550,INV_8213,2024-01-08,42.94,electronics,debit card,loyal,west,1213.02,12,101.085,156
CUST_434,INV_8214,2024-06-16,288.95,books,debit card,new,east,1873.11,16,117.069375,161
CUST_779,INV_8215,2024-02-28,123.53,books,cash on delivery,new,east,603.65,9,67.07222222222222,153
CUST_206,INV_8216,2024-05-07,54.78,books,upi,loyal,west,741.92,13,57.07076923076923,157
CUST_990,INV_8217,2024-02-01,55.59,electronics,credit card,loyal,south,1127.03,8,140.87875,141
CUST_438,INV_8218,2024-04-02,250.94,beauty,debit card,returning,north,1688.78,15,112.58533333333334,163
CUST_973,INV_8219,2024-01-07,85.9,electronics,upi,returning,west,1034.19,15,68.946,168
CUST_778,INV_8220,2024-01-02,122.55,books,credit card,new,west,1093.84,13,84.14153846153846,154
CUST_665,INV_8221,2024-03-25,53.96,clothing,credit card,returning,north,1727.89,15,115.19266666666667,146
CUST_41,INV_8222,2024-05-13,25.32,clothing,upi,returning,south,1050.08,9,116.67555555555555,161
CUST_410,INV_8223,2024-04-15,128.58,home,cash on delivery,returning,west,542.35,6,90.39166666666667,118
CUST_522,INV_8224,2024-02-05,93.6,beauty,debit card,new,south,659.8299999999999,11,59.98454545454545,165
CUST_805,INV_8225,2024-06-08,69.58,home,debit card,returning,east,875.45,12,72.95416666666667,171
CUST_609,INV_8226,2024-02-14,97.82,home,upi,loyal,south,2235.26,16,139.70375,177
CUST_426,INV_8227,2024-02-11,23.36,clothing,cash on delivery,new,east,803.35,12,66.94583333333334,137
CUST_274,INV_8228,2024-02-22,157.96,electronics,credit card,returning,north,652.3000000000001,6,108.71666666666668,123
CUST_447,INV_8229,2024-04-19,295.96,home,cash on delivery,new,west,962.81,7,137.5442857142857,104
CUST_901,INV_8230,2024-01-09,221.74,home,debit card,returning,east,1474.79,12,122.89916666666666,165
CUST_941,INV_8231,2024-03-27,38.78,beauty,upi,new,south,796.67,10,79.667,166
CUST_883,INV_8232,2024-04-23,52.09,clothing,debit card,loyal,west,1316.5900000000001,13,101.27615384615386,174
CUST_741,INV_8233,2024-03-15,165.24,electronics,upi,returning,east,839.6,6,139.93333333333334,67
CUST_368,INV_8234,2024-06-25,90.42,beauty,cash on delivery,returning,east,721.13,11,65.55727272727273,176
CUST_937,INV_8235,2024-05-09,79.39,electronics,debit card,new,south,1849.38,14,132.09857142857143,167
CUST_219,INV_8236,2024-01-11,261.24,electronics,cash on delivery,loyal,east,1823.3,14,130.2357142857143,164
CUST_576,INV_8237,2024-02-19,76.79,home,debit card,returning,north,356.34999999999997,5,71.27,88
CUST_866,INV_8238,2024-06-11,72.35,beauty,cash on delivery,loyal,east,927.96,11,84.36,149
CUST_231,INV_8239,2024-05-01,4.29,home,debit card,returning,south,1369.29,10,136.929,176
CUST_327,INV_8240,2024-05-22,7.19,books,upi,loyal,west,526.98,7,75.28285714285714,169
CUST_442,INV_8241,2024-03-15,0.74,electronics,cash on delivery,returning,south,1684.2,14,120.3,146
CUST_51,INV_8242,2024-01-31,244.47,beauty,cash on delivery,new,south,499.77,4,124.9425,112
CUST_885,INV_8243,2024-04-01,52.49,clothing,upi,new,west,990.19,11,90.01727272727273,143
CUST_942,INV_8244,2024-06-04,63.22,home,credit card,loyal,east,1124.26,11,102.20545454545454,165
CUST_375,INV_8245,2024-06-01,186.68,books,debit card,returning,north,1246.71,14,89.05071428571429,148
CUST_262,INV_8246,2024-04-01,93.97,books,debit card,returning,south,639.98,7,91.42571428571429,147
CUST_266,INV_8247,2024-06-01,94.03,books,upi,loyal,south,877.1,9,97.45555555555556,160
CUST_358,INV_8248,2024-03-15,35.17,home,debit card,returning,north,1136.22,8,142.0275,133
CUST_316,INV_8249,2024-04-01,179.52,clothing,cash on delivery,new,south,1069.17,8,133.64625,175
CUST_323,INV_8250,2024-05-08,18.13,beauty,cash on delivery,returning,west,941.5899999999999,11,85.5990909090909,156
CUST_920,INV_8251,2024-02-11,5.46,electronics,upi,new,east,1876.07,18,104.22611111111111,169
CUST_907,INV_8252,2024-04-19,21.27,clothing,cash on delivery,loyal,west,277.95,6,46.324999999999996,143
CUST_665,INV_8253,2024-06-10,31.16,home,credit card,returning,south,1727.89,15,115.19266666666667,146
CUST_869,INV_8254,2024-01-18,33.17,beauty,debit card,loyal,west,362.53,6,60.42166666666666,149
CUST_877,INV_8255,2024-03-17,111.02,electronics,upi,new,south,579.99,9,64.44333333333333,92
CUST_651,INV_8256,2024-05-12,24.57,beauty,upi,loyal,east,474.01,8,59.25125,155
CUST_938,INV_8257,2024-01-20,112.9,electronics,debit card,loyal,west,690.6800000000001,10,69.06800000000001,147
CUST_562,INV_8258,2024-05-06,9.56,electronics,credit card,returning,west,1821.19,13,140.09153846153848,176
CUST_628,INV_8259,2024-03-15,15.92,books,upi,loyal,north,1068.54,11,97.14,153
CUST_420,INV_8260,2024-03-02,71.09,home,debit card,loyal,north,633.8100000000001,10,63.38100000000001,146
CUST_45,INV_8261,2024-02-01,254.97,clothing,credit card,returning,south,607.77,7,86.82428571428571,148
CUST_820,INV_8262,2024-06-26,196.3,books,upi,loyal,west,655.62,7,93.66,174
CUST_599,INV_8263,2024-06-14,346.58,books,credit card,new,east,533.61,3,177.87,28
CUST_719,INV_8264,2024-01-28,105.12,beauty,upi,returning,east,1877.88,16,117.3675,140
CUST_888,INV_8265,2024-03-14,112.64,electronics,debit card,new,north,922.5,13,70.96153846153847,151
CUST_268,INV_8266,2024-03-21,98.09,electronics,debit card,returning,north,725.07,8,90.63375,79
CUST_600,INV_8267,2024-01-22,97.5,beauty,debit card,loyal,north,1760.6799999999998,14,125.76285714285713,168
CUST_380,INV_8268,2024-06-19,15.91,home,credit card,new,east,1306.4,14,93.31428571428572,144
CUST_117,INV_8269,2024-06-12,78.47,electronics,cash on delivery,new,east,2229.23,16,139.326875,150
CUST_565,INV_8270,2024-04-05,48.79,books,credit card,new,east,951.3399999999999,12,79.27833333333332,162
CUST_952,INV_8271,2024-05-01,58.44,books,debit card,loyal,south,1082.96,10,108.296,141
CUST_115,INV_8272,2024-05-02,74.15,electronics,upi,new,west,515.52,10,51.552,133
CUST_629,INV_8273,2024-02-21,13.74,electronics,cash on delivery,new,south,1015.25,13,78.09615384615384,153
CUST_259,INV_8274,2024-06-12,44.55,home,credit card,loyal,west,1545.43,13,118.87923076923077,168
CUST_74,INV_8275,2024-06-04,6.56,electronics,credit card,loyal,west,1455.28,16,90.955,150
CUST_479,INV_8276,2024-03-18,389.56,home,upi,loyal,west,1529.98,12,127.49833333333333,144
CUST_304,INV_8277,2024-06-12,12.62,books,upi,new,north,751.09,11,68.28090909090909,165
CUST_6,INV_8278,2024-03-10,29.91,home,debit card,new,west,1140.84,11,103.71272727272726,176
CUST_365,INV_8279,2024-05-16,221.91,electronics,credit card,new,north,1150.82,11,104.61999999999999,141
CUST_633,INV_8280,2024-01-21,65.92,clothing,upi,returning,west,1314.47,13,101.11307692307693,161
CUST_522,INV_8281,2024-03-04,14.58,electronics,upi,new,south,659.8299999999999,11,59.98454545454545,165
CUST_347,INV_8282,2024-03-16,48.49,clothing,cash on delivery,new,south,974.64,11,88.60363636363637,136
CUST_437,INV_8283,2024-03-01,12.31,books,debit card,returning,west,766.99,12,63.91583333333333,121
CUST_214,INV_8284,2024-04-04,22.34,beauty,debit card,returning,south,1047.22,10,104.72200000000001,142
CUST_428,INV_8285,2024-02-09,5.34,books,credit card,new,south,1757.97,13,135.22846153846154,171
CUST_790,INV_8286,2024-01-04,57.67,books,upi,returning,west,1002.99,11,91.1809090909091,137
CUST_497,INV_8287,2024-01-31,164.32,books,debit card,new,west,1045.63,8,130.70375,152
CUST_539,INV_8288,2024-06-03,88.18,home,credit card,loyal,north,1091.96,14,77.99714285714286,168
CUST_746,INV_8289,2024-06-01,93.23,books,debit card,loyal,south,344.91,5,68.982,100
CUST_366,INV_8290,2024-03-09,22.39,beauty,credit card,loyal,south,1142.62,13,87.89384615384614,141
CUST_312,INV_8291,2024-03-10,42.14,electronics,upi,loyal,west,1643.46,13,126.42,152
CUST_537,INV_8292,2024-01-05,186.59,clothing,debit card,returning,east,949.47,11,86.31545454545454,160
CUST_920,INV_8293,2024-04-24,9.2,books,credit card,new,north,1876.07,18,104.22611111111111,169
CUST_53,INV_8294,2024-03-31,195.14,clothing,credit card,returning,north,1002.76,12,83.56333333333333,144
CUST_540,INV_8295,2024-01-08,66.1,books,upi,loyal,east,1001.1500000000001,9,111.2388888888889,169
CUST_466,INV_8296,2024-01-09,181.49,home,debit card,loyal,north,1071.0,12,89.25,111
CUST_864,INV_8297,2024-01-15,38.27,clothing,credit card,new,north,854.61,7,122.08714285714287,162
CUST_163,INV_8298,2024-04-14,41.38,books,credit card,returning,south,1121.61,13,86.2776923076923,130
CUST_781,INV_8299,2024-01-07,139.27,books,credit card,loyal,south,627.52,5,125.50399999999999,162
CUST_333,INV_8300,2024-03-12,153.71,beauty,credit card,returning,west,1502.38,12,125.19833333333334,162
CUST_546,INV_8301,2024-04-24,26.09,beauty,debit card,new,west,1600.3700000000001,13,123.10538461538462,158
CUST_797,INV_8302,2024-01-15,360.72,beauty,cash on delivery,new,north,1604.42,11,145.85636363636365,161
CUST_347,INV_8303,2024-06-13,8.83,home,debit card,returning,east,974.64,11,88.60363636363637,136
CUST_272,INV_8304,2024-03-23,7.1,clothing,credit card,new,west,1756.03,19,92.42263157894736,152
CUST_962,INV_8305,2024-02-08,90.51,home,debit card,returning,west,1727.8,16,107.9875,166
CUST_719,INV_8306,2024-05-13,128.28,electronics,debit card,returning,east,1877.88,16,117.3675,140
CUST_749,INV_8307,2024-02-26,324.13,books,upi,returning,north,1129.43,8,141.17875,158
CUST_413,INV_8308,2024-04-01,51.91,books,upi,loyal,north,1491.01,13,114.69307692307692,176
CUST_499,INV_8309,2024-03-21,2.56,books,credit card,loyal,west,727.19,14,51.94214285714286,170
CUST_92,INV_8310,2024-05-26,92.36,beauty,cash on delivery,returning,north,1036.66,13,79.74307692307693,129
CUST_684,INV_8311,2024-05-06,34.21,books,upi,new,north,2119.79,18,117.76611111111112,175
CUST_78,INV_8312,2024-06-07,56.73,beauty,debit card,new,west,1628.28,14,116.30571428571429,164
CUST_621,INV_8313,2024-03-15,67.03,electronics,credit card,loyal,west,1010.19,11,91.83545454545455,172
CUST_216,INV_8314,2024-03-19,6.67,home,cash on delivery,returning,south,1413.6200000000001,12,117.80166666666668,124
CUST_946,INV_8315,2024-01-10,66.55,home,upi,loyal,south,1168.55,16,73.034375,160
CUST_357,INV_8316,2024-04-16,55.57,home,credit card,returning,north,803.75,7,114.82142857142857,131
CUST_617,INV_8317,2024-03-27,124.67,beauty,cash on delivery,new,east,1079.01,13,83.00076923076924,122
CUST_506,INV_8318,2024-03-07,103.75,clothing,credit card,new,south,770.7,7,110.10000000000001,143
CUST_558,INV_8319,2024-03-02,20.48,clothing,cash on delivery,loyal,north,1012.74,15,67.516,163
CUST_180,INV_8320,2024-05-10,23.08,electronics,upi,new,east,722.1800000000001,8,90.27250000000001,171
CUST_575,INV_8321,2024-05-25,28.9,clothing,debit card,returning,south,542.46,8,67.8075,137
CUST_245,INV_8322,2024-06-01,19.72,electronics,debit card,new,south,731.02,10,73.102,168
CUST_243,INV_8323,2024-04-16,107.06,books,upi,new,north,698.72,6,116.45333333333333,125
CUST_505,INV_8324,2024-05-27,519.04,home,upi,loyal,west,1616.42,10,161.642,94
CUST_421,INV_8325,2024-04-02,105.59,beauty,upi,returning,west,1688.19,15,112.546,170
CUST_319,INV_8326,2024-03-26,93.31,electronics,cash on delivery,loyal,east,890.6500000000001,9,98.96111111111112,161
CUST_86,INV_8327,2024-06-26,52.75,beauty,cash on delivery,loyal,west,824.3199999999999,11,74.93818181818182,145
CUST_216,INV_8328,2024-04-30,37.48,beauty,cash on delivery,new,north,1413.6200000000001,12,117.80166666666668,124
CUST_489,INV_8329,2024-03-19,241.99,home,cash on delivery,returning,south,1291.16,15,86.07733333333334,149
CUST_518,INV_8330,2024-01-10,347.38,books,cash on delivery,returning,east,1608.16,10,160.816,168
CUST_277,INV_8331,2024-05-28,68.67,books,cash on delivery,loyal,west,620.09,13,47.69923076923077,170
CUST_848,INV_8332,2024-01-29,34.28,clothing,cash on delivery,loyal,south,2094.2799999999997,16,130.89249999999998,147
CUST_721,INV_8333,2024-04-05,147.02,books,upi,new,north,710.14,8,88.7675,161
CUST_168,INV_8334,2024-01-10,14.21,home,cash on delivery,returning,north,671.21,5,134.24200000000002,157
CUST_329,INV_8335,2024-01-13,145.07,beauty,credit card,returning,south,1777.21,10,177.721,163
CUST_649,INV_8336,2024-02-16,170.9,electronics,cash on delivery,new,north,1150.4,12,95.86666666666667,151
CUST_440,INV_8337,2024-05-30,13.34,electronics,debit card,loyal,north,952.15,14,68.01071428571429,154
CUST_390,INV_8338,2024-02-19,376.63,books,debit card,returning,south,1193.3,11,108.48181818181818,157
CUST_495,INV_8339,2024-05-11,423.45,clothing,upi,new,west,1322.4,8,165.3,129
CUST_380,INV_8340,2024-04-25,276.02,electronics,debit card,loyal,east,1306.4,14,93.31428571428572,144
CUST_305,INV_8341,2024-04-22,68.52,clothing,debit card,new,south,1482.96,10,148.296,141
CUST_741,INV_8342,2024-03-25,28.25,electronics,debit card,returning,south,839.6,6,139.93333333333334,67
CUST_986,INV_8343,2024-02-22,87.23,clothing,upi,loyal,west,782.36,10,78.236,154
CUST_819,INV_8344,2024-05-09,54.46,clothing,upi,new,east,963.63,11,87.60272727272728,167
CUST_672,INV_8345,2024-03-08,23.06,beauty,cash on delivery,new,north,832.29,10,83.229,127
CUST_512,INV_8346,2024-03-19,55.11,home,debit card,new,west,651.4,8,81.425,137
CUST_747,INV_8347,2024-02-26,109.03,electronics,cash on delivery,returning,east,1537.69,11,139.79,145
CUST_948,INV_8348,2024-04-06,7.36,books,upi,returning,south,643.81,7,91.97285714285714,93
CUST_187,INV_8349,2024-05-14,40.56,home,cash on delivery,returning,east,1219.84,15,81.32266666666666,140
CUST_929,INV_8350,2024-05-26,1.8,beauty,cash on delivery,new,west,589.29,11,53.57181818181818,138
CUST_515,INV_8351,2024-06-20,138.43,beauty,debit card,returning,north,884.47,13,68.03615384615385,165
CUST_912,INV_8352,2024-03-03,102.36,beauty,upi,new,east,1248.99,11,113.54454545454546,158
CUST_643,INV_8353,2024-03-05,6.47,books,debit card,new,east,269.44,8,33.68,105
CUST_426,INV_8354,2024-02-08,334.49,electronics,cash on delivery,new,south,803.35,12,66.94583333333334,137
CUST_501,INV_8355,2024-04-18,2.29,electronics,upi,loyal,east,1046.85,9,116.31666666666666,112
CUST_729,INV_8356,2024-01-26,89.15,clothing,cash on delivery,new,south,707.35,9,78.59444444444445,140
CUST_259,INV_8357,2024-06-20,149.78,clothing,cash on delivery,returning,west,1545.43,13,118.87923076923077,168
CUST_512,INV_8358,2024-01-12,155.07,clothing,debit card,new,north,651.4,8,81.425,137
CUST_70,INV_8359,2024-05-29,3.49,books,upi,returning,west,519.88,7,74.26857142857143,147
CUST_477,INV_8360,2024-03-17,236.89,home,upi,loyal,east,772.8199999999999,7,110.40285714285713,171
CUST_177,INV_8361,2024-05-21,250.66,electronics,debit card,loyal,east,1067.21,8,133.40125,124
CUST_456,INV_8362,2024-03-26,82.41,clothing,credit card,new,south,923.6800000000001,10,92.36800000000001,164
CUST_188,INV_8363,2024-01-30,65.79,books,debit card,returning,south,811.53,9,90.17,94
CUST_290,INV_8364,2024-06-20,4.59,books,debit card,loyal,west,794.5799999999999,8,99.32249999999999,148
CUST_519,INV_8365,2024-06-14,82.54,clothing,credit card,loyal,west,1053.73,14,75.26642857142858,151
CUST_764,INV_8366,2024-06-18,52.66,beauty,upi,loyal,west,189.22,5,37.844,143
CUST_919,INV_8367,2024-02-21,148.2,beauty,credit card,returning,north,1715.16,15,114.34400000000001,174
CUST_978,INV_8368,2024-03-03,51.73,beauty,cash on delivery,new,south,838.39,6,139.73166666666665,133
CUST_291,INV_8369,2024-04-29,115.07,clothing,cash on delivery,new,west,627.5,6,104.58333333333333,116
CUST_945,INV_8370,2024-04-14,10.69,books,debit card,loyal,south,1503.4,13,115.64615384615385,168
CUST_755,INV_8371,2024-06-10,14.27,books,cash on delivery,new,west,562.57,6,93.76166666666667,139
CUST_634,INV_8372,2024-02-08,15.05,electronics,credit card,loyal,north,1118.36,6,186.39333333333332,146
CUST_810,INV_8373,2024-02-10,4.66,beauty,cash on delivery,returning,south,346.98,8,43.3725,116
CUST_282,INV_8374,2024-04-30,77.94,clothing,upi,new,south,2115.36,18,117.52000000000001,148
CUST_543,INV_8375,2024-04-17,157.97,electronics,debit card,returning,south,729.12,10,72.912,179
CUST_845,INV_8376,2024-06-13,94.27,books,debit card,new,south,789.13,9,87.68111111111111,163
CUST_376,INV_8377,2024-03-05,85.56,electronics,upi,returning,north,609.5400000000001,8,76.19250000000001,73
CUST_657,INV_8378,2024-04-27,114.14,beauty,upi,returning,west,1862.21,16,116.388125,146
CUST_155,INV_8379,2024-03-19,41.5,home,debit card,new,north,952.72,14,68.05142857142857,160
CUST_507,INV_8380,2024-06-08,44.93,beauty,upi,loyal,south,879.5,12,73.29166666666667,167
CUST_412,INV_8381,2024-01-08,37.73,beauty,cash on delivery,loyal,east,395.62,7,56.51714285714286,147
CUST_527,INV_8382,2024-04-06,124.52,clothing,cash on delivery,returning,north,1312.62,12,109.38499999999999,133
CUST_354,INV_8383,2024-01-18,17.63,home,cash on delivery,returning,east,1420.43,12,118.36916666666667,134
CUST_558,INV_8384,2024-06-21,1.31,home,cash on delivery,loyal,south,1012.74,15,67.516,163
CUST_762,INV_8385,2024-04-05,90.68,home,credit card,new,south,767.49,12,63.9575,149
CUST_186,INV_8386,2024-02-02,285.39,books,credit card,new,north,943.8199999999999,12,78.65166666666666,161
CUST_30,INV_8387,2024-01-05,94.01,electronics,credit card,returning,east,356.78,6,59.46333333333333,102
CUST_259,INV_8388,2024-05-06,152.75,books,credit card,new,north,1545.43,13,118.87923076923077,168
CUST_420,INV_8389,2024-03-14,111.72,home,cash on delivery,returning,north,633.8100000000001,10,63.38100000000001,146
CUST_528,INV_8390,2024-05-05,68.8,clothing,cash on delivery,new,north,1481.26,10,148.126,171
CUST_550,INV_8391,2024-06-12,126.72,beauty,upi,returning,south,1213.02,12,101.085,156
CUST_303,INV_8392,2024-05-30,173.79,beauty,credit card,new,west,1490.35,11,135.48636363636362,146
CUST_941,INV_8393,2024-06-16,25.45,books,credit card,returning,east,796.67,10,79.667,166
CUST_985,INV_8394,2024-01-05,40.97,books,debit card,loyal,west,935.9300000000001,11,85.08454545454546,177
CUST_943,INV_8395,2024-02-03,25.32,clothing,upi,loyal,west,740.44,11,67.31272727272727,136
CUST_38,INV_8396,2024-01-24,60.18,beauty,cash on delivery,loyal,south,1482.14,19,78.00736842105263,161
CUST_488,INV_8397,2024-05-24,216.34,books,upi,loyal,south,1247.72,11,113.42909090909092,117
CUST_643,INV_8398,2024-04-04,42.34,electronics,upi,returning,south,269.44,8,33.68,105
CUST_541,INV_8399,2024-03-11,46.92,books,debit card,new,north,922.86,13,70.98923076923077,142
CUST_669,INV_8400,2024-04-01,196.87,books,debit card,returning,south,1120.45,16,70.028125,153
CUST_277,INV_8401,2024-05-04,72.44,home,upi,returning,south,620.09,13,47.69923076923077,170
CUST_202,INV_8402,2024-01-22,76.67,electronics,credit card,returning,south,498.48,8,62.31,155
CUST_65,INV_8403,2024-01-15,197.19,electronics,cash on delivery,new,south,1054.71,8,131.83875,173
CUST_107,INV_8404,2024-04-10,67.44,clothing,debit card,returning,west,1401.55,10,140.155,176
CUST_267,INV_8405,2024-01-15,114.43,home,debit card,loyal,west,1714.25,16,107.140625,141
CUST_221,INV_8406,2024-06-01,8.95,electronics,cash on delivery,loyal,south,527.87,9,58.65222222222222,157
CUST_803,INV_8407,2024-02-22,19.68,home,debit card,returning,west,917.4300000000001,14,65.5307142857143,157
CUST_529,INV_8408,2024-05-28,51.81,home,upi,loyal,south,973.99,12,81.16583333333334,133
CUST_89,INV_8409,2024-04-11,68.29,beauty,cash on delivery,loyal,east,1903.25,14,135.94642857142858,151
CUST_692,INV_8410,2024-04-22,337.36,electronics,credit card,new,north,2789.69,17,164.09941176470588,153
CUST_254,INV_8411,2024-02-01,352.85,beauty,debit card,returning,south,518.61,4,129.6525,75
CUST_454,INV_8412,2024-01-21,190.51,books,debit card,returning,west,1356.76,14,96.91142857142857,178
CUST_252,INV_8413,2024-06-20,37.92,books,upi,loyal,north,1610.4199999999998,14,115.02999999999999,170
CUST_256,INV_8414,2024-03-23,332.5,beauty,credit card,returning,west,801.95,5,160.39000000000001,87
CUST_382,INV_8415,2024-01-14,116.91,books,debit card,returning,east,1317.6999999999998,10,131.76999999999998,153
CUST_441,INV_8416,2024-01-15,49.91,beauty,cash on delivery,loyal,east,1047.24,12,87.27,141
CUST_857,INV_8417,2024-05-27,120.96,clothing,cash on delivery,loyal,north,1238.11,13,95.23923076923076,128
CUST_598,INV_8418,2024-02-03,1.67,home,upi,returning,east,1016.04,9,112.89333333333333,119
CUST_89,INV_8419,2024-06-12,15.8,clothing,upi,new,south,1903.25,14,135.94642857142858,151
CUST_748,INV_8420,2024-03-23,177.01,electronics,debit card,loyal,east,1357.18,13,104.39846153846155,125
CUST_389,INV_8421,2024-01-09,103.73,clothing,upi,returning,west,1622.9,15,108.19333333333334,171
CUST_581,INV_8422,2024-06-06,45.29,clothing,cash on delivery,loyal,south,1979.65,13,152.28076923076924,145
CUST_43,INV_8423,2024-03-17,69.45,books,upi,returning,west,1212.72,10,121.272,135
CUST_711,INV_8424,2024-06-11,235.54,beauty,cash on delivery,returning,north,1223.05,9,135.89444444444445,153
CUST_663,INV_8425,2024-05-20,99.85,electronics,debit card,new,north,2021.0,17,118.88235294117646,152
CUST_597,INV_8426,2024-06-22,50.77,books,cash on delivery,loyal,north,765.94,11,69.6309090909091,168
CUST_18,INV_8427,2024-01-09,12.82,electronics,upi,new,west,1436.15,15,95.74333333333334,167
CUST_100,INV_8428,2024-02-05,34.78,home,cash on delivery,loyal,west,1127.27,11,102.47909090909091,167
CUST_913,INV_8429,2024-04-26,383.23,beauty,cash on delivery,new,north,1886.23,11,171.47545454545454,176
CUST_606,INV_8430,2024-01-03,57.51,books,credit card,loyal,west,1199.92,13,92.30153846153847,152
CUST_765,INV_8431,2024-01-19,63.84,clothing,credit card,new,north,629.97,5,125.994,141
CUST_356,INV_8432,2024-06-04,69.03,home,debit card,new,north,905.13,8,113.14125,131
CUST_541,INV_8433,2024-01-23,215.51,clothing,cash on delivery,loyal,west,922.86,13,70.98923076923077,142
CUST_760,INV_8434,2024-04-13,92.62,electronics,cash on delivery,new,south,1743.15,12,145.26250000000002,141
CUST_937,INV_8435,2024-05-14,118.31,home,cash on delivery,new,north,1849.38,14,132.09857142857143,167
CUST_32,INV_8436,2024-04-14,49.33,books,credit card,loyal,east,724.78,6,120.79666666666667,152
CUST_969,INV_8437,2024-05-21,2.95,clothing,cash on delivery,loyal,south,344.49,8,43.06125,153
CUST_228,INV_8438,2024-02-15,267.33,clothing,credit card,returning,south,1295.1399999999999,14,92.50999999999999,145
CUST_523,INV_8439,2024-05-22,297.84,electronics,debit card,loyal,south,1222.61,11,111.14636363636363,172
CUST_629,INV_8440,2024-01-15,297.89,electronics,cash on delivery,returning,south,1015.25,13,78.09615384615384,153
CUST_861,INV_8441,2024-02-20,287.68,beauty,cash on delivery,new,north,1233.14,8,154.1425,135
CUST_154,INV_8442,2024-04-19,168.87,beauty,upi,loyal,north,894.68,11,81.33454545454545,146
CUST_422,INV_8443,2024-01-08,115.39,electronics,credit card,returning,north,1065.8,6,177.63333333333333,139
CUST_904,INV_8444,2024-03-09,186.12,beauty,upi,loyal,east,1353.9,11,123.08181818181819,166
CUST_245,INV_8445,2024-06-27,91.77,clothing,debit card,returning,north,731.02,10,73.102,168
CUST_404,INV_8446,2024-03-03,14.43,electronics,credit card,returning,north,401.87,13,30.913076923076922,161
CUST_843,INV_8447,2024-03-08,49.63,home,cash on delivery,loyal,east,735.54,9,81.72666666666666,112
CUST_758,INV_8448,2024-05-23,355.07,electronics,cash on delivery,new,north,1520.67,12,126.72250000000001,150
CUST_540,INV_8449,2024-05-31,43.25,books,cash on delivery,new,west,1001.1500000000001,9,111.2388888888889,169
CUST_160,INV_8450,2024-01-06,202.37,books,cash on delivery,returning,west,1260.26,17,74.13294117647058,158
CUST_746,INV_8451,2024-04-28,9.78,electronics,debit card,returning,north,344.91,5,68.982,100
CUST_701,INV_8452,2024-02-26,40.67,home,cash on delivery,new,south,1062.53,11,96.59363636363636,125
CUST_116,INV_8453,2024-01-31,43.23,electronics,cash on delivery,loyal,north,1609.68,13,123.82153846153847,148
CUST_270,INV_8454,2024-01-06,5.3,home,cash on delivery,loyal,east,965.77,12,80.48083333333334,160
CUST_769,INV_8455,2024-06-05,12.68,clothing,upi,new,south,996.21,11,90.56454545454545,137
CUST_691,INV_8456,2024-03-07,21.46,clothing,debit card,new,east,422.05,9,46.894444444444446,147
CUST_486,INV_8457,2024-05-10,181.9,home,credit card,new,west,786.74,7,112.39142857142858,170
CUST_884,INV_8458,2024-06-04,6.55,beauty,debit card,returning,east,679.67,10,67.967,153
CUST_171,INV_8459,2024-03-14,35.48,clothing,debit card,new,north,550.38,10,55.038,125
CUST_949,INV_8460,2024-04-23,1.02,books,debit card,new,west,874.32,8,109.29,86
CUST_273,INV_8461,2024-04-06,118.95,electronics,cash on delivery,new,south,952.6199999999999,10,95.26199999999999,152
CUST_258,INV_8462,2024-06-24,96.84,beauty,upi,new,north,754.65,7,107.80714285714285,159
CUST_134,INV_8463,2024-03-20,103.56,books,upi,loyal,west,611.79,7,87.39857142857143,125
CUST_682,INV_8464,2024-05-02,46.9,electronics,upi,loyal,south,735.53,8,91.94125,124
CUST_721,INV_8465,2024-05-17,23.35,books,upi,new,west,710.14,8,88.7675,161
CUST_747,INV_8466,2024-02-02,127.41,beauty,credit card,returning,south,1537.69,11,139.79,145
CUST_421,INV_8467,2024-05-19,166.66,home,upi,returning,south,1688.19,15,112.546,170
CUST_420,INV_8468,2024-02-13,14.92,electronics,cash on delivery,loyal,east,633.8100000000001,10,63.38100000000001,146
CUST_185,INV_8469,2024-01-13,66.71,books,cash on delivery,returning,north,445.11,6,74.185,142
CUST_928,INV_8470,2024-05-31,28.6,books,upi,returning,south,1642.5,21,78.21428571428571,169
CUST_363,INV_8471,2024-06-20,18.41,beauty,credit card,loyal,south,1494.74,16,93.42125,141
CUST_954,INV_8472,2024-02-26,132.55,beauty,upi,new,east,1420.93,11,129.17545454545456,150
CUST_606,INV_8473,2024-04-05,77.24,beauty,cash on delivery,new,south,1199.92,13,92.30153846153847,152
CUST_377,INV_8474,2024-05-23,24.36,home,cash on delivery,loyal,south,1043.45,13,80.26538461538462,166
CUST_522,INV_8475,2024-04-18,37.11,clothing,cash on delivery,new,west,659.8299999999999,11,59.98454545454545,165
CUST_579,INV_8476,2024-04-29,340.08,books,debit card,new,north,1594.01,11,144.91,165
CUST_890,INV_8477,2024-04-09,188.84,home,cash on delivery,loyal,east,2004.37,19,105.49315789473684,170
CUST_721,INV_8478,2024-05-28,211.98,books,upi,loyal,east,710.14,8,88.7675,161
CUST_195,INV_8479,2024-04-20,61.62,home,cash on delivery,loyal,south,1024.49,10,102.449,164
CUST_880,INV_8480,2024-02-20,97.77,electronics,credit card,returning,south,1739.45,16,108.715625,135
CUST_97,INV_8481,2024-01-21,47.28,clothing,debit card,loyal,east,1315.1100000000001,9,146.12333333333333,161
CUST_604,INV_8482,2024-02-29,8.09,books,credit card,loyal,south,755.38,10,75.538,148
CUST_983,INV_8483,2024-06-27,51.26,beauty,cash on delivery,loyal,south,1420.05,15,94.67,178
CUST_21,INV_8484,2024-01-21,90.14,clothing,debit card,loyal,west,1068.97,15,71.26466666666667,156
CUST_449,INV_8485,2024-04-16,33.85,books,debit card,new,east,1535.53,15,102.36866666666667,160
CUST_171,INV_8486,2024-05-05,188.35,electronics,debit card,loyal,south,550.38,10,55.038,125
CUST_382,INV_8487,2024-05-13,16.38,books,cash on delivery,loyal,north,1317.6999999999998,10,131.76999999999998,153
CUST_133,INV_8488,2024-03-13,45.75,books,credit card,returning,south,854.97,11,77.72454545454546,109
CUST_425,INV_8489,2024-03-16,13.34,books,cash on delivery,returning,west,928.41,10,92.841,148
CUST_24,INV_8490,2024-03-18,51.89,clothing,debit card,new,west,1497.66,16,93.60375,163
CUST_502,INV_8491,2024-05-13,4.05,books,cash on delivery,loyal,east,948.38,12,79.03166666666667,165
CUST_184,INV_8492,2024-03-05,31.82,beauty,debit card,loyal,west,638.32,8,79.79,128
CUST_84,INV_8493,2024-03-26,51.21,home,debit card,loyal,west,715.28,8,89.41,97
CUST_566,INV_8494,2024-02-03,65.04,beauty,debit card,returning,north,968.67,13,74.51307692307692,111
CUST_762,INV_8495,2024-02-25,78.46,electronics,cash on delivery,new,west,767.49,12,63.9575,149
CUST_143,INV_8496,2024-03-15,32.16,clothing,cash on delivery,returning,south,1385.37,14,98.955,149
CUST_862,INV_8497,2024-01-03,74.03,home,debit card,loyal,west,496.33,7,70.9042857142857,170
CUST_909,INV_8498,2024-06-18,71.13,clothing,upi,returning,north,1021.12,7,145.87428571428572,160
CUST_678,INV_8499,2024-01-06,38.01,clothing,credit card,loyal,east,705.93,9,78.43666666666667,154
CUST_411,INV_8500,2024-01-06,177.31,books,debit card,loyal,north,1097.61,9,121.95666666666665,163
CUST_223,INV_8501,2024-05-27,78.89,beauty,debit card,loyal,south,786.03,9,87.33666666666666,126
CUST_219,INV_8502,2024-05-28,40.39,home,debit card,new,south,1823.3,14,130.2357142857143,164
CUST_178,INV_8503,2024-01-02,294.39,books,debit card,returning,east,1390.4499999999998,10,139.045,161
CUST_630,INV_8504,2024-03-30,186.51,home,debit card,loyal,north,1144.15,11,104.01363636363637,164
CUST_432,INV_8505,2024-02-25,405.06,beauty,upi,loyal,north,956.8299999999999,7,136.69,39
CUST_264,INV_8506,2024-04-05,117.84,books,cash on delivery,new,east,1034.75,10,103.475,165
CUST_953,INV_8507,2024-01-10,47.52,home,upi,new,east,781.53,8,97.69125,161
CUST_428,INV_8508,2024-03-27,32.97,books,debit card,loyal,east,1757.97,13,135.22846153846154,171
CUST_661,INV_8509,2024-03-10,108.86,clothing,debit card,loyal,east,1633.99,15,108.93266666666666,133
CUST_415,INV_8510,2024-05-30,395.37,electronics,debit card,loyal,south,1779.05,10,177.905,132
CUST_452,INV_8511,2024-04-22,98.54,home,cash on delivery,loyal,south,1422.5,11,129.3181818181818,156
CUST_726,INV_8512,2024-01-30,213.38,beauty,credit card,new,east,1882.9499999999998,14,134.49642857142857,160
CUST_196,INV_8513,2024-05-07,39.91,home,credit card,returning,west,595.04,6,99.17333333333333,114
CUST_553,INV_8514,2024-03-18,52.25,electronics,upi,new,east,1940.8,15,129.38666666666666,147
CUST_52,INV_8515,2024-06-13,236.74,home,upi,new,west,946.78,11,86.07090909090908,140
CUST_479,INV_8516,2024-02-24,141.41,home,credit card,returning,west,1529.98,12,127.49833333333333,144
CUST_442,INV_8517,2024-02-18,398.51,home,debit card,loyal,north,1684.2,14,120.3,146
CUST_329,INV_8518,2024-02-03,149.06,beauty,cash on delivery,loyal,west,1777.21,10,177.721,163
CUST_250,INV_8519,2024-04-14,59.51,electronics,upi,returning,west,1687.99,12,140.66583333333332,171
CUST_806,INV_8520,2024-06-20,75.73,electronics,cash on delivery,new,west,1409.26,10,140.926,157
CUST_889,INV_8521,2024-01-22,230.78,beauty,debit card,loyal,south,1265.12,10,126.51199999999999,144
CUST_782,INV_8522,2024-01-31,80.22,home,debit card,returning,north,1358.75,16,84.921875,170
CUST_966,INV_8523,2024-05-14,29.49,home,upi,returning,north,657.57,6,109.59500000000001,106
CUST_924,INV_8524,2024-04-14,57.2,electronics,credit card,returning,west,1477.36,17,86.9035294117647,156
CUST_122,INV_8525,2024-05-28,72.63,home,credit card,loyal,south,1014.54,7,144.93428571428572,145
CUST_878,INV_8526,2024-01-16,10.17,clothing,credit card,returning,east,642.09,6,107.015,65
CUST_386,INV_8527,2024-01-20,136.17,home,debit card,new,south,2344.88,16,146.555,158
CUST_338,INV_8528,2024-02-12,11.58,home,debit card,new,north,1012.3600000000001,9,112.48444444444446,154
CUST_777,INV_8529,2024-06-20,51.91,books,cash on delivery,returning,west,627.48,11,57.04363636363637,172
CUST_347,INV_8530,2024-02-16,163.28,electronics,cash on delivery,returning,south,974.64,11,88.60363636363637,136
CUST_28,INV_8531,2024-04-23,63.03,electronics,cash on delivery,returning,west,559.96,11,50.905454545454546,136
CUST_974,INV_8532,2024-01-19,184.53,clothing,debit card,new,east,1943.69,10,194.369,172
CUST_34,INV_8533,2024-02-17,41.84,clothing,credit card,loyal,south,905.3,11,82.3,164
CUST_517,INV_8534,2024-05-18,316.15,clothing,debit card,new,east,1311.9299999999998,10,131.19299999999998,153
CUST_395,INV_8535,2024-06-05,23.5,electronics,cash on delivery,returning,east,394.9,7,56.41428571428571,154
CUST_622,INV_8536,2024-02-14,3.9,books,cash on delivery,loyal,north,904.56,11,82.23272727272727,146
CUST_293,INV_8537,2024-06-12,205.91,books,cash on delivery,loyal,north,1691.33,13,130.10230769230768,168
CUST_588,INV_8538,2024-06-24,139.51,beauty,cash on delivery,returning,west,1285.54,10,128.554,163
CUST_348,INV_8539,2024-03-27,26.39,electronics,upi,returning,east,1574.46,13,121.1123076923077,126
CUST_146,INV_8540,2024-01-15,418.26,beauty,cash on delivery,new,east,1396.88,13,107.4523076923077,172
CUST_66,INV_8541,2024-04-19,69.77,home,debit card,new,north,370.99,5,74.19800000000001,123
CUST_903,INV_8542,2024-06-20,301.73,clothing,upi,new,east,1026.3,8,128.2875,158
CUST_519,INV_8543,2024-04-05,70.33,beauty,credit card,returning,south,1053.73,14,75.26642857142858,151
CUST_121,INV_8544,2024-06-16,63.84,beauty,debit card,loyal,east,1001.52,11,91.04727272727273,157
CUST_339,INV_8545,2024-04-11,59.63,electronics,debit card,new,east,857.42,12,71.45166666666667,155
CUST_174,INV_8546,2024-03-26,40.78,clothing,credit card,returning,north,815.64,11,74.1490909090909,134
CUST_899,INV_8547,2024-05-21,76.29,clothing,debit card,loyal,north,1282.45,12,106.87083333333334,155
CUST_690,INV_8548,2024-03-21,60.25,books,upi,returning,west,1153.93,12,96.16083333333334,166
CUST_596,INV_8549,2024-02-20,3.74,beauty,credit card,returning,north,670.57,7,95.7957142857143,118
CUST_450,INV_8550,2024-04-21,30.17,books,upi,returning,south,990.25,9,110.02777777777777,110
CUST_556,INV_8551,2024-01-15,23.97,beauty,cash on delivery,new,east,779.64,11,70.87636363636364,134
CUST_135,INV_8552,2024-03-05,202.07,electronics,credit card,returning,west,321.99,5,64.398,142
CUST_854,INV_8553,2024-03-28,91.35,electronics,upi,returning,east,992.4300000000001,13,76.34076923076924,171
CUST_15,INV_8554,2024-03-16,144.26,home,cash on delivery,returning,north,761.0699999999999,8,95.13374999999999,138
CUST_332,INV_8555,2024-01-10,314.25,beauty,upi,new,east,570.24,6,95.04,152
CUST_194,INV_8556,2024-02-11,103.29,beauty,upi,returning,east,1282.82,14,91.63,161
CUST_495,INV_8557,2024-04-04,405.19,clothing,debit card,returning,south,1322.4,8,165.3,129
CUST_8,INV_8558,2024-01-11,37.36,clothing,cash on delivery,new,east,779.15,6,129.85833333333332,156
CUST_827,INV_8559,2024-04-27,20.61,books,debit card,returning,south,1576.78,15,105.11866666666667,163
CUST_333,INV_8560,2024-05-23,51.64,home,cash on delivery,loyal,east,1502.38,12,125.19833333333334,162
CUST_332,INV_8561,2024-05-04,63.64,electronics,cash on delivery,returning,north,570.24,6,95.04,152
CUST_326,INV_8562,2024-03-18,225.72,beauty,debit card,returning,west,2143.43,15,142.89533333333333,119
CUST_14,INV_8563,2024-05-26,82.08,books,debit card,new,north,508.96,9,56.55111111111111,162
CUST_838,INV_8564,2024-06-07,34.56,home,debit card,new,west,195.84,4,48.96,140
CUST_613,INV_8565,2024-03-30,135.73,clothing,cash on delivery,new,east,425.91999999999996,7,60.84571428571428,138
CUST_225,INV_8566,2024-01-08,70.49,home,cash on delivery,new,north,1552.4299999999998,13,119.41769230769229,158
CUST_424,INV_8567,2024-05-31,17.69,books,cash on delivery,loyal,south,1788.03,11,162.5481818181818,96
CUST_789,INV_8568,2024-05-15,86.0,electronics,cash on delivery,returning,north,1280.23,10,128.023,152
CUST_407,INV_8569,2024-04-20,242.36,clothing,cash on delivery,returning,south,917.11,9,101.9011111111111,106
CUST_112,INV_8570,2024-06-24,184.91,clothing,cash on delivery,loyal,east,2010.72,18,111.70666666666666,160
CUST_996,INV_8571,2024-06-06,88.38,electronics,upi,new,east,892.71,10,89.271,139
CUST_427,INV_8572,2024-02-27,47.33,clothing,debit card,returning,west,618.85,10,61.885000000000005,172
CUST_0,INV_8573,2024-03-26,9.1,books,cash on delivery,loyal,north,944.31,16,59.019375,127
CUST_265,INV_8574,2024-02-24,63.42,clothing,upi,returning,east,731.36,9,81.26222222222222,129
CUST_490,INV_8575,2024-05-01,139.46,beauty,credit card,loyal,west,1049.44,11,95.40363636363637,179
CUST_207,INV_8576,2024-04-17,44.67,home,upi,loyal,west,991.4,8,123.925,109
CUST_621,INV_8577,2024-02-17,26.85,books,debit card,returning,east,1010.19,11,91.83545454545455,172
CUST_711,INV_8578,2024-05-11,267.92,electronics,credit card,new,south,1223.05,9,135.89444444444445,153
CUST_951,INV_8579,2024-06-13,172.35,books,cash on delivery,new,south,1323.99,12,110.3325,141
CUST_368,INV_8580,2024-05-15,101.69,beauty,debit card,loyal,west,721.13,11,65.55727272727273,176
CUST_984,INV_8581,2024-05-08,14.71,clothing,credit card,new,east,1069.58,12,89.13166666666666,172
CUST_305,INV_8582,2024-02-16,15.65,clothing,upi,returning,north,1482.96,10,148.296,141
CUST_11,INV_8583,2024-01-05,10.89,books,credit card,loyal,north,2019.26,18,112.18111111111111,160
CUST_344,INV_8584,2024-06-26,95.79,clothing,debit card,returning,west,1541.7,12,128.475,156
CUST_464,INV_8585,2024-01-24,12.28,clothing,credit card,returning,north,623.29,8,77.91125,121
CUST_699,INV_8586,2024-06-23,184.91,beauty,upi,new,east,2424.12,16,151.5075,174
CUST_665,INV_8587,2024-01-18,495.69,electronics,credit card,returning,north,1727.89,15,115.19266666666667,146
CUST_493,INV_8588,2024-03-24,45.63,home,upi,loyal,north,1712.71,17,100.74764705882353,171
CUST_367,INV_8589,2024-06-04,60.45,books,credit card,loyal,east,1281.82,8,160.2275,117
CUST_845,INV_8590,2024-01-05,124.36,electronics,upi,returning,south,789.13,9,87.68111111111111,163
CUST_936,INV_8591,2024-01-30,276.71,home,upi,returning,south,1728.72,15,115.248,153
CUST_419,INV_8592,2024-01-01,224.52,electronics,upi,loyal,west,1069.12,15,71.27466666666666,166
CUST_888,INV_8593,2024-03-26,5.93,books,cash on delivery,new,east,922.5,13,70.96153846153847,151
CUST_790,INV_8594,2024-03-22,18.52,beauty,upi,new,south,1002.99,11,91.1809090909091,137
CUST_170,INV_8595,2024-06-22,140.49,beauty,debit card,new,north,2201.4,13,169.33846153846156,157
CUST_133,INV_8596,2024-03-09,116.76,beauty,upi,returning,west,854.97,11,77.72454545454546,109
CUST_964,INV_8597,2024-01-31,14.3,electronics,cash on delivery,returning,east,323.58,6,53.93,127
CUST_426,INV_8598,2024-03-31,69.73,books,cash on delivery,loyal,east,803.35,12,66.94583333333334,137
CUST_24,INV_8599,2024-04-02,151.78,clothing,debit card,loyal,west,1497.66,16,93.60375,163
CUST_529,INV_8600,2024-05-06,24.69,clothing,upi,loyal,south,973.99,12,81.16583333333334,133
CUST_189,INV_8601,2024-06-04,205.02,beauty,cash on delivery,loyal,west,1748.28,14,124.87714285714286,171
CUST_140,INV_8602,2024-01-16,5.44,electronics,cash on delivery,new,west,1463.55,14,104.53928571428571,160
CUST_554,INV_8603,2024-02-23,152.42,clothing,credit card,returning,east,467.72999999999996,5,93.54599999999999,124
CUST_845,INV_8604,2024-05-19,95.66,electronics,credit card,returning,east,789.13,9,87.68111111111111,163
CUST_795,INV_8605,2024-01-20,37.86,books,debit card,new,north,1477.78,11,134.34363636363636,157
CUST_657,INV_8606,2024-03-22,127.63,beauty,credit card,loyal,west,1862.21,16,116.388125,146
CUST_314,INV_8607,2024-06-10,152.49,home,upi,loyal,east,559.07,7,79.86714285714287,155
CUST_443,INV_8608,2024-05-30,271.66,beauty,credit card,returning,east,1208.88,8,151.11,126
CUST_318,INV_8609,2024-04-18,45.85,home,cash on delivery,loyal,east,218.88,6,36.48,85
CUST_440,INV_8610,2024-06-03,115.84,clothing,debit card,returning,east,952.15,14,68.01071428571429,154
CUST_91,INV_8611,2024-04-22,92.29,home,credit card,new,west,802.32,10,80.232,137
CUST_178,INV_8612,2024-01-17,74.49,electronics,debit card,returning,west,1390.4499999999998,10,139.045,161
CUST_55,INV_8613,2024-06-24,221.11,home,upi,new,south,907.49,9,100.83222222222223,160
CUST_154,INV_8614,2024-05-28,0.32,clothing,upi,loyal,west,894.68,11,81.33454545454545,146
CUST_671,INV_8615,2024-06-26,33.14,clothing,credit card,returning,east,1361.11,14,97.22214285714286,172
CUST_110,INV_8616,2024-06-16,77.28,beauty,credit card,loyal,north,3131.33,17,184.19588235294117,168
CUST_136,INV_8617,2024-05-05,19.64,clothing,credit card,loyal,west,1410.93,14,100.7807142857143,166
CUST_231,INV_8618,2024-01-03,238.45,electronics,cash on delivery,loyal,south,1369.29,10,136.929,176
CUST_991,INV_8619,2024-01-17,104.3,home,upi,returning,west,640.42,9,71.15777777777777,167
CUST_467,INV_8620,2024-02-19,64.99,books,cash on delivery,loyal,east,728.05,6,121.34166666666665,158
CUST_731,INV_8621,2024-05-01,168.58,clothing,credit card,returning,south,1332.29,12,111.02416666666666,153
CUST_480,INV_8622,2024-03-30,59.94,home,upi,loyal,east,1189.1399999999999,12,99.09499999999998,172
CUST_67,INV_8623,2024-03-27,81.79,beauty,cash on delivery,new,east,823.55,9,91.50555555555555,144
CUST_813,INV_8624,2024-01-06,0.28,books,cash on delivery,returning,west,432.77,10,43.277,173
CUST_248,INV_8625,2024-06-04,45.52,beauty,debit card,new,west,372.59999999999997,5,74.52,174
CUST_993,INV_8626,2024-02-24,14.94,electronics,cash on delivery,new,south,490.41,10,49.041000000000004,167
CUST_322,INV_8627,2024-06-21,117.02,beauty,credit card,returning,south,620.87,7,88.69571428571429,150
CUST_921,INV_8628,2024-05-26,65.21,home,credit card,returning,south,1084.65,8,135.58125,156
CUST_903,INV_8629,2024-04-11,35.92,books,cash on delivery,returning,south,1026.3,8,128.2875,158
CUST_517,INV_8630,2024-01-29,63.08,beauty,debit card,loyal,north,1311.9299999999998,10,131.19299999999998,153
CUST_975,INV_8631,2024-05-30,23.53,beauty,debit card,loyal,south,646.1899999999999,9,71.79888888888888,171
CUST_791,INV_8632,2024-04-20,259.14,electronics,debit card,new,west,862.3,11,78.39090909090909,159
CUST_431,INV_8633,2024-06-08,5.55,home,cash on delivery,returning,north,1680.19,10,168.019,158
CUST_486,INV_8634,2024-01-10,200.56,beauty,cash on delivery,new,east,786.74,7,112.39142857142858,170
CUST_605,INV_8635,2024-03-31,71.61,home,debit card,loyal,east,1590.42,12,132.535,164
CUST_428,INV_8636,2024-06-25,96.48,clothing,cash on delivery,new,south,1757.97,13,135.22846153846154,171
CUST_268,INV_8637,2024-01-29,36.04,electronics,upi,new,east,725.07,8,90.63375,79
CUST_708,INV_8638,2024-02-14,340.21,electronics,credit card,returning,north,1246.67,11,113.33363636363637,127
CUST_536,INV_8639,2024-02-20,33.11,electronics,cash on delivery,returning,west,2514.01,16,157.125625,170
CUST_147,INV_8640,2024-04-10,88.89,home,upi,new,west,897.03,11,81.54818181818182,162
CUST_117,INV_8641,2024-05-07,502.32,beauty,cash on delivery,loyal,north,2229.23,16,139.326875,150
CUST_849,INV_8642,2024-01-11,212.94,beauty,upi,new,south,1751.8999999999999,14,125.13571428571427,174
CUST_366,INV_8643,2024-03-22,76.86,home,debit card,loyal,south,1142.62,13,87.89384615384614,141
CUST_849,INV_8644,2024-05-07,464.33,home,credit card,new,south,1751.8999999999999,14,125.13571428571427,174
CUST_65,INV_8645,2024-01-06,120.85,clothing,cash on delivery,new,north,1054.71,8,131.83875,173
CUST_969,INV_8646,2024-03-07,23.41,books,upi,returning,south,344.49,8,43.06125,153
CUST_812,INV_8647,2024-03-02,52.02,books,upi,new,west,1181.57,10,118.157,147
CUST_369,INV_8648,2024-05-12,40.72,electronics,debit card,loyal,north,556.19,7,79.4557142857143,157
CUST_174,INV_8649,2024-05-16,42.16,beauty,credit card,new,north,815.64,11,74.1490909090909,134
CUST_830,INV_8650,2024-01-28,142.9,electronics,credit card,new,east,1706.6100000000001,14,121.9007142857143,146
CUST_587,INV_8651,2024-02-07,87.77,beauty,credit card,loyal,east,1142.67,14,81.61928571428572,176
CUST_494,INV_8652,2024-02-12,3.88,beauty,upi,new,south,1187.8400000000001,10,118.78400000000002,140
CUST_972,INV_8653,2024-04-26,209.92,clothing,cash on delivery,new,south,2206.61,18,122.58944444444445,154
CUST_113,INV_8654,2024-05-28,35.21,home,cash on delivery,new,west,1221.58,10,122.15799999999999,160
CUST_110,INV_8655,2024-02-15,583.44,home,debit card,new,south,3131.33,17,184.19588235294117,168
CUST_760,INV_8656,2024-06-14,308.33,home,credit card,loyal,west,1743.15,12,145.26250000000002,141
CUST_438,INV_8657,2024-02-18,282.23,books,cash on delivery,loyal,south,1688.78,15,112.58533333333334,163
CUST_714,INV_8658,2024-02-08,166.67,home,upi,loyal,west,636.83,9,70.75888888888889,165
CUST_146,INV_8659,2024-03-11,24.92,books,upi,loyal,north,1396.88,13,107.4523076923077,172
CUST_34,INV_8660,2024-05-06,76.06,electronics,credit card,new,west,905.3,11,82.3,164
CUST_998,INV_8661,2024-06-06,25.4,books,debit card,loyal,south,802.62,9,89.18,156
CUST_308,INV_8662,2024-05-28,30.07,beauty,debit card,new,east,595.39,9,66.15444444444444,148
CUST_537,INV_8663,2024-01-01,94.41,clothing,credit card,returning,south,949.47,11,86.31545454545454,160
CUST_749,INV_8664,2024-06-08,4.17,clothing,upi,new,north,1129.43,8,141.17875,158
CUST_13,INV_8665,2024-05-15,348.87,beauty,debit card,new,east,778.9,10,77.89,76
CUST_373,INV_8666,2024-03-09,250.93,electronics,upi,loyal,west,597.16,8,74.645,112
CUST_556,INV_8667,2024-01-30,47.93,clothing,upi,loyal,east,779.64,11,70.87636363636364,134
CUST_427,INV_8668,2024-04-24,72.45,beauty,cash on delivery,loyal,south,618.85,10,61.885000000000005,172
CUST_727,INV_8669,2024-01-08,62.76,clothing,debit card,returning,east,1229.15,12,102.42916666666667,160
CUST_232,INV_8670,2024-04-22,213.88,books,upi,new,east,1707.56,16,106.7225,153
CUST_704,INV_8671,2024-01-19,116.67,clothing,cash on delivery,returning,south,591.02,4,147.755,109
CUST_562,INV_8672,2024-02-28,32.59,books,upi,new,south,1821.19,13,140.09153846153848,176
CUST_938,INV_8673,2024-06-06,59.21,books,credit card,new,north,690.6800000000001,10,69.06800000000001,147
CUST_886,INV_8674,2024-03-19,56.03,clothing,debit card,returning,east,1133.96,12,94.49666666666667,164
CUST_725,INV_8675,2024-02-05,320.24,clothing,upi,returning,west,1953.04,22,88.77454545454545,130
CUST_662,INV_8676,2024-02-24,19.27,books,debit card,new,south,1397.85,14,99.84642857142856,118
CUST_439,INV_8677,2024-02-13,9.38,clothing,cash on delivery,returning,east,1140.03,10,114.003,162
CUST_501,INV_8678,2024-06-03,212.54,electronics,debit card,loyal,south,1046.85,9,116.31666666666666,112
CUST_274,INV_8679,2024-03-17,227.0,home,upi,new,north,652.3000000000001,6,108.71666666666668,123
CUST_849,INV_8680,2024-03-18,205.37,home,debit card,loyal,south,1751.8999999999999,14,125.13571428571427,174
CUST_75,INV_8681,2024-04-10,71.53,beauty,credit card,returning,south,1046.33,12,87.19416666666666,147
CUST_438,INV_8682,2024-06-24,107.81,home,credit card,loyal,north,1688.78,15,112.58533333333334,163
CUST_731,INV_8683,2024-01-30,82.87,electronics,cash on delivery,returning,south,1332.29,12,111.02416666666666,153
CUST_859,INV_8684,2024-02-08,7.2,home,upi,loyal,north,249.97,6,41.66166666666667,157
CUST_955,INV_8685,2024-01-13,90.59,home,debit card,returning,east,1447.9499999999998,15,96.52999999999999,151
CUST_698,INV_8686,2024-05-01,1.37,electronics,cash on delivery,new,east,1683.8300000000002,15,112.25533333333334,111
CUST_288,INV_8687,2024-05-23,39.3,books,cash on delivery,new,east,1444.41,15,96.29400000000001,150
CUST_914,INV_8688,2024-06-20,269.26,home,upi,new,west,1795.96,18,99.77555555555556,170
CUST_539,INV_8689,2024-04-21,36.25,beauty,debit card,new,south,1091.96,14,77.99714285714286,168
CUST_890,INV_8690,2024-06-03,281.05,home,cash on delivery,returning,north,2004.37,19,105.49315789473684,170
CUST_691,INV_8691,2024-02-14,28.79,home,cash on delivery,loyal,south,422.05,9,46.894444444444446,147
CUST_252,INV_8692,2024-04-28,37.77,electronics,upi,new,west,1610.4199999999998,14,115.02999999999999,170
CUST_125,INV_8693,2024-02-04,99.0,electronics,upi,returning,south,1259.0,12,104.91666666666667,149
CUST_176,INV_8694,2024-06-04,143.39,beauty,cash on delivery,returning,west,1919.6100000000001,12,159.9675,145
CUST_36,INV_8695,2024-01-07,69.59,clothing,debit card,new,south,435.09000000000003,6,72.515,163
CUST_409,INV_8696,2024-04-19,213.81,electronics,cash on delivery,new,west,831.6800000000001,8,103.96000000000001,142
CUST_610,INV_8697,2024-04-23,4.11,clothing,credit card,returning,north,779.24,12,64.93666666666667,174
CUST_609,INV_8698,2024-02-20,255.35,beauty,upi,loyal,south,2235.26,16,139.70375,177
CUST_126,INV_8699,2024-02-15,21.85,home,credit card,returning,south,547.5600000000001,11,49.77818181818182,167
CUST_482,INV_8700,2024-01-20,215.62,home,debit card,new,north,899.09,11,81.73545454545454,137
CUST_167,INV_8701,2024-04-05,51.23,clothing,upi,new,north,1408.6799999999998,11,128.06181818181815,154
CUST_591,INV_8702,2024-02-07,178.83,beauty,debit card,new,east,963.76,6,160.62666666666667,104
CUST_293,INV_8703,2024-04-13,111.37,beauty,credit card,loyal,west,1691.33,13,130.10230769230768,168
CUST_844,INV_8704,2024-02-01,19.35,electronics,debit card,loyal,north,937.66,9,104.18444444444444,152
CUST_637,INV_8705,2024-06-02,250.16,clothing,upi,loyal,east,1027.08,13,79.00615384615384,145
CUST_342,INV_8706,2024-02-27,28.17,electronics,credit card,returning,west,881.05,13,67.77307692307691,151
CUST_309,INV_8707,2024-06-15,27.99,clothing,upi,returning,east,643.33,8,80.41625,164
CUST_661,INV_8708,2024-05-27,168.3,electronics,credit card,loyal,south,1633.99,15,108.93266666666666,133
CUST_527,INV_8709,2024-03-22,11.19,electronics,cash on delivery,loyal,west,1312.62,12,109.38499999999999,133
CUST_539,INV_8710,2024-02-19,25.11,beauty,debit card,new,south,1091.96,14,77.99714285714286,168
CUST_418,INV_8711,2024-02-21,70.05,beauty,debit card,new,south,812.63,12,67.71916666666667,149
CUST_443,INV_8712,2024-03-26,177.48,home,upi,returning,south,1208.88,8,151.11,126
CUST_684,INV_8713,2024-04-24,15.96,home,cash on delivery,loyal,south,2119.79,18,117.76611111111112,175
CUST_557,INV_8714,2024-05-29,79.33,beauty,upi,loyal,south,1240.24,14,88.58857142857143,126
CUST_839,INV_8715,2024-02-22,124.22,beauty,upi,returning,south,1780.11,16,111.256875,135
CUST_235,INV_8716,2024-03-06,197.04,electronics,credit card,loyal,east,703.51,9,78.16777777777777,120
CUST_438,INV_8717,2024-04-26,274.21,home,cash on delivery,new,east,1688.78,15,112.58533333333334,163
CUST_213,INV_8718,2024-02-12,153.54,beauty,credit card,loyal,west,783.45,10,78.345,103
CUST_84,INV_8719,2024-03-22,105.79,clothing,upi,returning,west,715.28,8,89.41,97
CUST_793,INV_8720,2024-05-30,56.85,clothing,credit card,returning,west,1227.72,15,81.848,141
CUST_743,INV_8721,2024-03-04,11.89,home,credit card,loyal,south,1296.94,8,162.1175,106
CUST_84,INV_8722,2024-05-16,123.7,clothing,debit card,returning,south,715.28,8,89.41,97
CUST_920,INV_8723,2024-04-22,492.5,electronics,cash on delivery,new,east,1876.07,18,104.22611111111111,169
CUST_488,INV_8724,2024-05-14,133.47,home,debit card,new,east,1247.72,11,113.42909090909092,117
CUST_64,INV_8725,2024-06-17,1.69,beauty,cash on delivery,new,west,1123.87,14,80.27642857142857,167
CUST_645,INV_8726,2024-02-23,68.57,clothing,debit card,loyal,north,1134.8,12,94.56666666666666,158
CUST_662,INV_8727,2024-03-05,95.36,electronics,upi,returning,north,1397.85,14,99.84642857142856,118
CUST_626,INV_8728,2024-01-02,117.01,beauty,debit card,new,south,574.0,5,114.8,134
CUST_63,INV_8729,2024-05-11,127.2,books,cash on delivery,returning,south,492.82,6,82.13666666666667,148
CUST_342,INV_8730,2024-03-18,81.67,electronics,cash on delivery,returning,south,881.05,13,67.77307692307691,151
CUST_938,INV_8731,2024-02-01,25.28,clothing,cash on delivery,returning,east,690.6800000000001,10,69.06800000000001,147
CUST_874,INV_8732,2024-04-09,285.08,electronics,debit card,new,south,504.63000000000005,7,72.09,146
CUST_918,INV_8733,2024-05-09,119.29,books,credit card,returning,south,1603.97,14,114.56928571428571,169
CUST_351,INV_8734,2024-04-13,27.03,books,debit card,new,south,887.71,9,98.63444444444445,165
CUST_157,INV_8735,2024-05-21,38.91,electronics,credit card,new,north,180.45,5,36.089999999999996,165
CUST_588,INV_8736,2024-05-27,255.01,beauty,debit card,new,north,1285.54,10,128.554,163
CUST_490,INV_8737,2024-03-29,218.47,beauty,upi,loyal,west,1049.44,11,95.40363636363637,179
CUST_657,INV_8738,2024-02-18,51.94,books,upi,returning,south,1862.21,16,116.388125,146
CUST_854,INV_8739,2024-05-15,3.91,home,debit card,loyal,east,992.4300000000001,13,76.34076923076924,171
CUST_462,INV_8740,2024-06-22,4.97,home,debit card,loyal,north,682.57,8,85.32125,165
CUST_224,INV_8741,2024-05-28,33.4,beauty,debit card,loyal,west,835.81,11,75.98272727272727,150
CUST_916,INV_8742,2024-03-27,99.19,home,upi,loyal,south,1850.32,16,115.645,127
CUST_312,INV_8743,2024-06-08,87.75,beauty,credit card,new,north,1643.46,13,126.42,152
CUST_614,INV_8744,2024-01-08,100.47,clothing,cash on delivery,new,east,929.96,9,103.3288888888889,114
CUST_918,INV_8745,2024-04-10,126.33,beauty,credit card,returning,east,1603.97,14,114.56928571428571,169
CUST_858,INV_8746,2024-01-16,1.92,clothing,debit card,returning,east,955.58,10,95.558,115
CUST_812,INV_8747,2024-02-09,11.1,books,upi,new,east,1181.57,10,118.157,147
CUST_939,INV_8748,2024-04-15,44.55,home,cash on delivery,returning,south,1461.0900000000001,15,97.406,141
CUST_465,INV_8749,2024-01-27,16.83,books,credit card,returning,west,396.40999999999997,7,56.629999999999995,137
CUST_87,INV_8750,2024-04-13,7.83,electronics,debit card,loyal,west,869.63,11,79.05727272727273,164
CUST_882,INV_8751,2024-04-14,102.43,electronics,upi,loyal,east,1199.94,15,79.99600000000001,156
CUST_302,INV_8752,2024-05-25,168.92,books,upi,loyal,south,1727.23,14,123.37357142857142,155
CUST_679,INV_8753,2024-02-04,139.69,beauty,cash on delivery,loyal,west,524.1899999999999,6,87.365,144
CUST_434,INV_8754,2024-04-22,169.85,beauty,credit card,loyal,west,1873.11,16,117.069375,161
CUST_681,INV_8755,2024-02-21,109.62,home,upi,new,west,1672.08,10,167.208,141
CUST_134,INV_8756,2024-05-22,132.93,books,debit card,loyal,east,611.79,7,87.39857142857143,125
CUST_49,INV_8757,2024-02-22,31.72,electronics,debit card,loyal,south,869.48,9,96.60888888888888,134
CUST_431,INV_8758,2024-03-31,496.3,books,cash on delivery,new,east,1680.19,10,168.019,158
CUST_339,INV_8759,2024-03-21,20.23,books,credit card,loyal,south,857.42,12,71.45166666666667,155
CUST_346,INV_8760,2024-04-13,24.14,home,upi,returning,north,686.51,5,137.302,124
CUST_645,INV_8761,2024-03-06,34.1,beauty,cash on delivery,new,south,1134.8,12,94.56666666666666,158
CUST_346,INV_8762,2024-04-22,370.23,electronics,credit card,returning,south,686.51,5,137.302,124
CUST_648,INV_8763,2024-01-31,444.72,home,credit card,returning,east,1229.63,9,136.62555555555556,135
CUST_244,INV_8764,2024-03-01,158.42,electronics,upi,new,east,845.55,9,93.94999999999999,168
CUST_108,INV_8765,2024-04-10,99.17,electronics,cash on delivery,new,north,1502.8700000000001,15,100.19133333333335,150
CUST_824,INV_8766,2024-04-14,73.41,beauty,cash on delivery,loyal,east,2560.0699999999997,19,134.74052631578945,159
CUST_798,INV_8767,2024-04-07,352.75,beauty,cash on delivery,new,south,1315.81,7,187.97285714285712,145
CUST_532,INV_8768,2024-02-03,118.95,home,cash on delivery,new,west,608.9300000000001,9,67.6588888888889,112
CUST_89,INV_8769,2024-02-28,289.55,clothing,credit card,loyal,east,1903.25,14,135.94642857142858,151
CUST_295,INV_8770,2024-01-03,38.06,home,cash on delivery,loyal,west,1865.1,14,133.22142857142856,162
CUST_111,INV_8771,2024-01-17,40.61,home,cash on delivery,new,west,1059.83,13,81.52538461538461,177
CUST_812,INV_8772,2024-03-18,192.91,clothing,upi,loyal,west,1181.57,10,118.157,147
CUST_588,INV_8773,2024-02-15,16.23,electronics,debit card,loyal,east,1285.54,10,128.554,163
CUST_176,INV_8774,2024-06-14,291.74,books,credit card,loyal,south,1919.6100000000001,12,159.9675,145
CUST_342,INV_8775,2024-02-04,70.82,clothing,upi,returning,west,881.05,13,67.77307692307691,151
CUST_659,INV_8776,2024-05-08,260.93,books,upi,loyal,north,1856.52,14,132.60857142857142,164
CUST_100,INV_8777,2024-04-21,41.07,electronics,upi,returning,east,1127.27,11,102.47909090909091,167
CUST_757,INV_8778,2024-06-05,125.86,clothing,credit card,new,west,1097.94,17,64.58470588235295,170
CUST_628,INV_8779,2024-05-11,65.95,beauty,debit card,returning,west,1068.54,11,97.14,153
CUST_603,INV_8780,2024-03-01,98.57,home,credit card,returning,east,534.06,10,53.40599999999999,117
CUST_400,INV_8781,2024-04-06,70.19,clothing,cash on delivery,returning,south,2887.32,18,160.40666666666667,165
CUST_27,INV_8782,2024-05-24,341.48,clothing,debit card,returning,north,947.5699999999999,9,105.28555555555555,161
CUST_936,INV_8783,2024-06-04,117.8,electronics,credit card,returning,west,1728.72,15,115.248,153
CUST_961,INV_8784,2024-06-26,28.94,beauty,credit card,returning,north,792.14,15,52.809333333333335,165
CUST_536,INV_8785,2024-03-30,240.44,clothing,cash on delivery,new,east,2514.01,16,157.125625,170
CUST_57,INV_8786,2024-05-15,34.82,beauty,credit card,new,south,1066.52,12,88.87666666666667,125
CUST_497,INV_8787,2024-06-10,46.46,books,debit card,new,east,1045.63,8,130.70375,152
CUST_296,INV_8788,2024-02-28,10.77,clothing,upi,returning,south,114.42,3,38.14,114
CUST_133,INV_8789,2024-01-18,230.23,beauty,credit card,loyal,west,854.97,11,77.72454545454546,109
CUST_330,INV_8790,2024-04-04,33.7,home,credit card,returning,west,870.25,13,66.9423076923077,171
CUST_248,INV_8791,2024-06-03,29.96,electronics,debit card,new,west,372.59999999999997,5,74.52,174
CUST_549,INV_8792,2024-01-16,252.9,beauty,credit card,returning,south,1184.88,14,84.63428571428572,164
CUST_901,INV_8793,2024-01-10,163.75,electronics,upi,new,east,1474.79,12,122.89916666666666,165
CUST_940,INV_8794,2024-04-13,15.21,clothing,cash on delivery,loyal,west,330.98,6,55.163333333333334,121
CUST_74,INV_8795,2024-03-16,146.67,clothing,cash on delivery,loyal,south,1455.28,16,90.955,150
CUST_653,INV_8796,2024-05-29,244.22,books,cash on delivery,new,west,955.4,9,106.15555555555555,153
CUST_833,INV_8797,2024-01-16,8.18,electronics,upi,new,east,1352.11,9,150.23444444444442,143
CUST_167,INV_8798,2024-01-12,174.42,home,cash on delivery,returning,north,1408.6799999999998,11,128.06181818181815,154
CUST_770,INV_8799,2024-03-15,79.28,home,debit card,returning,north,1317.23,8,164.65375,82
CUST_502,INV_8800,2024-06-27,110.62,beauty,debit card,returning,east,948.38,12,79.03166666666667,165
CUST_884,INV_8801,2024-05-08,67.9,home,upi,loyal,west,679.67,10,67.967,153
CUST_354,INV_8802,2024-01-27,119.67,electronics,upi,loyal,west,1420.43,12,118.36916666666667,134
CUST_224,INV_8803,2024-01-12,3.47,clothing,upi,loyal,north,835.81,11,75.98272727272727,150
CUST_663,INV_8804,2024-01-30,143.85,electronics,debit card,returning,north,2021.0,17,118.88235294117646,152
CUST_530,INV_8805,2024-01-09,3.39,electronics,upi,new,north,575.49,6,95.915,170
CUST_145,INV_8806,2024-02-22,60.75,clothing,upi,new,north,854.13,11,77.64818181818181,159
CUST_959,INV_8807,2024-02-23,16.37,electronics,cash on delivery,returning,south,1104.43,9,122.71444444444445,66
CUST_240,INV_8808,2024-06-13,173.49,home,upi,returning,east,453.83,6,75.63833333333334,98
CUST_883,INV_8809,2024-06-18,37.64,beauty,credit card,new,west,1316.5900000000001,13,101.27615384615386,174
CUST_892,INV_8810,2024-02-18,60.53,beauty,cash on delivery,new,west,1313.34,11,119.39454545454545,141
CUST_343,INV_8811,2024-01-04,55.99,electronics,debit card,loyal,east,1414.3899999999999,12,117.86583333333333,169
CUST_748,INV_8812,2024-03-19,148.06,clothing,debit card,returning,west,1357.18,13,104.39846153846155,125
CUST_34,INV_8813,2024-06-27,65.61,books,debit card,loyal,west,905.3,11,82.3,164
CUST_701,INV_8814,2024-03-31,155.57,electronics,cash on delivery,loyal,north,1062.53,11,96.59363636363636,125
CUST_0,INV_8815,2024-03-19,7.64,electronics,debit card,new,west,944.31,16,59.019375,127
CUST_995,INV_8816,2024-06-07,21.27,books,cash on delivery,returning,east,1159.33,7,165.6185714285714,127
CUST_152,INV_8817,2024-04-12,80.19,beauty,cash on delivery,new,east,595.8299999999999,8,74.47874999999999,124
CUST_428,INV_8818,2024-04-20,293.91,beauty,credit card,loyal,east,1757.97,13,135.22846153846154,171
CUST_944,INV_8819,2024-02-27,7.77,books,credit card,returning,west,1317.27,12,109.7725,148
CUST_507,INV_8820,2024-03-22,4.4,clothing,credit card,loyal,south,879.5,12,73.29166666666667,167
CUST_125,INV_8821,2024-05-11,17.03,electronics,credit card,loyal,north,1259.0,12,104.91666666666667,149
CUST_490,INV_8822,2024-01-22,102.49,home,credit card,new,east,1049.44,11,95.40363636363637,179
CUST_481,INV_8823,2024-05-10,50.91,beauty,debit card,returning,south,1460.54,10,146.054,141
CUST_344,INV_8824,2024-03-19,174.61,beauty,debit card,returning,west,1541.7,12,128.475,156
CUST_911,INV_8825,2024-04-08,7.47,beauty,debit card,returning,north,835.55,14,59.68214285714286,154
CUST_737,INV_8826,2024-06-23,21.87,clothing,credit card,returning,south,1151.37,11,104.66999999999999,159
CUST_220,INV_8827,2024-02-07,35.67,books,upi,loyal,west,330.15999999999997,7,47.16571428571428,147
CUST_914,INV_8828,2024-06-09,98.55,clothing,debit card,new,west,1795.96,18,99.77555555555556,170
CUST_918,INV_8829,2024-06-24,115.57,beauty,debit card,returning,south,1603.97,14,114.56928571428571,169
CUST_722,INV_8830,2024-04-26,13.26,electronics,upi,loyal,south,649.23,4,162.3075,106
CUST_24,INV_8831,2024-01-26,287.89,beauty,credit card,new,east,1497.66,16,93.60375,163
CUST_527,INV_8832,2024-05-15,41.71,electronics,cash on delivery,new,north,1312.62,12,109.38499999999999,133
CUST_181,INV_8833,2024-02-19,124.89,electronics,upi,new,north,1221.8700000000001,12,101.8225,149
CUST_498,INV_8834,2024-02-07,74.28,beauty,upi,returning,east,1599.85,14,114.27499999999999,143
CUST_840,INV_8835,2024-05-17,25.2,beauty,debit card,loyal,north,174.72,6,29.12,156
CUST_640,INV_8836,2024-02-11,187.23,electronics,debit card,new,north,1006.74,7,143.82,112
CUST_41,INV_8837,2024-02-06,170.51,clothing,credit card,new,west,1050.08,9,116.67555555555555,161
CUST_914,INV_8838,2024-06-02,50.43,clothing,cash on delivery,new,south,1795.96,18,99.77555555555556,170
CUST_480,INV_8839,2024-05-19,88.82,clothing,cash on delivery,loyal,east,1189.1399999999999,12,99.09499999999998,172
CUST_929,INV_8840,2024-02-18,29.82,home,upi,loyal,south,589.29,11,53.57181818181818,138
CUST_847,INV_8841,2024-05-21,117.07,electronics,credit card,returning,north,1753.78,11,159.43454545454546,147
CUST_747,INV_8842,2024-02-15,36.97,home,cash on delivery,returning,north,1537.69,11,139.79,145
CUST_871,INV_8843,2024-06-11,185.84,home,upi,loyal,east,1672.77,14,119.48357142857142,177
CUST_438,INV_8844,2024-01-29,24.51,electronics,debit card,returning,south,1688.78,15,112.58533333333334,163
CUST_401,INV_8845,2024-01-12,1.49,home,cash on delivery,loyal,west,584.6600000000001,8,73.08250000000001,166
CUST_545,INV_8846,2024-04-25,31.27,electronics,upi,returning,south,707.49,11,64.31727272727272,143
CUST_344,INV_8847,2024-03-22,21.2,books,cash on delivery,returning,south,1541.7,12,128.475,156
CUST_892,INV_8848,2024-02-13,70.99,books,credit card,loyal,east,1313.34,11,119.39454545454545,141
CUST_44,INV_8849,2024-01-02,22.78,electronics,upi,new,west,367.18,7,52.45428571428572,157
CUST_645,INV_8850,2024-01-17,144.05,electronics,credit card,new,south,1134.8,12,94.56666666666666,158
CUST_20,INV_8851,2024-05-17,27.62,electronics,upi,returning,south,1237.24,11,112.47636363636364,158
CUST_633,INV_8852,2024-01-18,122.75,clothing,debit card,new,north,1314.47,13,101.11307692307693,161
CUST_69,INV_8853,2024-01-22,86.39,electronics,cash on delivery,new,north,580.79,8,72.59875,151
CUST_863,INV_8854,2024-03-23,428.67,beauty,debit card,returning,west,1743.0,12,145.25,141
CUST_872,INV_8855,2024-02-27,922.02,books,credit card,new,south,1664.3799999999999,9,184.9311111111111,146
CUST_47,INV_8856,2024-02-22,203.66,books,cash on delivery,loyal,south,1064.54,8,133.0675,157
CUST_490,INV_8857,2024-01-01,142.7,electronics,debit card,loyal,north,1049.44,11,95.40363636363637,179
CUST_550,INV_8858,2024-03-01,48.85,books,upi,new,west,1213.02,12,101.085,156
CUST_286,INV_8859,2024-06-07,139.95,electronics,upi,loyal,east,1970.11,12,164.17583333333332,155
CUST_9,INV_8860,2024-01-31,313.9,electronics,debit card,loyal,north,883.4699999999999,13,67.95923076923076,156
CUST_541,INV_8861,2024-03-06,2.37,books,cash on delivery,new,south,922.86,13,70.98923076923077,142
CUST_755,INV_8862,2024-05-26,77.2,books,credit card,loyal,east,562.57,6,93.76166666666667,139
CUST_273,INV_8863,2024-02-22,24.59,beauty,upi,returning,south,952.6199999999999,10,95.26199999999999,152
CUST_955,INV_8864,2024-04-04,81.62,home,credit card,returning,south,1447.9499999999998,15,96.52999999999999,151
CUST_599,INV_8865,2024-05-29,62.82,beauty,cash on delivery,returning,south,533.61,3,177.87,28
CUST_755,INV_8866,2024-01-23,85.75,beauty,cash on delivery,new,west,562.57,6,93.76166666666667,139
CUST_380,INV_8867,2024-05-22,80.06,books,upi,loyal,east,1306.4,14,93.31428571428572,144
CUST_328,INV_8868,2024-06-02,322.16,beauty,credit card,new,south,998.94,7,142.7057142857143,113
CUST_478,INV_8869,2024-05-10,80.34,books,cash on delivery,new,west,255.21,4,63.8025,163
CUST_14,INV_8870,2024-03-27,187.23,clothing,credit card,loyal,east,508.96,9,56.55111111111111,162
CUST_515,INV_8871,2024-05-27,38.54,electronics,upi,loyal,north,884.47,13,68.03615384615385,165
CUST_190,INV_8872,2024-05-04,57.64,home,upi,loyal,west,897.22,13,69.01692307692308,127
CUST_167,INV_8873,2024-04-18,63.57,clothing,cash on delivery,new,east,1408.6799999999998,11,128.06181818181815,154
CUST_520,INV_8874,2024-02-09,32.67,electronics,cash on delivery,new,south,1246.13,10,124.61300000000001,137
CUST_620,INV_8875,2024-04-30,47.77,electronics,credit card,returning,south,549.15,10,54.915,172
CUST_136,INV_8876,2024-02-08,91.26,home,cash on delivery,new,west,1410.93,14,100.7807142857143,166
CUST_153,INV_8877,2024-04-29,86.79,beauty,upi,loyal,north,2354.16,19,123.90315789473684,138
CUST_387,INV_8878,2024-01-18,101.18,electronics,cash on delivery,new,west,872.6700000000001,10,87.26700000000001,155
CUST_208,INV_8879,2024-06-17,43.36,home,debit card,returning,north,691.4,10,69.14,156
CUST_271,INV_8880,2024-06-03,37.96,books,upi,loyal,north,1447.75,7,206.82142857142858,140
CUST_142,INV_8881,2024-05-22,94.58,electronics,credit card,returning,west,1343.5,12,111.95833333333333,138
CUST_610,INV_8882,2024-02-06,14.26,electronics,cash on delivery,new,west,779.24,12,64.93666666666667,174
CUST_888,INV_8883,2024-01-05,29.17,beauty,cash on delivery,new,west,922.5,13,70.96153846153847,151
CUST_819,INV_8884,2024-03-13,4.3,beauty,upi,returning,east,963.63,11,87.60272727272728,167
CUST_68,INV_8885,2024-05-14,7.54,books,upi,returning,east,1342.35,15,89.49,125
CUST_246,INV_8886,2024-02-10,27.89,electronics,credit card,loyal,west,1430.28,15,95.352,149
CUST_260,INV_8887,2024-01-10,1.97,beauty,upi,loyal,east,1024.5,10,102.45,157
CUST_787,INV_8888,2024-06-02,28.16,home,credit card,returning,east,262.3,6,43.71666666666667,143
CUST_78,INV_8889,2024-03-08,106.41,electronics,cash on delivery,loyal,north,1628.28,14,116.30571428571429,164
CUST_657,INV_8890,2024-01-24,6.31,home,credit card,returning,south,1862.21,16,116.388125,146
CUST_622,INV_8891,2024-03-18,57.4,clothing,credit card,returning,south,904.56,11,82.23272727272727,146
CUST_769,INV_8892,2024-06-17,244.31,books,credit card,new,east,996.21,11,90.56454545454545,137
CUST_604,INV_8893,2024-05-24,156.68,beauty,cash on delivery,returning,north,755.38,10,75.538,148
CUST_524,INV_8894,2024-04-18,36.45,clothing,debit card,loyal,west,1104.35,12,92.02916666666665,130
CUST_771,INV_8895,2024-01-24,258.77,beauty,debit card,returning,north,968.77,12,80.73083333333334,170
CUST_937,INV_8896,2024-06-03,40.0,clothing,credit card,new,north,1849.38,14,132.09857142857143,167
CUST_620,INV_8897,2024-01-07,7.53,beauty,upi,loyal,south,549.15,10,54.915,172
CUST_329,INV_8898,2024-03-13,512.54,books,debit card,returning,west,1777.21,10,177.721,163
CUST_188,INV_8899,2024-04-16,204.04,electronics,cash on delivery,new,south,811.53,9,90.17,94
CUST_94,INV_8900,2024-04-08,62.72,home,credit card,loyal,east,968.11,8,121.01375,152
CUST_616,INV_8901,2024-05-01,109.77,clothing,debit card,new,south,639.3,7,91.32857142857142,121
CUST_7,INV_8902,2024-01-12,111.24,home,cash on delivery,new,north,1709.73,13,131.5176923076923,164
CUST_66,INV_8903,2024-03-25,21.63,home,credit card,loyal,west,370.99,5,74.19800000000001,123
CUST_495,INV_8904,2024-01-03,22.32,beauty,debit card,new,west,1322.4,8,165.3,129
CUST_190,INV_8905,2024-03-19,63.41,electronics,credit card,new,west,897.22,13,69.01692307692308,127
CUST_365,INV_8906,2024-03-25,242.56,beauty,debit card,new,south,1150.82,11,104.61999999999999,141
CUST_767,INV_8907,2024-01-10,1.0,home,debit card,loyal,south,957.02,10,95.702,163
CUST_520,INV_8908,2024-02-02,152.56,books,upi,new,south,1246.13,10,124.61300000000001,137
CUST_989,INV_8909,2024-02-15,5.92,electronics,debit card,returning,east,1160.0,12,96.66666666666667,120
CUST_116,INV_8910,2024-02-28,65.05,electronics,upi,new,south,1609.68,13,123.82153846153847,148
CUST_266,INV_8911,2024-02-21,101.58,home,cash on delivery,returning,east,877.1,9,97.45555555555556,160
CUST_610,INV_8912,2024-01-06,116.08,beauty,debit card,new,south,779.24,12,64.93666666666667,174
CUST_484,INV_8913,2024-05-09,6.03,books,credit card,returning,east,1281.8899999999999,16,80.11812499999999,162
CUST_508,INV_8914,2024-01-29,54.23,clothing,upi,loyal,north,749.6,11,68.14545454545454,169
CUST_297,INV_8915,2024-04-28,87.67,beauty,debit card,new,north,943.38,9,104.82,163
CUST_908,INV_8916,2024-06-16,6.83,electronics,upi,returning,west,947.69,13,72.89923076923077,157
CUST_163,INV_8917,2024-04-06,14.51,beauty,credit card,loyal,north,1121.61,13,86.2776923076923,130
CUST_375,INV_8918,2024-03-08,108.96,clothing,credit card,new,west,1246.71,14,89.05071428571429,148
CUST_652,INV_8919,2024-06-05,73.74,books,credit card,new,east,1155.64,11,105.05818181818182,147
CUST_267,INV_8920,2024-02-29,17.65,books,cash on delivery,new,west,1714.25,16,107.140625,141
CUST_548,INV_8921,2024-05-03,76.62,clothing,cash on delivery,loyal,north,588.86,9,65.42888888888889,128
CUST_73,INV_8922,2024-03-24,243.83,clothing,credit card,loyal,east,905.9300000000001,8,113.24125000000001,105
CUST_507,INV_8923,2024-02-10,1.57,home,cash on delivery,returning,west,879.5,12,73.29166666666667,167
CUST_72,INV_8924,2024-04-22,102.9,electronics,cash on delivery,new,east,2477.25,19,130.3815789473684,176
CUST_307,INV_8925,2024-03-05,7.65,home,cash on delivery,returning,east,1040.1299999999999,9,115.57,106
CUST_198,INV_8926,2024-03-19,0.65,beauty,cash on delivery,returning,north,723.96,8,90.495,146
CUST_129,INV_8927,2024-03-03,16.33,clothing,cash on delivery,returning,east,1389.36,17,81.7270588235294,163
CUST_757,INV_8928,2024-06-24,54.98,home,cash on delivery,returning,south,1097.94,17,64.58470588235295,170
CUST_823,INV_8929,2024-05-27,162.12,electronics,credit card,returning,north,1463.07,9,162.56333333333333,98
CUST_571,INV_8930,2024-04-27,33.1,electronics,cash on delivery,new,west,964.01,9,107.11222222222221,119
CUST_790,INV_8931,2024-02-06,98.26,clothing,cash on delivery,loyal,south,1002.99,11,91.1809090909091,137
CUST_614,INV_8932,2024-03-04,52.96,home,upi,returning,north,929.96,9,103.3288888888889,114
CUST_807,INV_8933,2024-03-26,26.7,books,upi,loyal,east,190.21,7,27.172857142857143,144
CUST_831,INV_8934,2024-05-12,72.21,clothing,cash on delivery,returning,west,1121.82,13,86.29384615384615,139
CUST_486,INV_8935,2024-02-03,159.68,beauty,debit card,new,east,786.74,7,112.39142857142858,170
CUST_852,INV_8936,2024-02-08,178.67,home,debit card,returning,east,1323.13,13,101.77923076923078,126
CUST_150,INV_8937,2024-03-07,187.42,home,cash on delivery,returning,west,671.38,7,95.91142857142857,151
CUST_668,INV_8938,2024-03-02,41.33,clothing,credit card,returning,west,659.13,9,73.23666666666666,120
CUST_205,INV_8939,2024-03-28,157.72,home,credit card,new,north,1322.57,13,101.73615384615384,175
CUST_985,INV_8940,2024-05-31,23.85,home,upi,returning,north,935.9300000000001,11,85.08454545454546,177
CUST_178,INV_8941,2024-05-10,134.1,beauty,credit card,new,east,1390.4499999999998,10,139.045,161
CUST_196,INV_8942,2024-04-18,296.39,beauty,credit card,loyal,north,595.04,6,99.17333333333333,114
CUST_734,INV_8943,2024-03-29,1.38,books,credit card,loyal,south,1246.28,10,124.628,150
CUST_88,INV_8944,2024-03-07,58.05,beauty,cash on delivery,loyal,west,1012.77,8,126.59625,155
CUST_798,INV_8945,2024-03-19,104.35,books,cash on delivery,new,east,1315.81,7,187.97285714285712,145
CUST_433,INV_8946,2024-06-26,120.99,beauty,debit card,returning,south,886.0899999999999,8,110.76124999999999,164
CUST_787,INV_8947,2024-01-29,19.37,books,upi,loyal,south,262.3,6,43.71666666666667,143
CUST_747,INV_8948,2024-03-14,358.21,beauty,debit card,loyal,west,1537.69,11,139.79,145
CUST_182,INV_8949,2024-02-01,95.52,beauty,credit card,returning,north,1836.42,14,131.17285714285714,157
CUST_208,INV_8950,2024-03-27,17.95,clothing,credit card,loyal,south,691.4,10,69.14,156
CUST_492,INV_8951,2024-02-08,2.07,beauty,debit card,loyal,east,636.61,10,63.661,159
CUST_129,INV_8952,2024-05-16,152.91,books,debit card,returning,south,1389.36,17,81.7270588235294,163
CUST_664,INV_8953,2024-04-10,8.31,clothing,cash on delivery,new,west,1203.96,10,120.396,136
CUST_12,INV_8954,2024-05-21,15.2,books,cash on delivery,new,north,1189.3700000000001,14,84.95500000000001,160
CUST_633,INV_8955,2024-03-08,85.53,beauty,upi,loyal,north,1314.47,13,101.11307692307693,161
CUST_870,INV_8956,2024-05-27,92.51,beauty,cash on delivery,loyal,east,1217.66,12,101.47166666666668,169
CUST_731,INV_8957,2024-01-28,116.12,books,credit card,new,east,1332.29,12,111.02416666666666,153
CUST_105,INV_8958,2024-01-14,50.01,home,credit card,loyal,east,1413.3799999999999,12,117.78166666666665,153
CUST_374,INV_8959,2024-06-20,148.68,clothing,debit card,new,east,1235.58,13,95.04461538461538,162
CUST_581,INV_8960,2024-03-17,366.35,clothing,upi,loyal,east,1979.65,13,152.28076923076924,145
CUST_706,INV_8961,2024-04-25,31.62,beauty,cash on delivery,loyal,south,110.28,5,22.056,104
CUST_697,INV_8962,2024-06-15,121.41,clothing,upi,new,south,807.16,10,80.716,150
CUST_98,INV_8963,2024-01-28,263.76,books,credit card,returning,west,1488.62,15,99.24133333333333,147
CUST_593,INV_8964,2024-03-29,115.93,beauty,credit card,loyal,north,816.65,10,81.66499999999999,122
CUST_586,INV_8965,2024-02-01,114.29,clothing,cash on delivery,loyal,south,725.16,7,103.5942857142857,129
CUST_885,INV_8966,2024-05-16,25.33,electronics,cash on delivery,returning,east,990.19,11,90.01727272727273,143
CUST_851,INV_8967,2024-06-04,76.6,clothing,cash on delivery,loyal,west,1729.42,13,133.0323076923077,160
CUST_191,INV_8968,2024-04-04,82.67,books,debit card,returning,east,1744.07,14,124.57642857142856,154
CUST_324,INV_8969,2024-01-17,120.44,clothing,credit card,returning,north,831.17,8,103.89625,145
CUST_978,INV_8970,2024-04-26,575.13,home,debit card,new,east,838.39,6,139.73166666666665,133
CUST_725,INV_8971,2024-03-17,3.42,home,credit card,returning,west,1953.04,22,88.77454545454545,130
CUST_826,INV_8972,2024-02-24,6.75,beauty,cash on delivery,new,west,1230.2,9,136.6888888888889,163
CUST_955,INV_8973,2024-01-10,8.12,home,credit card,new,west,1447.9499999999998,15,96.52999999999999,151
CUST_466,INV_8974,2024-03-20,135.86,books,credit card,new,north,1071.0,12,89.25,111
CUST_893,INV_8975,2024-05-13,14.66,electronics,upi,loyal,south,520.47,9,57.830000000000005,142
CUST_366,INV_8976,2024-06-24,97.41,electronics,credit card,loyal,south,1142.62,13,87.89384615384614,141
CUST_317,INV_8977,2024-04-25,39.26,beauty,credit card,returning,west,2119.2799999999997,16,132.45499999999998,166
CUST_143,INV_8978,2024-06-17,61.12,beauty,upi,new,south,1385.37,14,98.955,149
CUST_383,INV_8979,2024-03-19,24.29,home,cash on delivery,loyal,north,1846.6,12,153.88333333333333,151
CUST_215,INV_8980,2024-02-29,201.07,books,upi,loyal,east,1566.6299999999999,12,130.55249999999998,135
CUST_360,INV_8981,2024-02-11,88.23,home,cash on delivery,returning,north,1133.4299999999998,11,103.03909090909089,83
CUST_323,INV_8982,2024-04-25,289.25,books,cash on delivery,loyal,south,941.5899999999999,11,85.5990909090909,156
CUST_14,INV_8983,2024-04-18,85.47,books,cash on delivery,loyal,north,508.96,9,56.55111111111111,162
CUST_216,INV_8984,2024-03-11,13.23,electronics,credit card,loyal,east,1413.6200000000001,12,117.80166666666668,124
CUST_491,INV_8985,2024-06-04,18.74,books,upi,loyal,north,1204.84,10,120.484,111
CUST_950,INV_8986,2024-04-11,451.66,clothing,upi,loyal,south,1161.93,8,145.24125,109
CUST_546,INV_8987,2024-01-13,129.3,books,upi,loyal,east,1600.3700000000001,13,123.10538461538462,158
CUST_182,INV_8988,2024-01-15,5.05,electronics,upi,returning,south,1836.42,14,131.17285714285714,157
CUST_269,INV_8989,2024-02-05,121.67,home,debit card,new,east,1414.0900000000001,12,117.84083333333335,156
CUST_944,INV_8990,2024-01-15,53.13,books,credit card,loyal,west,1317.27,12,109.7725,148
CUST_466,INV_8991,2024-04-26,36.7,clothing,debit card,new,east,1071.0,12,89.25,111
CUST_869,INV_8992,2024-03-15,16.73,beauty,credit card,returning,south,362.53,6,60.42166666666666,149
CUST_611,INV_8993,2024-02-25,183.2,home,upi,returning,west,1114.33,12,92.86083333333333,172
CUST_518,INV_8994,2024-04-04,6.6,beauty,debit card,new,west,1608.16,10,160.816,168
CUST_541,INV_8995,2024-05-11,34.23,clothing,cash on delivery,new,south,922.86,13,70.98923076923077,142
CUST_466,INV_8996,2024-02-21,36.58,electronics,upi,returning,south,1071.0,12,89.25,111
CUST_304,INV_8997,2024-05-17,17.54,electronics,upi,loyal,north,751.09,11,68.28090909090909,165
CUST_984,INV_8998,2024-06-21,70.97,home,cash on delivery,new,south,1069.58,12,89.13166666666666,172
CUST_143,INV_8999,2024-03-24,1.18,books,upi,new,east,1385.37,14,98.955,149
CUST_110,INV_9000,2024-01-29,35.81,books,credit card,loyal,west,3131.33,17,184.19588235294117,168
CUST_231,INV_9001,2024-02-22,271.25,beauty,upi,new,north,1369.29,10,136.929,176
CUST_690,INV_9002,2024-06-05,37.18,electronics,credit card,loyal,north,1153.93,12,96.16083333333334,166
CUST_583,INV_9003,2024-05-30,44.7,books,credit card,returning,north,949.73,12,79.14416666666666,167
CUST_721,INV_9004,2024-06-26,64.09,books,upi,new,west,710.14,8,88.7675,161
CUST_731,INV_9005,2024-01-21,82.48,electronics,cash on delivery,loyal,north,1332.29,12,111.02416666666666,153
CUST_591,INV_9006,2024-04-21,165.4,electronics,credit card,loyal,west,963.76,6,160.62666666666667,104
CUST_499,INV_9007,2024-06-19,21.11,clothing,debit card,returning,west,727.19,14,51.94214285714286,170
CUST_594,INV_9008,2024-05-17,205.37,beauty,credit card,new,north,511.0,5,102.2,128
CUST_553,INV_9009,2024-03-16,141.7,electronics,cash on delivery,loyal,west,1940.8,15,129.38666666666666,147
CUST_272,INV_9010,2024-01-30,128.25,clothing,upi,new,north,1756.03,19,92.42263157894736,152
CUST_702,INV_9011,2024-05-04,9.08,electronics,cash on delivery,loyal,south,1241.85,8,155.23125,164
CUST_172,INV_9012,2024-02-20,2.19,home,cash on delivery,new,east,765.0500000000001,11,69.55000000000001,160
CUST_972,INV_9013,2024-06-09,90.14,home,upi,new,south,2206.61,18,122.58944444444445,154
CUST_6,INV_9014,2024-05-25,198.88,home,debit card,loyal,east,1140.84,11,103.71272727272726,176
CUST_154,INV_9015,2024-03-18,87.81,electronics,debit card,loyal,west,894.68,11,81.33454545454545,146
CUST_521,INV_9016,2024-01-22,23.98,books,credit card,new,west,1074.26,7,153.46571428571428,129
CUST_545,INV_9017,2024-03-04,9.49,books,credit card,new,north,707.49,11,64.31727272727272,143
CUST_547,INV_9018,2024-01-21,120.26,home,debit card,returning,south,1250.64,10,125.06400000000001,162
CUST_920,INV_9019,2024-05-08,127.93,beauty,upi,loyal,south,1876.07,18,104.22611111111111,169
CUST_517,INV_9020,2024-04-16,18.94,clothing,cash on delivery,new,west,1311.9299999999998,10,131.19299999999998,153
CUST_919,INV_9021,2024-04-25,2.86,home,upi,new,south,1715.16,15,114.34400000000001,174
CUST_913,INV_9022,2024-05-03,52.47,clothing,cash on delivery,loyal,east,1886.23,11,171.47545454545454,176
CUST_214,INV_9023,2024-05-22,87.4,clothing,cash on delivery,new,west,1047.22,10,104.72200000000001,142
CUST_133,INV_9024,2024-02-05,122.42,home,debit card,new,north,854.97,11,77.72454545454546,109
CUST_284,INV_9025,2024-02-16,166.04,books,debit card,returning,north,901.05,11,81.91363636363636,142
CUST_125,INV_9026,2024-02-01,94.3,beauty,upi,returning,west,1259.0,12,104.91666666666667,149
CUST_920,INV_9027,2024-06-22,11.75,home,cash on delivery,loyal,west,1876.07,18,104.22611111111111,169
CUST_438,INV_9028,2024-02-23,114.75,clothing,upi,loyal,north,1688.78,15,112.58533333333334,163
CUST_848,INV_9029,2024-06-09,414.63,electronics,credit card,loyal,east,2094.2799999999997,16,130.89249999999998,147
CUST_685,INV_9030,2024-06-15,236.01,electronics,debit card,returning,south,1553.76,10,155.376,168
CUST_151,INV_9031,2024-01-23,205.31,clothing,debit card,returning,west,537.1,7,76.72857142857143,173
CUST_330,INV_9032,2024-06-19,35.98,home,cash on delivery,returning,west,870.25,13,66.9423076923077,171
CUST_537,INV_9033,2024-01-02,138.95,books,debit card,new,east,949.47,11,86.31545454545454,160
CUST_382,INV_9034,2024-06-14,190.45,home,upi,returning,north,1317.6999999999998,10,131.76999999999998,153
CUST_114,INV_9035,2024-06-05,113.42,beauty,cash on delivery,returning,west,583.08,7,83.29714285714286,117
CUST_893,INV_9036,2024-04-19,28.84,electronics,cash on delivery,loyal,east,520.47,9,57.830000000000005,142
CUST_481,INV_9037,2024-05-03,307.55,clothing,credit card,returning,west,1460.54,10,146.054,141
CUST_283,INV_9038,2024-03-07,59.93,books,upi,returning,east,1223.8,10,122.38,171
CUST_898,INV_9039,2024-03-11,13.9,home,cash on delivery,new,east,909.4,13,69.95384615384616,157
CUST_74,INV_9040,2024-06-12,11.63,beauty,debit card,returning,north,1455.28,16,90.955,150
CUST_165,INV_9041,2024-01-29,104.28,home,debit card,loyal,south,1617.77,12,134.81416666666667,131
CUST_188,INV_9042,2024-04-28,57.57,beauty,cash on delivery,new,north,811.53,9,90.17,94
CUST_77,INV_9043,2024-06-13,9.93,home,debit card,returning,east,547.69,10,54.769000000000005,140
CUST_946,INV_9044,2024-04-22,134.85,books,cash on delivery,returning,south,1168.55,16,73.034375,160
CUST_601,INV_9045,2024-02-14,160.61,books,cash on delivery,returning,south,1577.98,13,121.38307692307693,133
CUST_687,INV_9046,2024-01-16,129.25,clothing,cash on delivery,new,north,1128.25,12,94.02083333333333,89
CUST_20,INV_9047,2024-01-31,22.6,books,debit card,new,north,1237.24,11,112.47636363636364,158
CUST_565,INV_9048,2024-06-10,117.05,beauty,debit card,returning,west,951.3399999999999,12,79.27833333333332,162
CUST_183,INV_9049,2024-02-19,1.08,clothing,upi,loyal,south,781.65,10,78.16499999999999,119
CUST_870,INV_9050,2024-05-01,36.4,books,credit card,returning,east,1217.66,12,101.47166666666668,169
CUST_221,INV_9051,2024-06-19,50.89,electronics,debit card,new,west,527.87,9,58.65222222222222,157
CUST_826,INV_9052,2024-01-15,180.33,beauty,cash on delivery,new,west,1230.2,9,136.6888888888889,163
CUST_327,INV_9053,2024-06-24,49.49,clothing,debit card,new,west,526.98,7,75.28285714285714,169
CUST_178,INV_9054,2024-02-18,1.13,beauty,debit card,loyal,west,1390.4499999999998,10,139.045,161
CUST_787,INV_9055,2024-06-20,43.44,clothing,cash on delivery,returning,north,262.3,6,43.71666666666667,143
CUST_111,INV_9056,2024-01-10,69.1,beauty,upi,returning,south,1059.83,13,81.52538461538461,177
CUST_735,INV_9057,2024-01-20,297.6,electronics,cash on delivery,new,west,1179.4,14,84.24285714285715,156
CUST_725,INV_9058,2024-03-10,283.08,books,upi,returning,south,1953.04,22,88.77454545454545,130
CUST_58,INV_9059,2024-01-08,19.95,home,debit card,loyal,east,1328.9,14,94.92142857142858,150
CUST_326,INV_9060,2024-06-21,20.47,home,cash on delivery,loyal,south,2143.43,15,142.89533333333333,119
CUST_904,INV_9061,2024-02-03,17.84,home,debit card,returning,north,1353.9,11,123.08181818181819,166
CUST_620,INV_9062,2024-06-27,155.55,clothing,cash on delivery,returning,south,549.15,10,54.915,172
CUST_896,INV_9063,2024-01-04,0.6,books,debit card,returning,east,1162.97,13,89.45923076923077,154
CUST_668,INV_9064,2024-04-17,13.6,clothing,debit card,returning,east,659.13,9,73.23666666666666,120
CUST_190,INV_9065,2024-06-15,77.21,clothing,debit card,returning,west,897.22,13,69.01692307692308,127
CUST_199,INV_9066,2024-01-24,28.44,clothing,cash on delivery,returning,east,813.37,6,135.56166666666667,157
CUST_311,INV_9067,2024-02-24,9.69,clothing,upi,new,west,408.44,6,68.07333333333334,73
CUST_707,INV_9068,2024-01-26,44.61,books,debit card,new,north,693.33,8,86.66625,149
CUST_34,INV_9069,2024-01-25,32.05,home,cash on delivery,new,north,905.3,11,82.3,164
CUST_378,INV_9070,2024-02-05,71.56,beauty,cash on delivery,loyal,north,932.3599999999999,7,133.1942857142857,111
CUST_386,INV_9071,2024-03-11,387.44,clothing,debit card,loyal,south,2344.88,16,146.555,158
CUST_757,INV_9072,2024-01-12,13.27,books,debit card,loyal,east,1097.94,17,64.58470588235295,170
CUST_236,INV_9073,2024-05-08,46.64,electronics,upi,loyal,east,1333.49,14,95.24928571428572,169
CUST_615,INV_9074,2024-04-25,268.8,beauty,debit card,new,east,1607.96,11,146.17818181818183,125
CUST_518,INV_9075,2024-06-26,209.45,clothing,upi,returning,west,1608.16,10,160.816,168
CUST_282,INV_9076,2024-06-01,50.13,clothing,credit card,returning,west,2115.36,18,117.52000000000001,148
CUST_0,INV_9077,2024-05-12,120.05,beauty,cash on delivery,returning,north,944.31,16,59.019375,127
CUST_730,INV_9078,2024-03-23,9.2,beauty,upi,loyal,east,618.28,10,61.827999999999996,120
CUST_463,INV_9079,2024-01-06,124.67,clothing,debit card,new,south,914.48,6,152.41333333333333,162
CUST_229,INV_9080,2024-01-26,360.67,books,upi,returning,south,1002.8299999999999,8,125.35374999999999,111
CUST_966,INV_9081,2024-04-22,77.11,electronics,debit card,loyal,north,657.57,6,109.59500000000001,106
CUST_171,INV_9082,2024-04-12,69.01,books,upi,loyal,west,550.38,10,55.038,125
CUST_86,INV_9083,2024-04-29,20.74,home,cash on delivery,loyal,west,824.3199999999999,11,74.93818181818182,145
CUST_552,INV_9084,2024-06-15,100.45,home,upi,returning,west,966.34,10,96.634,166
CUST_122,INV_9085,2024-01-09,89.27,home,credit card,new,north,1014.54,7,144.93428571428572,145
CUST_842,INV_9086,2024-02-14,105.54,clothing,cash on delivery,returning,north,704.37,8,88.04625,149
CUST_297,INV_9087,2024-01-14,2.64,electronics,upi,new,east,943.38,9,104.82,163
CUST_884,INV_9088,2024-04-21,79.57,electronics,credit card,new,east,679.67,10,67.967,153
CUST_928,INV_9089,2024-02-24,90.37,clothing,credit card,returning,east,1642.5,21,78.21428571428571,169
CUST_689,INV_9090,2024-05-16,23.26,clothing,upi,returning,south,1618.6299999999999,10,161.863,138
CUST_574,INV_9091,2024-01-15,23.36,clothing,cash on delivery,loyal,south,1145.9,15,76.39333333333335,157
CUST_483,INV_9092,2024-02-06,32.33,electronics,upi,loyal,east,438.87,5,87.774,54
CUST_164,INV_9093,2024-06-26,124.38,clothing,cash on delivery,returning,south,633.75,10,63.375,164
CUST_698,INV_9094,2024-05-06,93.21,beauty,cash on delivery,returning,south,1683.8300000000002,15,112.25533333333334,111
CUST_382,INV_9095,2024-04-26,186.93,beauty,upi,new,west,1317.6999999999998,10,131.76999999999998,153
CUST_208,INV_9096,2024-03-24,35.05,beauty,credit card,new,west,691.4,10,69.14,156
CUST_738,INV_9097,2024-03-12,243.12,clothing,cash on delivery,loyal,north,1133.27,11,103.02454545454545,169
CUST_431,INV_9098,2024-04-05,136.14,beauty,debit card,new,west,1680.19,10,168.019,158
CUST_388,INV_9099,2024-04-20,50.25,clothing,debit card,returning,east,613.56,4,153.39,110
CUST_559,INV_9100,2024-05-28,10.01,beauty,credit card,new,west,1782.0,11,162.0,111
CUST_223,INV_9101,2024-04-14,29.7,clothing,credit card,new,south,786.03,9,87.33666666666666,126
CUST_2,INV_9102,2024-05-26,314.12,books,upi,new,south,1273.6599999999999,9,141.51777777777775,150
CUST_371,INV_9103,2024-02-27,37.16,home,cash on delivery,returning,east,502.57,5,100.514,88
CUST_686,INV_9104,2024-04-04,40.03,books,upi,loyal,east,778.83,13,59.910000000000004,142
CUST_445,INV_9105,2024-04-27,21.02,home,debit card,new,west,794.53,11,72.23,146
CUST_610,INV_9106,2024-01-06,164.43,home,debit card,returning,west,779.24,12,64.93666666666667,174
CUST_115,INV_9107,2024-01-04,32.25,beauty,cash on delivery,new,west,515.52,10,51.552,133
CUST_269,INV_9108,2024-02-12,40.09,home,cash on delivery,new,north,1414.0900000000001,12,117.84083333333335,156
CUST_446,INV_9109,2024-04-02,53.5,home,debit card,returning,north,977.14,10,97.714,168
CUST_367,INV_9110,2024-02-11,56.87,books,upi,new,east,1281.82,8,160.2275,117
CUST_252,INV_9111,2024-01-03,52.99,home,cash on delivery,returning,west,1610.4199999999998,14,115.02999999999999,170
CUST_316,INV_9112,2024-05-08,70.07,clothing,upi,loyal,south,1069.17,8,133.64625,175
CUST_414,INV_9113,2024-01-15,168.48,clothing,cash on delivery,new,north,542.9,7,77.55714285714285,155
CUST_94,INV_9114,2024-02-16,171.08,beauty,credit card,returning,east,968.11,8,121.01375,152
CUST_784,INV_9115,2024-03-25,160.1,books,upi,new,north,1441.15,13,110.85769230769232,156
CUST_891,INV_9116,2024-06-22,10.66,electronics,debit card,new,west,1044.83,10,104.48299999999999,139
CUST_23,INV_9117,2024-02-27,160.78,books,credit card,new,south,336.84000000000003,2,168.42000000000002,12
CUST_627,INV_9118,2024-02-08,12.81,electronics,upi,returning,south,745.88,13,57.37538461538462,174
CUST_662,INV_9119,2024-05-10,13.32,home,cash on delivery,returning,east,1397.85,14,99.84642857142856,118
CUST_849,INV_9120,2024-06-06,295.39,electronics,debit card,returning,north,1751.8999999999999,14,125.13571428571427,174
CUST_49,INV_9121,2024-02-04,171.15,home,cash on delivery,loyal,west,869.48,9,96.60888888888888,134
CUST_501,INV_9122,2024-06-05,80.39,books,upi,new,west,1046.85,9,116.31666666666666,112
CUST_717,INV_9123,2024-06-26,207.92,books,credit card,returning,south,1060.88,8,132.61,167
CUST_497,INV_9124,2024-02-21,454.36,beauty,upi,new,south,1045.63,8,130.70375,152
CUST_334,INV_9125,2024-04-27,94.33,beauty,debit card,new,west,1143.87,11,103.98818181818181,133
CUST_78,INV_9126,2024-01-14,94.91,home,credit card,new,west,1628.28,14,116.30571428571429,164
CUST_581,INV_9127,2024-06-11,140.42,home,debit card,returning,north,1979.65,13,152.28076923076924,145
CUST_26,INV_9128,2024-06-04,26.41,clothing,cash on delivery,loyal,east,591.45,8,73.93125,155
CUST_270,INV_9129,2024-01-30,18.29,clothing,credit card,loyal,north,965.77,12,80.48083333333334,160
CUST_561,INV_9130,2024-03-30,142.54,clothing,upi,loyal,north,680.04,8,85.005,150
CUST_803,INV_9131,2024-05-14,42.3,books,cash on delivery,loyal,west,917.4300000000001,14,65.5307142857143,157
CUST_246,INV_9132,2024-06-15,14.51,electronics,cash on delivery,returning,north,1430.28,15,95.352,149
CUST_775,INV_9133,2024-04-04,37.82,home,upi,loyal,north,1331.75,19,70.09210526315789,129
CUST_590,INV_9134,2024-03-09,44.42,beauty,cash on delivery,loyal,north,609.6800000000001,7,87.09714285714287,65
CUST_386,INV_9135,2024-06-11,335.89,home,debit card,returning,south,2344.88,16,146.555,158
CUST_701,INV_9136,2024-05-06,119.72,electronics,upi,returning,east,1062.53,11,96.59363636363636,125
CUST_558,INV_9137,2024-02-21,75.68,home,cash on delivery,new,east,1012.74,15,67.516,163
CUST_972,INV_9138,2024-05-21,346.97,beauty,credit card,new,south,2206.61,18,122.58944444444445,154
CUST_360,INV_9139,2024-03-03,233.45,beauty,upi,loyal,west,1133.4299999999998,11,103.03909090909089,83
CUST_865,INV_9140,2024-02-05,71.74,electronics,upi,new,west,636.91,13,48.99307692307692,136
CUST_983,INV_9141,2024-03-31,236.11,beauty,cash on delivery,returning,east,1420.05,15,94.67,178
CUST_487,INV_9142,2024-05-31,51.8,books,upi,new,east,1176.0,10,117.6,140
CUST_351,INV_9143,2024-06-16,26.19,beauty,upi,new,west,887.71,9,98.63444444444445,165
CUST_700,INV_9144,2024-06-05,26.48,electronics,upi,returning,north,734.36,10,73.436,142
CUST_927,INV_9145,2024-02-22,108.56,electronics,upi,loyal,east,718.8000000000001,9,79.86666666666667,179
CUST_255,INV_9146,2024-04-18,69.53,home,upi,new,north,1107.01,10,110.701,101
CUST_221,INV_9147,2024-05-29,107.57,beauty,upi,new,east,527.87,9,58.65222222222222,157
CUST_883,INV_9148,2024-03-12,115.86,beauty,debit card,loyal,south,1316.5900000000001,13,101.27615384615386,174
CUST_752,INV_9149,2024-01-15,2.26,electronics,cash on delivery,new,east,1458.89,11,132.62636363636364,175
CUST_780,INV_9150,2024-04-22,5.56,home,debit card,loyal,south,1254.05,14,89.575,168
CUST_0,INV_9151,2024-03-09,76.07,home,cash on delivery,returning,north,944.31,16,59.019375,127
CUST_545,INV_9152,2024-04-25,21.2,books,upi,returning,west,707.49,11,64.31727272727272,143
CUST_445,INV_9153,2024-01-04,100.11,books,cash on delivery,loyal,north,794.53,11,72.23,146
CUST_78,INV_9154,2024-03-15,80.34,electronics,debit card,returning,north,1628.28,14,116.30571428571429,164
CUST_235,INV_9155,2024-05-25,88.13,home,cash on delivery,returning,north,703.51,9,78.16777777777777,120
CUST_333,INV_9156,2024-02-11,36.02,home,upi,returning,south,1502.38,12,125.19833333333334,162
CUST_888,INV_9157,2024-01-30,102.12,books,upi,returning,east,922.5,13,70.96153846153847,151
CUST_348,INV_9158,2024-05-22,176.9,books,upi,returning,west,1574.46,13,121.1123076923077,126
CUST_97,INV_9159,2024-03-10,625.09,electronics,debit card,returning,north,1315.1100000000001,9,146.12333333333333,161
CUST_81,INV_9160,2024-01-16,182.29,home,credit card,new,north,954.4300000000001,11,86.76636363636364,115
CUST_501,INV_9161,2024-04-20,81.53,electronics,upi,new,north,1046.85,9,116.31666666666666,112
CUST_966,INV_9162,2024-04-13,21.5,books,upi,new,south,657.57,6,109.59500000000001,106
CUST_476,INV_9163,2024-04-16,114.4,beauty,cash on delivery,returning,south,1088.04,15,72.536,158
CUST_926,INV_9164,2024-05-02,277.51,books,credit card,new,south,976.71,8,122.08875,158
CUST_703,INV_9165,2024-06-10,23.81,home,cash on delivery,loyal,east,1227.12,15,81.80799999999999,135
CUST_764,INV_9166,2024-01-27,29.57,electronics,debit card,loyal,east,189.22,5,37.844,143
CUST_920,INV_9167,2024-01-13,16.14,home,credit card,loyal,north,1876.07,18,104.22611111111111,169
CUST_549,INV_9168,2024-06-03,133.45,books,upi,new,west,1184.88,14,84.63428571428572,164
CUST_13,INV_9169,2024-03-13,52.18,books,credit card,returning,south,778.9,10,77.89,76
CUST_391,INV_9170,2024-03-26,6.47,clothing,upi,loyal,east,759.66,10,75.966,149
CUST_346,INV_9171,2024-01-31,207.9,books,debit card,new,east,686.51,5,137.302,124
CUST_309,INV_9172,2024-01-03,81.57,home,cash on delivery,new,west,643.33,8,80.41625,164
CUST_385,INV_9173,2024-01-30,40.21,electronics,debit card,returning,south,1210.29,13,93.09923076923077,157
CUST_208,INV_9174,2024-05-28,42.16,electronics,debit card,returning,east,691.4,10,69.14,156
CUST_356,INV_9175,2024-04-08,34.28,clothing,upi,new,west,905.13,8,113.14125,131
CUST_973,INV_9176,2024-05-13,60.79,home,cash on delivery,returning,west,1034.19,15,68.946,168
CUST_600,INV_9177,2024-06-08,41.1,books,debit card,returning,south,1760.6799999999998,14,125.76285714285713,168
CUST_567,INV_9178,2024-06-18,79.4,beauty,credit card,returning,south,1221.72,8,152.715,142
CUST_93,INV_9179,2024-06-08,148.51,electronics,debit card,returning,south,316.56,5,63.312,156
CUST_92,INV_9180,2024-04-08,112.23,home,upi,returning,north,1036.66,13,79.74307692307693,129
CUST_339,INV_9181,2024-03-26,34.88,clothing,credit card,new,east,857.42,12,71.45166666666667,155
CUST_596,INV_9182,2024-06-15,75.23,beauty,credit card,loyal,west,670.57,7,95.7957142857143,118
CUST_444,INV_9183,2024-03-04,183.34,home,cash on delivery,new,north,1275.1,12,106.25833333333333,172
CUST_756,INV_9184,2024-04-27,7.06,books,credit card,new,south,528.06,7,75.43714285714285,130
CUST_21,INV_9185,2024-06-06,8.15,electronics,credit card,new,east,1068.97,15,71.26466666666667,156
CUST_290,INV_9186,2024-04-23,81.23,books,upi,new,east,794.5799999999999,8,99.32249999999999,148
CUST_484,INV_9187,2024-06-07,101.92,clothing,cash on delivery,new,north,1281.8899999999999,16,80.11812499999999,162
CUST_783,INV_9188,2024-03-27,23.75,electronics,debit card,returning,west,979.42,8,122.4275,141
CUST_305,INV_9189,2024-02-09,136.74,beauty,credit card,loyal,north,1482.96,10,148.296,141
CUST_633,INV_9190,2024-06-09,103.92,electronics,debit card,returning,east,1314.47,13,101.11307692307693,161
CUST_127,INV_9191,2024-01-25,256.77,books,debit card,loyal,west,1051.28,13,80.86769230769231,162
CUST_624,INV_9192,2024-06-12,18.51,home,debit card,new,north,621.58,10,62.158,142
CUST_938,INV_9193,2024-05-31,139.18,home,cash on delivery,new,north,690.6800000000001,10,69.06800000000001,147
CUST_272,INV_9194,2024-04-04,8.73,home,debit card,new,south,1756.03,19,92.42263157894736,152
CUST_847,INV_9195,2024-06-15,83.31,clothing,upi,new,east,1753.78,11,159.43454545454546,147
CUST_441,INV_9196,2024-02-15,80.27,clothing,cash on delivery,new,south,1047.24,12,87.27,141
CUST_502,INV_9197,2024-05-17,49.17,home,cash on delivery,new,south,948.38,12,79.03166666666667,165
CUST_129,INV_9198,2024-02-01,186.16,beauty,cash on delivery,new,west,1389.36,17,81.7270588235294,163
CUST_131,INV_9199,2024-04-06,0.44,books,cash on delivery,loyal,west,1297.4,12,108.11666666666667,163
CUST_596,INV_9200,2024-06-12,73.43,beauty,credit card,new,east,670.57,7,95.7957142857143,118
CUST_934,INV_9201,2024-06-04,24.48,home,credit card,new,west,807.47,10,80.747,136
CUST_481,INV_9202,2024-05-23,136.06,books,debit card,new,east,1460.54,10,146.054,141
CUST_861,INV_9203,2024-01-16,4.4,clothing,credit card,loyal,west,1233.14,8,154.1425,135
CUST_389,INV_9204,2024-01-18,178.11,electronics,cash on delivery,loyal,south,1622.9,15,108.19333333333334,171
CUST_592,INV_9205,2024-05-15,182.07,electronics,debit card,new,east,1160.55,8,145.06875,97
CUST_998,INV_9206,2024-03-15,178.9,books,upi,returning,south,802.62,9,89.18,156
CUST_984,INV_9207,2024-01-01,16.55,beauty,credit card,loyal,west,1069.58,12,89.13166666666666,172
CUST_324,INV_9208,2024-05-04,99.54,books,cash on delivery,new,south,831.17,8,103.89625,145
CUST_68,INV_9209,2024-02-07,1.45,beauty,debit card,loyal,west,1342.35,15,89.49,125
CUST_659,INV_9210,2024-02-14,188.36,beauty,credit card,returning,north,1856.52,14,132.60857142857142,164
CUST_447,INV_9211,2024-03-21,128.36,electronics,cash on delivery,new,south,962.81,7,137.5442857142857,104
CUST_527,INV_9212,2024-05-08,75.75,clothing,debit card,loyal,east,1312.62,12,109.38499999999999,133
CUST_818,INV_9213,2024-02-01,131.15,home,credit card,returning,south,736.22,10,73.622,148
CUST_616,INV_9214,2024-05-15,9.91,clothing,upi,loyal,south,639.3,7,91.32857142857142,121
CUST_164,INV_9215,2024-04-27,75.22,home,credit card,loyal,east,633.75,10,63.375,164
CUST_487,INV_9216,2024-02-09,34.43,electronics,cash on delivery,new,east,1176.0,10,117.6,140
CUST_712,INV_9217,2024-03-14,359.79,home,cash on delivery,new,north,691.0600000000001,6,115.17666666666668,77
CUST_708,INV_9218,2024-04-20,194.57,beauty,upi,loyal,west,1246.67,11,113.33363636363637,127
CUST_425,INV_9219,2024-04-12,132.15,books,upi,returning,west,928.41,10,92.841,148
CUST_696,INV_9220,2024-04-12,271.43,home,debit card,new,east,399.21,4,99.8025,160
CUST_833,INV_9221,2024-03-14,42.59,clothing,debit card,loyal,south,1352.11,9,150.23444444444442,143
CUST_264,INV_9222,2024-06-12,231.14,electronics,cash on delivery,loyal,west,1034.75,10,103.475,165
CUST_874,INV_9223,2024-04-23,39.34,electronics,credit card,new,east,504.63000000000005,7,72.09,146
CUST_611,INV_9224,2024-05-02,131.97,books,upi,new,east,1114.33,12,92.86083333333333,172
CUST_341,INV_9225,2024-02-26,133.34,beauty,debit card,loyal,north,1885.17,11,171.3790909090909,147
CUST_831,INV_9226,2024-03-14,1.85,beauty,cash on delivery,new,south,1121.82,13,86.29384615384615,139
CUST_725,INV_9227,2024-03-23,44.79,electronics,cash on delivery,loyal,north,1953.04,22,88.77454545454545,130
CUST_277,INV_9228,2024-06-21,1.96,beauty,cash on delivery,returning,north,620.09,13,47.69923076923077,170
CUST_673,INV_9229,2024-03-19,584.03,books,upi,new,south,1697.43,10,169.743,139
CUST_438,INV_9230,2024-05-09,13.03,electronics,upi,new,east,1688.78,15,112.58533333333334,163
CUST_156,INV_9231,2024-04-02,78.27,beauty,upi,loyal,south,1096.8,10,109.67999999999999,146
CUST_421,INV_9232,2024-02-19,156.33,home,credit card,new,north,1688.19,15,112.546,170
CUST_250,INV_9233,2024-01-29,22.47,home,upi,returning,north,1687.99,12,140.66583333333332,171
CUST_877,INV_9234,2024-03-21,66.37,beauty,cash on delivery,loyal,south,579.99,9,64.44333333333333,92
CUST_608,INV_9235,2024-01-10,93.5,home,upi,returning,north,732.59,9,81.39888888888889,158
CUST_529,INV_9236,2024-06-03,17.46,books,credit card,returning,east,973.99,12,81.16583333333334,133
CUST_326,INV_9237,2024-04-26,150.76,clothing,credit card,returning,east,2143.43,15,142.89533333333333,119
CUST_960,INV_9238,2024-05-22,35.57,books,cash on delivery,returning,south,334.91999999999996,5,66.984,129
CUST_894,INV_9239,2024-02-29,23.7,books,debit card,loyal,south,761.35,10,76.135,161
CUST_96,INV_9240,2024-06-07,81.71,beauty,upi,new,east,880.9200000000001,9,97.88000000000001,153
CUST_512,INV_9241,2024-05-28,52.82,books,upi,returning,west,651.4,8,81.425,137
CUST_215,INV_9242,2024-02-29,252.93,beauty,credit card,returning,west,1566.6299999999999,12,130.55249999999998,135
CUST_131,INV_9243,2024-02-27,212.08,electronics,credit card,loyal,west,1297.4,12,108.11666666666667,163
CUST_259,INV_9244,2024-06-17,66.04,beauty,debit card,returning,south,1545.43,13,118.87923076923077,168
CUST_124,INV_9245,2024-06-22,44.51,beauty,credit card,returning,east,965.91,10,96.591,165
CUST_81,INV_9246,2024-02-14,39.38,electronics,credit card,returning,east,954.4300000000001,11,86.76636363636364,115
CUST_282,INV_9247,2024-05-03,31.14,clothing,credit card,returning,east,2115.36,18,117.52000000000001,148
CUST_682,INV_9248,2024-01-26,78.65,electronics,credit card,new,east,735.53,8,91.94125,124
CUST_58,INV_9249,2024-04-11,163.46,beauty,debit card,returning,south,1328.9,14,94.92142857142858,150
CUST_543,INV_9250,2024-02-20,37.22,home,upi,loyal,east,729.12,10,72.912,179
CUST_160,INV_9251,2024-06-12,21.08,beauty,upi,new,east,1260.26,17,74.13294117647058,158
CUST_283,INV_9252,2024-02-21,64.53,electronics,upi,loyal,north,1223.8,10,122.38,171
CUST_105,INV_9253,2024-02-20,7.15,beauty,upi,new,north,1413.3799999999999,12,117.78166666666665,153
CUST_104,INV_9254,2024-05-10,120.82,electronics,upi,new,north,748.1,7,106.87142857142858,155
CUST_438,INV_9255,2024-01-14,73.06,books,cash on delivery,returning,north,1688.78,15,112.58533333333334,163
CUST_227,INV_9256,2024-06-25,68.59,clothing,cash on delivery,returning,south,477.6,9,53.06666666666667,175
CUST_699,INV_9257,2024-01-01,35.73,clothing,credit card,loyal,west,2424.12,16,151.5075,174
CUST_581,INV_9258,2024-05-24,235.04,electronics,cash on delivery,new,north,1979.65,13,152.28076923076924,145
CUST_317,INV_9259,2024-06-26,9.48,clothing,upi,new,north,2119.2799999999997,16,132.45499999999998,166
CUST_463,INV_9260,2024-01-14,203.89,home,credit card,returning,north,914.48,6,152.41333333333333,162
CUST_801,INV_9261,2024-03-21,47.27,home,upi,new,south,1939.41,12,161.6175,136
CUST_598,INV_9262,2024-01-03,212.55,clothing,upi,returning,west,1016.04,9,112.89333333333333,119
CUST_881,INV_9263,2024-04-07,130.48,electronics,credit card,returning,east,900.24,9,100.02666666666667,79
CUST_873,INV_9264,2024-02-09,11.0,home,upi,loyal,north,468.77,6,78.12833333333333,127
CUST_471,INV_9265,2024-03-29,178.1,clothing,cash on delivery,returning,west,462.12,7,66.01714285714286,144
CUST_55,INV_9266,2024-05-04,114.63,beauty,credit card,returning,east,907.49,9,100.83222222222223,160
CUST_624,INV_9267,2024-06-10,3.28,home,debit card,new,north,621.58,10,62.158,142
CUST_12,INV_9268,2024-04-04,14.35,books,debit card,loyal,south,1189.3700000000001,14,84.95500000000001,160
CUST_439,INV_9269,2024-01-09,100.96,home,debit card,loyal,south,1140.03,10,114.003,162
CUST_17,INV_9270,2024-04-03,108.65,clothing,upi,loyal,south,1537.6100000000001,7,219.65857142857143,122
CUST_693,INV_9271,2024-03-24,137.3,clothing,upi,returning,east,1090.33,9,121.14777777777778,156
CUST_972,INV_9272,2024-01-21,127.38,clothing,upi,loyal,south,2206.61,18,122.58944444444445,154
CUST_112,INV_9273,2024-01-25,107.74,electronics,upi,returning,west,2010.72,18,111.70666666666666,160
CUST_228,INV_9274,2024-04-11,145.35,electronics,credit card,returning,east,1295.1399999999999,14,92.50999999999999,145
CUST_170,INV_9275,2024-05-01,85.59,beauty,debit card,returning,south,2201.4,13,169.33846153846156,157
CUST_294,INV_9276,2024-06-20,30.22,beauty,cash on delivery,returning,west,2038.52,9,226.50222222222223,152
CUST_188,INV_9277,2024-01-25,243.47,home,credit card,loyal,west,811.53,9,90.17,94
CUST_425,INV_9278,2024-05-16,1.84,clothing,debit card,loyal,north,928.41,10,92.841,148
CUST_976,INV_9279,2024-04-12,45.66,beauty,debit card,new,north,937.01,8,117.12625,114
CUST_78,INV_9280,2024-06-02,130.52,clothing,credit card,loyal,west,1628.28,14,116.30571428571429,164
CUST_657,INV_9281,2024-02-26,55.71,home,credit card,new,north,1862.21,16,116.388125,146
CUST_918,INV_9282,2024-02-06,2.51,electronics,credit card,loyal,north,1603.97,14,114.56928571428571,169
CUST_181,INV_9283,2024-01-16,6.83,beauty,cash on delivery,loyal,east,1221.8700000000001,12,101.8225,149
CUST_498,INV_9284,2024-02-06,104.59,books,debit card,loyal,south,1599.85,14,114.27499999999999,143
CUST_797,INV_9285,2024-03-16,334.85,books,cash on delivery,returning,east,1604.42,11,145.85636363636365,161
CUST_761,INV_9286,2024-05-31,80.27,books,cash on delivery,loyal,east,890.0999999999999,9,98.89999999999999,163
CUST_865,INV_9287,2024-01-26,70.68,books,cash on delivery,loyal,north,636.91,13,48.99307692307692,136
CUST_825,INV_9288,2024-01-20,38.32,books,cash on delivery,new,south,775.45,9,86.16111111111111,155
CUST_707,INV_9289,2024-05-16,29.66,books,cash on delivery,loyal,east,693.33,8,86.66625,149
CUST_834,INV_9290,2024-04-12,2.12,books,credit card,returning,east,1355.99,11,123.27181818181818,143
CUST_70,INV_9291,2024-01-29,31.88,beauty,cash on delivery,loyal,east,519.88,7,74.26857142857143,147
CUST_247,INV_9292,2024-01-31,59.62,books,upi,new,east,871.75,9,96.86111111111111,159
CUST_145,INV_9293,2024-01-19,22.06,books,credit card,loyal,south,854.13,11,77.64818181818181,159
CUST_617,INV_9294,2024-05-27,9.14,home,debit card,loyal,north,1079.01,13,83.00076923076924,122
CUST_774,INV_9295,2024-01-27,126.49,beauty,debit card,new,west,500.69,5,100.138,114
CUST_295,INV_9296,2024-04-03,225.02,home,credit card,loyal,north,1865.1,14,133.22142857142856,162
CUST_581,INV_9297,2024-03-25,276.1,clothing,cash on delivery,new,west,1979.65,13,152.28076923076924,145
CUST_469,INV_9298,2024-02-13,96.23,books,credit card,new,east,538.1700000000001,5,107.63400000000001,135
CUST_505,INV_9299,2024-06-11,5.42,electronics,debit card,returning,west,1616.42,10,161.642,94
CUST_192,INV_9300,2024-04-22,135.04,books,debit card,returning,south,993.54,9,110.39333333333333,161
CUST_67,INV_9301,2024-05-29,11.66,books,credit card,new,south,823.55,9,91.50555555555555,144
CUST_493,INV_9302,2024-03-14,110.79,home,upi,returning,east,1712.71,17,100.74764705882353,171
CUST_816,INV_9303,2024-03-27,151.12,clothing,upi,returning,south,870.73,13,66.97923076923077,147
CUST_51,INV_9304,2024-05-22,129.41,home,upi,new,east,499.77,4,124.9425,112
CUST_881,INV_9305,2024-04-03,303.41,beauty,debit card,loyal,west,900.24,9,100.02666666666667,79
CUST_362,INV_9306,2024-04-07,134.0,clothing,upi,loyal,north,1155.73,12,96.31083333333333,167
CUST_796,INV_9307,2024-05-20,118.16,clothing,upi,loyal,north,1466.08,11,133.28,175
CUST_916,INV_9308,2024-05-11,30.35,clothing,credit card,returning,west,1850.32,16,115.645,127
CUST_473,INV_9309,2024-02-25,258.72,home,cash on delivery,returning,north,1449.27,12,120.7725,163
CUST_845,INV_9310,2024-05-30,19.79,books,cash on delivery,loyal,east,789.13,9,87.68111111111111,163
CUST_520,INV_9311,2024-04-06,235.28,books,credit card,new,west,1246.13,10,124.61300000000001,137
CUST_762,INV_9312,2024-04-07,37.49,books,cash on delivery,new,east,767.49,12,63.9575,149
CUST_430,INV_9313,2024-02-03,13.95,books,upi,new,north,792.87,9,88.09666666666666,145
CUST_843,INV_9314,2024-04-09,175.26,books,debit card,returning,east,735.54,9,81.72666666666666,112
CUST_297,INV_9315,2024-05-24,0.25,beauty,upi,loyal,south,943.38,9,104.82,163
CUST_434,INV_9316,2024-06-04,178.43,electronics,credit card,new,north,1873.11,16,117.069375,161
CUST_695,INV_9317,2024-01-14,30.42,clothing,cash on delivery,loyal,south,1503.8600000000001,10,150.38600000000002,158
CUST_690,INV_9318,2024-06-10,216.04,electronics,credit card,loyal,south,1153.93,12,96.16083333333334,166
CUST_197,INV_9319,2024-04-21,117.6,beauty,credit card,returning,west,939.88,9,104.43111111111111,139
CUST_127,INV_9320,2024-03-15,109.72,books,upi,new,west,1051.28,13,80.86769230769231,162
CUST_531,INV_9321,2024-04-06,45.46,beauty,cash on delivery,returning,east,972.35,11,88.39545454545454,123
CUST_983,INV_9322,2024-04-30,6.12,beauty,debit card,loyal,east,1420.05,15,94.67,178
CUST_410,INV_9323,2024-02-24,177.24,electronics,upi,loyal,north,542.35,6,90.39166666666667,118
CUST_933,INV_9324,2024-04-26,18.74,clothing,credit card,loyal,east,816.76,11,74.25090909090909,151
CUST_839,INV_9325,2024-04-02,46.56,home,credit card,new,east,1780.11,16,111.256875,135
CUST_64,INV_9326,2024-02-06,91.72,home,cash on delivery,new,west,1123.87,14,80.27642857142857,167
CUST_693,INV_9327,2024-01-26,65.83,clothing,credit card,new,west,1090.33,9,121.14777777777778,156
CUST_240,INV_9328,2024-03-07,22.15,books,credit card,loyal,south,453.83,6,75.63833333333334,98
CUST_368,INV_9329,2024-03-24,15.15,beauty,upi,loyal,east,721.13,11,65.55727272727273,176
CUST_535,INV_9330,2024-06-28,13.15,books,cash on delivery,new,west,433.76,8,54.22,147
CUST_383,INV_9331,2024-01-18,198.78,beauty,upi,loyal,north,1846.6,12,153.88333333333333,151
CUST_430,INV_9332,2024-01-27,3.21,home,debit card,loyal,east,792.87,9,88.09666666666666,145
CUST_966,INV_9333,2024-01-31,377.29,clothing,credit card,loyal,north,657.57,6,109.59500000000001,106
CUST_82,INV_9334,2024-04-15,22.13,electronics,upi,new,south,1157.47,10,115.747,151
CUST_981,INV_9335,2024-05-08,11.69,electronics,upi,returning,south,770.97,8,96.37125,93
CUST_830,INV_9336,2024-01-06,86.03,clothing,cash on delivery,returning,west,1706.6100000000001,14,121.9007142857143,146
CUST_696,INV_9337,2024-01-11,8.34,home,credit card,returning,west,399.21,4,99.8025,160
CUST_950,INV_9338,2024-06-10,92.24,beauty,upi,new,south,1161.93,8,145.24125,109
CUST_827,INV_9339,2024-01-18,190.13,electronics,credit card,loyal,north,1576.78,15,105.11866666666667,163
CUST_610,INV_9340,2024-01-21,4.91,home,debit card,returning,south,779.24,12,64.93666666666667,174
CUST_573,INV_9341,2024-01-19,160.88,clothing,credit card,returning,south,1355.1000000000001,14,96.79285714285716,132
CUST_285,INV_9342,2024-01-04,50.17,books,credit card,new,west,482.17,7,68.88142857142857,134
CUST_988,INV_9343,2024-03-17,17.37,home,upi,loyal,east,415.75000000000006,7,59.39285714285715,138
CUST_533,INV_9344,2024-04-25,19.37,home,cash on delivery,loyal,west,740.64,8,92.58,107
CUST_458,INV_9345,2024-06-05,251.04,books,cash on delivery,new,west,1730.79,13,133.1376923076923,145
CUST_211,INV_9346,2024-01-25,11.72,home,cash on delivery,returning,north,1284.27,8,160.53375,155
CUST_125,INV_9347,2024-03-17,201.58,electronics,debit card,loyal,south,1259.0,12,104.91666666666667,149
CUST_412,INV_9348,2024-06-03,78.58,electronics,debit card,loyal,east,395.62,7,56.51714285714286,147
CUST_498,INV_9349,2024-02-18,3.98,electronics,upi,returning,east,1599.85,14,114.27499999999999,143
CUST_424,INV_9350,2024-03-05,62.45,home,cash on delivery,new,west,1788.03,11,162.5481818181818,96
CUST_553,INV_9351,2024-06-14,170.07,home,debit card,returning,west,1940.8,15,129.38666666666666,147
CUST_609,INV_9352,2024-03-23,129.54,home,cash on delivery,loyal,south,2235.26,16,139.70375,177
CUST_960,INV_9353,2024-06-28,67.1,clothing,cash on delivery,new,north,334.91999999999996,5,66.984,129
CUST_542,INV_9354,2024-01-01,196.65,books,debit card,returning,south,872.11,5,174.422,111
CUST_157,INV_9355,2024-06-16,12.82,home,cash on delivery,returning,east,180.45,5,36.089999999999996,165
CUST_111,INV_9356,2024-03-21,240.73,books,credit card,new,north,1059.83,13,81.52538461538461,177
CUST_401,INV_9357,2024-01-21,187.37,beauty,upi,loyal,west,584.6600000000001,8,73.08250000000001,166
CUST_758,INV_9358,2024-03-26,123.19,electronics,debit card,new,west,1520.67,12,126.72250000000001,150
CUST_121,INV_9359,2024-01-15,170.31,clothing,debit card,new,east,1001.52,11,91.04727272727273,157
CUST_272,INV_9360,2024-02-19,78.49,books,cash on delivery,loyal,south,1756.03,19,92.42263157894736,152
CUST_293,INV_9361,2024-02-17,112.44,electronics,debit card,returning,north,1691.33,13,130.10230769230768,168
CUST_397,INV_9362,2024-06-08,82.23,clothing,credit card,new,south,692.7,8,86.5875,90
CUST_470,INV_9363,2024-02-18,43.92,electronics,cash on delivery,new,south,1379.5900000000001,17,81.15235294117647,166
CUST_984,INV_9364,2024-04-17,84.13,home,credit card,returning,south,1069.58,12,89.13166666666666,172
CUST_206,INV_9365,2024-02-14,29.77,home,upi,loyal,west,741.92,13,57.07076923076923,157
CUST_109,INV_9366,2024-02-01,58.03,electronics,upi,returning,east,633.8199999999999,5,126.76399999999998,100
CUST_439,INV_9367,2024-05-11,32.96,clothing,credit card,returning,north,1140.03,10,114.003,162
CUST_277,INV_9368,2024-04-06,13.11,electronics,cash on delivery,new,north,620.09,13,47.69923076923077,170
CUST_962,INV_9369,2024-03-20,38.84,beauty,upi,new,east,1727.8,16,107.9875,166
CUST_567,INV_9370,2024-05-25,191.05,clothing,cash on delivery,loyal,north,1221.72,8,152.715,142
CUST_886,INV_9371,2024-02-23,47.98,clothing,cash on delivery,new,north,1133.96,12,94.49666666666667,164
CUST_914,INV_9372,2024-05-06,137.83,electronics,upi,returning,south,1795.96,18,99.77555555555556,170
CUST_568,INV_9373,2024-06-23,19.26,books,upi,returning,south,368.41,8,46.05125,172
CUST_939,INV_9374,2024-05-13,55.24,electronics,credit card,loyal,east,1461.0900000000001,15,97.406,141
CUST_481,INV_9375,2024-03-06,12.2,books,cash on delivery,new,north,1460.54,10,146.054,141
CUST_802,INV_9376,2024-05-16,14.92,clothing,credit card,new,east,1426.79,12,118.89916666666666,159
CUST_113,INV_9377,2024-04-18,96.09,home,debit card,loyal,east,1221.58,10,122.15799999999999,160
CUST_892,INV_9378,2024-01-23,93.52,home,debit card,loyal,east,1313.34,11,119.39454545454545,141
CUST_896,INV_9379,2024-04-16,24.0,electronics,debit card,new,east,1162.97,13,89.45923076923077,154
CUST_819,INV_9380,2024-06-19,64.33,books,debit card,loyal,south,963.63,11,87.60272727272728,167
CUST_852,INV_9381,2024-02-20,199.0,electronics,upi,returning,west,1323.13,13,101.77923076923078,126
CUST_476,INV_9382,2024-03-12,19.14,beauty,upi,loyal,east,1088.04,15,72.536,158
CUST_709,INV_9383,2024-04-12,1.94,electronics,credit card,returning,north,1134.6100000000001,11,103.14636363636365,147
CUST_932,INV_9384,2024-06-01,105.55,electronics,upi,returning,west,702.75,7,100.39285714285714,170
CUST_320,INV_9385,2024-03-20,5.5,electronics,upi,returning,south,622.88,8,77.86,121
CUST_178,INV_9386,2024-06-11,390.9,electronics,upi,new,west,1390.4499999999998,10,139.045,161
CUST_896,INV_9387,2024-05-24,94.06,books,debit card,returning,west,1162.97,13,89.45923076923077,154
CUST_218,INV_9388,2024-01-18,63.56,books,credit card,loyal,south,320.1,4,80.025,141
CUST_788,INV_9389,2024-06-03,56.21,books,cash on delivery,returning,east,761.97,8,95.24625,155
CUST_948,INV_9390,2024-05-22,85.11,beauty,cash on delivery,new,west,643.81,7,91.97285714285714,93
CUST_527,INV_9391,2024-03-21,9.5,beauty,cash on delivery,new,south,1312.62,12,109.38499999999999,133
CUST_491,INV_9392,2024-04-16,265.95,electronics,debit card,new,south,1204.84,10,120.484,111
CUST_890,INV_9393,2024-03-09,98.25,books,upi,new,west,2004.37,19,105.49315789473684,170
CUST_60,INV_9394,2024-03-20,20.33,beauty,upi,loyal,south,821.67,7,117.38142857142857,159
CUST_53,INV_9395,2024-05-22,82.69,home,cash on delivery,new,west,1002.76,12,83.56333333333333,144
CUST_679,INV_9396,2024-02-11,14.3,electronics,cash on delivery,loyal,west,524.1899999999999,6,87.365,144
CUST_537,INV_9397,2024-02-03,1.77,clothing,credit card,new,south,949.47,11,86.31545454545454,160
CUST_847,INV_9398,2024-02-17,99.57,books,debit card,new,south,1753.78,11,159.43454545454546,147
CUST_987,INV_9399,2024-05-15,104.55,electronics,upi,loyal,south,1846.98,17,108.64588235294117,171
CUST_64,INV_9400,2024-05-17,87.63,electronics,cash on delivery,returning,west,1123.87,14,80.27642857142857,167
CUST_611,INV_9401,2024-01-05,20.27,clothing,cash on delivery,loyal,north,1114.33,12,92.86083333333333,172
CUST_585,INV_9402,2024-04-25,92.49,home,credit card,returning,south,685.78,10,68.578,150
CUST_703,INV_9403,2024-06-24,5.82,beauty,upi,loyal,south,1227.12,15,81.80799999999999,135
CUST_170,INV_9404,2024-04-26,93.97,beauty,upi,returning,east,2201.4,13,169.33846153846156,157
CUST_272,INV_9405,2024-06-02,80.75,clothing,credit card,new,south,1756.03,19,92.42263157894736,152
CUST_888,INV_9406,2024-04-17,106.49,clothing,credit card,returning,west,922.5,13,70.96153846153847,151
CUST_698,INV_9407,2024-01-23,225.83,beauty,upi,returning,south,1683.8300000000002,15,112.25533333333334,111
CUST_534,INV_9408,2024-03-02,189.95,home,credit card,new,east,468.87,6,78.145,109
CUST_390,INV_9409,2024-01-13,394.53,home,cash on delivery,new,north,1193.3,11,108.48181818181818,157
CUST_939,INV_9410,2024-05-16,373.98,electronics,upi,returning,north,1461.0900000000001,15,97.406,141
CUST_692,INV_9411,2024-01-20,147.98,clothing,debit card,returning,south,2789.69,17,164.09941176470588,153
CUST_326,INV_9412,2024-04-01,313.31,clothing,upi,loyal,north,2143.43,15,142.89533333333333,119
CUST_107,INV_9413,2024-04-17,201.95,clothing,credit card,new,west,1401.55,10,140.155,176
CUST_846,INV_9414,2024-05-31,130.04,beauty,debit card,new,north,982.58,7,140.36857142857144,118
CUST_161,INV_9415,2024-04-17,7.84,beauty,cash on delivery,new,west,788.74,12,65.72833333333334,173
CUST_813,INV_9416,2024-02-02,5.03,beauty,cash on delivery,loyal,north,432.77,10,43.277,173
CUST_451,INV_9417,2024-05-27,181.77,home,cash on delivery,loyal,north,920.62,11,83.69272727272727,161
CUST_205,INV_9418,2024-06-24,67.27,beauty,credit card,returning,west,1322.57,13,101.73615384615384,175
CUST_589,INV_9419,2024-03-04,168.53,electronics,upi,loyal,west,970.4399999999999,7,138.6342857142857,102
CUST_15,INV_9420,2024-01-30,37.53,beauty,credit card,loyal,south,761.0699999999999,8,95.13374999999999,138
CUST_326,INV_9421,2024-04-17,50.69,home,upi,loyal,west,2143.43,15,142.89533333333333,119
CUST_607,INV_9422,2024-03-13,120.46,clothing,credit card,new,south,1399.46,12,116.62166666666667,143
CUST_658,INV_9423,2024-04-18,246.9,electronics,cash on delivery,returning,east,1108.12,15,73.87466666666666,158
CUST_1,INV_9424,2024-05-24,9.19,home,credit card,loyal,west,1418.52,9,157.61333333333334,158
CUST_9,INV_9425,2024-04-09,197.67,books,upi,loyal,south,883.4699999999999,13,67.95923076923076,156
CUST_433,INV_9426,2024-01-14,157.51,clothing,cash on delivery,loyal,south,886.0899999999999,8,110.76124999999999,164
CUST_124,INV_9427,2024-01-19,37.91,beauty,cash on delivery,new,north,965.91,10,96.591,165
CUST_80,INV_9428,2024-03-11,43.88,home,debit card,returning,west,786.99,8,98.37375,175
CUST_484,INV_9429,2024-02-28,4.76,books,upi,returning,north,1281.8899999999999,16,80.11812499999999,162
CUST_651,INV_9430,2024-04-06,1.59,home,debit card,loyal,south,474.01,8,59.25125,155
CUST_837,INV_9431,2024-02-13,64.82,beauty,debit card,returning,west,747.28,9,83.0311111111111,122
CUST_149,INV_9432,2024-06-08,10.04,home,debit card,new,south,523.62,5,104.724,138
CUST_799,INV_9433,2024-04-20,21.57,books,cash on delivery,loyal,north,1536.08,16,96.005,175
CUST_872,INV_9434,2024-01-11,187.58,home,debit card,returning,south,1664.3799999999999,9,184.9311111111111,146
CUST_339,INV_9435,2024-04-15,84.64,electronics,upi,loyal,south,857.42,12,71.45166666666667,155
CUST_128,INV_9436,2024-01-02,100.41,electronics,upi,new,north,1228.05,16,76.753125,176
CUST_437,INV_9437,2024-05-04,20.76,beauty,debit card,loyal,west,766.99,12,63.91583333333333,121
CUST_750,INV_9438,2024-05-24,176.41,books,debit card,new,north,1289.12,13,99.16307692307691,171
CUST_500,INV_9439,2024-04-03,202.48,books,debit card,loyal,west,647.19,8,80.89875,133
CUST_57,INV_9440,2024-06-16,74.09,books,debit card,loyal,west,1066.52,12,88.87666666666667,125
CUST_197,INV_9441,2024-06-22,243.68,books,debit card,returning,east,939.88,9,104.43111111111111,139
CUST_210,INV_9442,2024-04-02,186.32,books,debit card,returning,south,748.29,11,68.02636363636363,147
CUST_913,INV_9443,2024-01-04,131.42,clothing,credit card,new,west,1886.23,11,171.47545454545454,176
CUST_901,INV_9444,2024-06-14,132.45,home,cash on delivery,new,west,1474.79,12,122.89916666666666,165
CUST_44,INV_9445,2024-03-03,11.14,books,cash on delivery,new,north,367.18,7,52.45428571428572,157
CUST_96,INV_9446,2024-01-29,31.59,electronics,cash on delivery,returning,west,880.9200000000001,9,97.88000000000001,153
CUST_278,INV_9447,2024-01-19,6.92,home,debit card,loyal,west,495.45,8,61.93125,163
CUST_534,INV_9448,2024-03-31,0.87,beauty,credit card,new,north,468.87,6,78.145,109
CUST_409,INV_9449,2024-01-29,17.23,beauty,cash on delivery,loyal,west,831.6800000000001,8,103.96000000000001,142
CUST_460,INV_9450,2024-06-11,212.43,books,upi,loyal,south,1047.09,7,149.5842857142857,119
CUST_390,INV_9451,2024-04-25,27.43,clothing,cash on delivery,returning,south,1193.3,11,108.48181818181818,157
CUST_846,INV_9452,2024-03-10,351.17,clothing,cash on delivery,returning,north,982.58,7,140.36857142857144,118
CUST_43,INV_9453,2024-05-02,90.95,home,cash on delivery,loyal,west,1212.72,10,121.272,135
CUST_26,INV_9454,2024-01-23,27.08,clothing,cash on delivery,new,south,591.45,8,73.93125,155
CUST_793,INV_9455,2024-02-15,68.74,beauty,upi,returning,east,1227.72,15,81.848,141
CUST_96,INV_9456,2024-06-20,24.73,books,debit card,loyal,north,880.9200000000001,9,97.88000000000001,153
CUST_974,INV_9457,2024-06-24,413.35,electronics,upi,returning,north,1943.69,10,194.369,172
CUST_547,INV_9458,2024-06-28,187.91,beauty,upi,loyal,south,1250.64,10,125.06400000000001,162
CUST_620,INV_9459,2024-01-08,2.66,beauty,debit card,returning,north,549.15,10,54.915,172
CUST_566,INV_9460,2024-03-06,295.22,home,upi,new,west,968.67,13,74.51307692307692,111
CUST_703,INV_9461,2024-06-16,127.68,clothing,upi,new,south,1227.12,15,81.80799999999999,135
CUST_218,INV_9462,2024-06-07,8.6,electronics,cash on delivery,returning,east,320.1,4,80.025,141
CUST_184,INV_9463,2024-06-24,111.06,electronics,cash on delivery,returning,west,638.32,8,79.79,128
CUST_68,INV_9464,2024-04-09,104.11,clothing,debit card,returning,east,1342.35,15,89.49,125
CUST_828,INV_9465,2024-03-01,24.69,books,cash on delivery,new,east,408.52,7,58.36,141
CUST_129,INV_9466,2024-04-21,142.07,clothing,debit card,returning,north,1389.36,17,81.7270588235294,163
CUST_566,INV_9467,2024-02-21,9.11,books,debit card,new,east,968.67,13,74.51307692307692,111
CUST_889,INV_9468,2024-06-14,67.23,electronics,credit card,returning,west,1265.12,10,126.51199999999999,144
CUST_608,INV_9469,2024-02-05,1.0,home,debit card,returning,south,732.59,9,81.39888888888889,158
CUST_847,INV_9470,2024-04-21,346.53,beauty,upi,loyal,south,1753.78,11,159.43454545454546,147
CUST_598,INV_9471,2024-03-27,139.26,electronics,debit card,new,east,1016.04,9,112.89333333333333,119
CUST_805,INV_9472,2024-03-25,17.3,electronics,credit card,returning,east,875.45,12,72.95416666666667,171
CUST_630,INV_9473,2024-01-13,41.81,electronics,upi,new,south,1144.15,11,104.01363636363637,164
CUST_719,INV_9474,2024-06-13,17.5,beauty,credit card,loyal,east,1877.88,16,117.3675,140
CUST_333,INV_9475,2024-02-16,145.51,books,cash on delivery,new,west,1502.38,12,125.19833333333334,162
CUST_924,INV_9476,2024-03-30,6.07,home,upi,new,east,1477.36,17,86.9035294117647,156
CUST_153,INV_9477,2024-01-22,183.51,home,debit card,new,east,2354.16,19,123.90315789473684,138
CUST_546,INV_9478,2024-06-15,285.07,home,credit card,new,west,1600.3700000000001,13,123.10538461538462,158
CUST_78,INV_9479,2024-02-27,112.9,books,debit card,new,south,1628.28,14,116.30571428571429,164
CUST_578,INV_9480,2024-01-30,23.95,clothing,cash on delivery,new,south,803.99,8,100.49875,138
CUST_854,INV_9481,2024-05-25,44.64,clothing,upi,new,east,992.4300000000001,13,76.34076923076924,171
CUST_412,INV_9482,2024-04-15,64.86,home,debit card,returning,south,395.62,7,56.51714285714286,147
CUST_545,INV_9483,2024-05-25,92.79,electronics,cash on delivery,returning,west,707.49,11,64.31727272727272,143
CUST_608,INV_9484,2024-03-14,110.46,electronics,debit card,new,east,732.59,9,81.39888888888889,158
CUST_168,INV_9485,2024-06-15,80.79,beauty,upi,new,east,671.21,5,134.24200000000002,157
CUST_680,INV_9486,2024-04-03,43.28,clothing,cash on delivery,returning,east,853.41,11,77.58272727272727,169
CUST_662,INV_9487,2024-06-02,221.56,electronics,cash on delivery,loyal,north,1397.85,14,99.84642857142856,118
CUST_582,INV_9488,2024-03-11,8.49,home,credit card,returning,north,332.45,7,47.49285714285714,164
CUST_514,INV_9489,2024-01-07,62.78,beauty,upi,loyal,west,1404.29,10,140.429,167
CUST_313,INV_9490,2024-03-05,149.42,clothing,cash on delivery,new,east,2380.87,15,158.72466666666665,132
CUST_31,INV_9491,2024-02-15,6.28,beauty,upi,new,west,213.66,6,35.61,109
CUST_286,INV_9492,2024-01-18,122.19,electronics,debit card,returning,north,1970.11,12,164.17583333333332,155
CUST_593,INV_9493,2024-05-20,171.32,home,upi,returning,east,816.65,10,81.66499999999999,122
CUST_42,INV_9494,2024-06-01,108.13,home,credit card,returning,north,1234.35,12,102.8625,151
CUST_902,INV_9495,2024-01-08,1.3,home,upi,new,east,1227.18,10,122.718,167
CUST_616,INV_9496,2024-03-14,19.86,electronics,upi,returning,west,639.3,7,91.32857142857142,121
CUST_0,INV_9497,2024-06-08,41.87,books,debit card,returning,west,944.31,16,59.019375,127
CUST_572,INV_9498,2024-05-24,26.62,home,credit card,loyal,west,1551.8799999999999,14,110.84857142857142,135
CUST_269,INV_9499,2024-04-11,328.75,books,debit card,new,north,1414.0900000000001,12,117.84083333333335,156
CUST_179,INV_9500,2024-03-19,105.44,home,cash on delivery,new,west,582.36,10,58.236000000000004,153
CUST_735,INV_9501,2024-03-19,35.24,books,debit card,new,south,1179.4,14,84.24285714285715,156
CUST_517,INV_9502,2024-04-30,265.49,clothing,credit card,returning,south,1311.9299999999998,10,131.19299999999998,153
CUST_102,INV_9503,2024-06-24,134.94,clothing,credit card,new,west,1174.56,8,146.82,153
CUST_9,INV_9504,2024-03-03,33.49,home,upi,returning,west,883.4699999999999,13,67.95923076923076,156
CUST_582,INV_9505,2024-02-09,47.62,beauty,credit card,loyal,north,332.45,7,47.49285714285714,164
CUST_89,INV_9506,2024-03-24,22.24,beauty,debit card,new,east,1903.25,14,135.94642857142858,151
CUST_225,INV_9507,2024-01-15,354.3,electronics,credit card,loyal,north,1552.4299999999998,13,119.41769230769229,158
CUST_669,INV_9508,2024-04-08,72.84,clothing,cash on delivery,loyal,north,1120.45,16,70.028125,153
CUST_739,INV_9509,2024-05-13,226.39,clothing,credit card,new,west,1467.28,10,146.728,164
CUST_916,INV_9510,2024-04-30,42.54,beauty,credit card,new,south,1850.32,16,115.645,127
CUST_125,INV_9511,2024-03-03,197.21,home,debit card,returning,south,1259.0,12,104.91666666666667,149
CUST_955,INV_9512,2024-05-15,5.54,electronics,upi,loyal,south,1447.9499999999998,15,96.52999999999999,151
CUST_208,INV_9513,2024-05-07,402.24,clothing,upi,loyal,north,691.4,10,69.14,156
CUST_96,INV_9514,2024-04-21,243.08,electronics,debit card,returning,south,880.9200000000001,9,97.88000000000001,153
CUST_73,INV_9515,2024-04-20,45.13,clothing,upi,new,south,905.9300000000001,8,113.24125000000001,105
CUST_626,INV_9516,2024-02-01,149.04,books,cash on delivery,loyal,west,574.0,5,114.8,134
CUST_190,INV_9517,2024-02-14,139.54,books,cash on delivery,returning,south,897.22,13,69.01692307692308,127
CUST_681,INV_9518,2024-05-01,231.52,electronics,upi,loyal,east,1672.08,10,167.208,141
CUST_818,INV_9519,2024-06-28,36.71,beauty,debit card,loyal,west,736.22,10,73.622,148
CUST_959,INV_9520,2024-03-22,62.65,beauty,debit card,returning,east,1104.43,9,122.71444444444445,66
CUST_715,INV_9521,2024-01-13,200.25,clothing,upi,loyal,north,1019.37,7,145.62428571428572,162
CUST_55,INV_9522,2024-01-24,150.77,books,credit card,returning,south,907.49,9,100.83222222222223,160
CUST_719,INV_9523,2024-06-16,50.0,books,upi,returning,north,1877.88,16,117.3675,140
CUST_552,INV_9524,2024-01-14,186.9,electronics,cash on delivery,loyal,north,966.34,10,96.634,166
CUST_31,INV_9525,2024-03-10,4.81,electronics,cash on delivery,loyal,south,213.66,6,35.61,109
CUST_526,INV_9526,2024-03-02,152.35,beauty,credit card,new,west,474.71,7,67.81571428571428,135
CUST_573,INV_9527,2024-04-29,23.16,beauty,cash on delivery,new,north,1355.1000000000001,14,96.79285714285716,132
CUST_666,INV_9528,2024-03-29,33.7,beauty,debit card,loyal,south,432.81,7,61.83,128
CUST_283,INV_9529,2024-01-01,67.97,home,credit card,new,south,1223.8,10,122.38,171
CUST_720,INV_9530,2024-05-05,59.74,books,credit card,new,east,1024.62,11,93.14727272727272,116
CUST_831,INV_9531,2024-02-01,73.52,books,credit card,returning,north,1121.82,13,86.29384615384615,139
CUST_493,INV_9532,2024-05-20,78.7,electronics,debit card,loyal,north,1712.71,17,100.74764705882353,171
CUST_186,INV_9533,2024-06-09,40.28,books,cash on delivery,new,south,943.8199999999999,12,78.65166666666666,161
CUST_497,INV_9534,2024-02-01,19.26,electronics,upi,new,east,1045.63,8,130.70375,152
CUST_441,INV_9535,2024-02-25,146.31,home,cash on delivery,new,west,1047.24,12,87.27,141
CUST_129,INV_9536,2024-05-31,51.08,beauty,upi,loyal,east,1389.36,17,81.7270588235294,163
CUST_638,INV_9537,2024-03-31,70.49,home,credit card,returning,north,1112.73,10,111.273,162
CUST_291,INV_9538,2024-01-04,103.48,beauty,upi,loyal,east,627.5,6,104.58333333333333,116
CUST_113,INV_9539,2024-01-23,240.39,beauty,cash on delivery,returning,north,1221.58,10,122.15799999999999,160
CUST_198,INV_9540,2024-01-29,122.95,electronics,debit card,new,west,723.96,8,90.495,146
CUST_12,INV_9541,2024-04-07,4.65,beauty,cash on delivery,loyal,north,1189.3700000000001,14,84.95500000000001,160
CUST_270,INV_9542,2024-05-28,182.36,home,debit card,returning,west,965.77,12,80.48083333333334,160
CUST_600,INV_9543,2024-01-30,454.27,clothing,debit card,new,west,1760.6799999999998,14,125.76285714285713,168
CUST_214,INV_9544,2024-03-30,63.96,electronics,debit card,new,west,1047.22,10,104.72200000000001,142
CUST_443,INV_9545,2024-05-27,349.3,beauty,upi,loyal,east,1208.88,8,151.11,126
CUST_789,INV_9546,2024-05-23,79.26,beauty,credit card,returning,west,1280.23,10,128.023,152
CUST_511,INV_9547,2024-03-07,61.55,books,credit card,new,south,820.69,8,102.58625,138
CUST_446,INV_9548,2024-06-25,40.26,electronics,credit card,new,north,977.14,10,97.714,168
CUST_985,INV_9549,2024-04-10,107.16,electronics,debit card,new,north,935.9300000000001,11,85.08454545454546,177
CUST_992,INV_9550,2024-02-27,26.11,home,upi,returning,north,1168.02,12,97.335,121
CUST_714,INV_9551,2024-06-20,11.09,clothing,upi,returning,north,636.83,9,70.75888888888889,165
CUST_73,INV_9552,2024-01-25,2.76,home,upi,new,west,905.9300000000001,8,113.24125000000001,105
CUST_536,INV_9553,2024-01-23,34.58,home,cash on delivery,returning,east,2514.01,16,157.125625,170
CUST_100,INV_9554,2024-05-08,50.38,home,upi,new,east,1127.27,11,102.47909090909091,167
CUST_175,INV_9555,2024-04-06,80.31,clothing,upi,new,east,253.44,5,50.688,122
CUST_426,INV_9556,2024-05-22,34.64,home,upi,returning,east,803.35,12,66.94583333333334,137
CUST_116,INV_9557,2024-05-07,413.89,electronics,credit card,returning,north,1609.68,13,123.82153846153847,148
CUST_165,INV_9558,2024-03-21,34.5,clothing,debit card,loyal,south,1617.77,12,134.81416666666667,131
CUST_40,INV_9559,2024-06-28,58.16,beauty,cash on delivery,loyal,south,1247.77,12,103.98083333333334,177
CUST_428,INV_9560,2024-06-17,10.9,books,credit card,returning,east,1757.97,13,135.22846153846154,171
CUST_343,INV_9561,2024-06-20,30.2,books,upi,returning,north,1414.3899999999999,12,117.86583333333333,169
CUST_423,INV_9562,2024-01-04,4.95,electronics,debit card,returning,west,496.1,10,49.61,162
CUST_365,INV_9563,2024-05-14,81.99,books,debit card,returning,east,1150.82,11,104.61999999999999,141
CUST_119,INV_9564,2024-02-15,139.06,books,debit card,new,west,1011.79,11,91.9809090909091,163
CUST_608,INV_9565,2024-01-09,21.78,books,debit card,new,west,732.59,9,81.39888888888889,158
CUST_656,INV_9566,2024-06-09,45.87,beauty,upi,loyal,west,1419.27,11,129.02454545454546,135
CUST_727,INV_9567,2024-02-02,1.68,books,cash on delivery,returning,south,1229.15,12,102.42916666666667,160
CUST_228,INV_9568,2024-03-24,182.96,home,upi,loyal,east,1295.1399999999999,14,92.50999999999999,145
CUST_824,INV_9569,2024-05-11,151.4,electronics,debit card,returning,north,2560.0699999999997,19,134.74052631578945,159
CUST_129,INV_9570,2024-03-05,6.53,electronics,upi,returning,north,1389.36,17,81.7270588235294,163
CUST_351,INV_9571,2024-04-15,45.39,electronics,debit card,returning,north,887.71,9,98.63444444444445,165
CUST_888,INV_9572,2024-02-03,310.75,beauty,upi,new,east,922.5,13,70.96153846153847,151
CUST_317,INV_9573,2024-03-25,49.76,beauty,cash on delivery,loyal,south,2119.2799999999997,16,132.45499999999998,166
CUST_983,INV_9574,2024-03-28,74.7,books,debit card,returning,west,1420.05,15,94.67,178
CUST_648,INV_9575,2024-06-01,43.89,home,upi,loyal,north,1229.63,9,136.62555555555556,135
CUST_835,INV_9576,2024-02-24,90.67,books,credit card,loyal,south,915.88,11,83.26181818181819,162
CUST_336,INV_9577,2024-05-16,382.39,electronics,cash on delivery,new,west,1099.62,10,109.96199999999999,128
CUST_272,INV_9578,2024-01-17,599.25,home,credit card,new,west,1756.03,19,92.42263157894736,152
CUST_116,INV_9579,2024-05-28,149.04,electronics,upi,returning,south,1609.68,13,123.82153846153847,148
CUST_817,INV_9580,2024-05-20,51.8,home,cash on delivery,loyal,east,212.51,5,42.501999999999995,118
CUST_367,INV_9581,2024-05-10,68.21,clothing,cash on delivery,new,east,1281.82,8,160.2275,117
CUST_93,INV_9582,2024-01-04,44.12,beauty,cash on delivery,loyal,south,316.56,5,63.312,156
CUST_167,INV_9583,2024-01-07,423.88,beauty,upi,loyal,west,1408.6799999999998,11,128.06181818181815,154
CUST_953,INV_9584,2024-01-26,123.02,electronics,cash on delivery,returning,north,781.53,8,97.69125,161
CUST_714,INV_9585,2024-01-24,59.59,electronics,cash on delivery,loyal,north,636.83,9,70.75888888888889,165
CUST_340,INV_9586,2024-01-10,1.22,clothing,credit card,new,east,709.45,9,78.82777777777778,168
CUST_660,INV_9587,2024-01-13,73.5,books,upi,returning,north,1775.47,16,110.966875,162
CUST_913,INV_9588,2024-05-04,413.07,home,debit card,returning,west,1886.23,11,171.47545454545454,176
CUST_694,INV_9589,2024-06-20,74.04,clothing,upi,returning,south,958.35,7,136.90714285714287,178
CUST_924,INV_9590,2024-02-08,20.14,clothing,upi,new,west,1477.36,17,86.9035294117647,156
CUST_151,INV_9591,2024-05-26,2.23,electronics,cash on delivery,returning,north,537.1,7,76.72857142857143,173
CUST_585,INV_9592,2024-06-27,43.8,electronics,credit card,loyal,west,685.78,10,68.578,150
CUST_876,INV_9593,2024-01-19,250.38,books,credit card,returning,east,1446.61,14,103.3292857142857,158
CUST_912,INV_9594,2024-03-16,567.06,books,upi,new,south,1248.99,11,113.54454545454546,158
CUST_273,INV_9595,2024-02-21,290.71,electronics,debit card,new,south,952.6199999999999,10,95.26199999999999,152
CUST_553,INV_9596,2024-06-23,130.72,beauty,upi,returning,north,1940.8,15,129.38666666666666,147
CUST_495,INV_9597,2024-04-29,81.68,books,debit card,loyal,north,1322.4,8,165.3,129
CUST_723,INV_9598,2024-06-06,89.33,clothing,debit card,new,west,342.29,7,48.89857142857143,67
CUST_100,INV_9599,2024-02-15,77.43,electronics,upi,new,west,1127.27,11,102.47909090909091,167
CUST_556,INV_9600,2024-05-28,122.78,home,cash on delivery,new,south,779.64,11,70.87636363636364,134
CUST_81,INV_9601,2024-03-15,54.28,home,cash on delivery,returning,east,954.4300000000001,11,86.76636363636364,115
CUST_528,INV_9602,2024-05-03,110.63,beauty,debit card,new,east,1481.26,10,148.126,171
CUST_72,INV_9603,2024-02-17,12.97,electronics,credit card,new,north,2477.25,19,130.3815789473684,176
CUST_13,INV_9604,2024-03-02,30.88,clothing,cash on delivery,new,east,778.9,10,77.89,76
CUST_432,INV_9605,2024-02-27,180.79,beauty,cash on delivery,returning,south,956.8299999999999,7,136.69,39
CUST_156,INV_9606,2024-01-18,234.08,clothing,debit card,new,east,1096.8,10,109.67999999999999,146
CUST_734,INV_9607,2024-04-17,77.44,home,debit card,new,south,1246.28,10,124.628,150
CUST_131,INV_9608,2024-02-17,3.21,clothing,debit card,returning,north,1297.4,12,108.11666666666667,163
CUST_337,INV_9609,2024-03-03,261.69,home,cash on delivery,returning,west,1842.48,13,141.72923076923078,162
CUST_403,INV_9610,2024-01-12,121.09,books,cash on delivery,loyal,east,1055.5900000000001,8,131.94875000000002,91
CUST_375,INV_9611,2024-02-03,53.45,home,credit card,new,south,1246.71,14,89.05071428571429,148
CUST_887,INV_9612,2024-04-11,91.22,home,credit card,returning,north,1046.3799999999999,12,87.19833333333332,161
CUST_558,INV_9613,2024-03-27,56.17,beauty,upi,loyal,south,1012.74,15,67.516,163
CUST_106,INV_9614,2024-01-25,62.61,beauty,debit card,new,east,1046.54,8,130.8175,138
CUST_619,INV_9615,2024-05-11,217.87,electronics,cash on delivery,returning,south,1679.21,13,129.17000000000002,165
CUST_264,INV_9616,2024-05-20,17.56,electronics,credit card,returning,north,1034.75,10,103.475,165
CUST_204,INV_9617,2024-06-18,10.94,home,debit card,new,north,604.12,8,75.515,120
CUST_78,INV_9618,2024-02-18,0.27,books,debit card,new,west,1628.28,14,116.30571428571429,164
CUST_154,INV_9619,2024-03-18,37.69,electronics,upi,loyal,west,894.68,11,81.33454545454545,146
CUST_782,INV_9620,2024-06-23,15.95,home,debit card,new,east,1358.75,16,84.921875,170
CUST_987,INV_9621,2024-05-15,24.84,beauty,credit card,new,north,1846.98,17,108.64588235294117,171
CUST_996,INV_9622,2024-02-24,1.13,electronics,upi,new,east,892.71,10,89.271,139
CUST_246,INV_9623,2024-01-18,25.77,electronics,cash on delivery,returning,north,1430.28,15,95.352,149
CUST_530,INV_9624,2024-02-04,40.45,home,upi,loyal,east,575.49,6,95.915,170
CUST_857,INV_9625,2024-06-08,3.21,home,debit card,loyal,north,1238.11,13,95.23923076923076,128
CUST_947,INV_9626,2024-05-31,93.62,clothing,debit card,loyal,east,524.38,7,74.91142857142857,113
CUST_537,INV_9627,2024-01-07,84.12,clothing,credit card,returning,south,949.47,11,86.31545454545454,160
CUST_728,INV_9628,2024-01-13,10.21,books,debit card,new,west,808.54,9,89.83777777777777,142
CUST_153,INV_9629,2024-05-05,90.39,electronics,cash on delivery,returning,south,2354.16,19,123.90315789473684,138
CUST_153,INV_9630,2024-04-21,661.06,clothing,credit card,loyal,west,2354.16,19,123.90315789473684,138
CUST_685,INV_9631,2024-03-09,289.08,home,debit card,new,east,1553.76,10,155.376,168
CUST_91,INV_9632,2024-04-09,0.27,electronics,cash on delivery,new,north,802.32,10,80.232,137
CUST_432,INV_9633,2024-03-30,158.66,clothing,credit card,loyal,north,956.8299999999999,7,136.69,39
CUST_337,INV_9634,2024-02-11,43.63,books,debit card,new,east,1842.48,13,141.72923076923078,162
CUST_479,INV_9635,2024-04-18,6.58,books,cash on delivery,returning,north,1529.98,12,127.49833333333333,144
CUST_692,INV_9636,2024-06-07,35.1,books,cash on delivery,loyal,east,2789.69,17,164.09941176470588,153
CUST_130,INV_9637,2024-04-19,38.82,books,upi,returning,south,663.9599999999999,10,66.39599999999999,143
CUST_449,INV_9638,2024-01-26,74.08,home,credit card,new,east,1535.53,15,102.36866666666667,160
CUST_992,INV_9639,2024-03-16,108.2,books,upi,loyal,north,1168.02,12,97.335,121
CUST_809,INV_9640,2024-02-01,138.25,beauty,cash on delivery,new,north,907.48,7,129.64000000000001,131
CUST_786,INV_9641,2024-03-31,28.22,books,upi,loyal,east,1196.88,13,92.06769230769231,155
CUST_272,INV_9642,2024-05-04,38.83,clothing,upi,loyal,east,1756.03,19,92.42263157894736,152
CUST_928,INV_9643,2024-05-05,36.87,electronics,upi,loyal,east,1642.5,21,78.21428571428571,169
CUST_587,INV_9644,2024-02-21,45.06,clothing,credit card,loyal,east,1142.67,14,81.61928571428572,176
CUST_176,INV_9645,2024-05-27,797.58,electronics,debit card,loyal,west,1919.6100000000001,12,159.9675,145
CUST_695,INV_9646,2024-04-12,150.48,home,upi,new,west,1503.8600000000001,10,150.38600000000002,158
CUST_830,INV_9647,2024-04-14,368.85,electronics,debit card,loyal,south,1706.6100000000001,14,121.9007142857143,146
CUST_642,INV_9648,2024-06-16,118.13,beauty,credit card,returning,west,751.1500000000001,7,107.30714285714286,150
CUST_874,INV_9649,2024-01-14,52.13,books,debit card,loyal,north,504.63000000000005,7,72.09,146
CUST_48,INV_9650,2024-06-20,49.39,clothing,credit card,returning,west,818.66,11,74.42363636363636,164
CUST_566,INV_9651,2024-04-13,67.06,electronics,debit card,new,west,968.67,13,74.51307692307692,111
CUST_665,INV_9652,2024-04-26,53.93,clothing,credit card,loyal,north,1727.89,15,115.19266666666667,146
CUST_354,INV_9653,2024-02-17,176.22,books,cash on delivery,loyal,west,1420.43,12,118.36916666666667,134
CUST_711,INV_9654,2024-04-02,62.55,home,credit card,returning,east,1223.05,9,135.89444444444445,153
CUST_307,INV_9655,2024-06-19,35.04,books,debit card,loyal,west,1040.1299999999999,9,115.57,106
CUST_867,INV_9656,2024-05-23,149.1,home,upi,new,west,605.92,9,67.32444444444444,153
CUST_884,INV_9657,2024-04-19,192.7,clothing,cash on delivery,new,west,679.67,10,67.967,153
CUST_629,INV_9658,2024-06-11,54.55,home,upi,loyal,east,1015.25,13,78.09615384615384,153
CUST_774,INV_9659,2024-02-22,110.2,home,debit card,returning,east,500.69,5,100.138,114
CUST_45,INV_9660,2024-06-10,6.06,home,upi,new,south,607.77,7,86.82428571428571,148
CUST_301,INV_9661,2024-01-03,75.39,home,upi,loyal,south,731.7,15,48.78,158
CUST_867,INV_9662,2024-03-08,4.6,home,credit card,returning,east,605.92,9,67.32444444444444,153
CUST_911,INV_9663,2024-05-12,2.96,electronics,debit card,returning,north,835.55,14,59.68214285714286,154
CUST_407,INV_9664,2024-05-17,94.91,home,upi,new,south,917.11,9,101.9011111111111,106
CUST_188,INV_9665,2024-02-21,36.15,home,upi,loyal,west,811.53,9,90.17,94
CUST_821,INV_9666,2024-06-05,135.69,books,upi,new,west,2552.8,18,141.82222222222222,162
CUST_829,INV_9667,2024-04-05,226.42,books,debit card,returning,west,2524.41,11,229.49181818181816,150
CUST_128,INV_9668,2024-01-31,15.01,books,cash on delivery,new,north,1228.05,16,76.753125,176
CUST_560,INV_9669,2024-03-06,128.93,home,upi,loyal,south,1191.05,12,99.25416666666666,167
CUST_536,INV_9670,2024-03-31,72.26,books,upi,new,east,2514.01,16,157.125625,170
CUST_265,INV_9671,2024-03-09,11.89,electronics,cash on delivery,returning,east,731.36,9,81.26222222222222,129
CUST_117,INV_9672,2024-06-13,105.44,clothing,cash on delivery,new,north,2229.23,16,139.326875,150
CUST_463,INV_9673,2024-06-03,94.02,books,cash on delivery,returning,east,914.48,6,152.41333333333333,162
CUST_143,INV_9674,2024-03-27,72.49,books,upi,returning,north,1385.37,14,98.955,149
CUST_441,INV_9675,2024-02-02,261.01,electronics,credit card,returning,east,1047.24,12,87.27,141
CUST_199,INV_9676,2024-03-08,73.62,beauty,debit card,new,east,813.37,6,135.56166666666667,157
CUST_156,INV_9677,2024-03-28,465.81,beauty,upi,loyal,north,1096.8,10,109.67999999999999,146
CUST_486,INV_9678,2024-06-20,71.18,electronics,cash on delivery,returning,east,786.74,7,112.39142857142858,170
CUST_859,INV_9679,2024-04-04,12.31,books,cash on delivery,new,south,249.97,6,41.66166666666667,157
CUST_133,INV_9680,2024-04-17,63.58,clothing,cash on delivery,returning,east,854.97,11,77.72454545454546,109
CUST_911,INV_9681,2024-06-25,20.13,books,cash on delivery,new,west,835.55,14,59.68214285714286,154
CUST_147,INV_9682,2024-02-22,90.92,electronics,credit card,returning,north,897.03,11,81.54818181818182,162
CUST_335,INV_9683,2024-03-14,118.13,electronics,debit card,new,east,1313.5,11,119.4090909090909,107
CUST_70,INV_9684,2024-02-18,63.19,home,credit card,returning,south,519.88,7,74.26857142857143,147
CUST_232,INV_9685,2024-04-22,10.28,electronics,credit card,returning,east,1707.56,16,106.7225,153
CUST_333,INV_9686,2024-04-23,63.23,home,debit card,returning,east,1502.38,12,125.19833333333334,162
CUST_810,INV_9687,2024-04-04,8.5,electronics,upi,loyal,west,346.98,8,43.3725,116
CUST_665,INV_9688,2024-01-25,114.61,home,upi,new,south,1727.89,15,115.19266666666667,146
CUST_89,INV_9689,2024-05-11,156.24,home,credit card,loyal,east,1903.25,14,135.94642857142858,151
CUST_333,INV_9690,2024-06-27,328.02,books,debit card,new,east,1502.38,12,125.19833333333334,162
CUST_198,INV_9691,2024-05-18,16.11,home,cash on delivery,returning,west,723.96,8,90.495,146
CUST_160,INV_9692,2024-05-24,76.02,beauty,debit card,new,north,1260.26,17,74.13294117647058,158
CUST_537,INV_9693,2024-04-17,83.83,electronics,upi,new,north,949.47,11,86.31545454545454,160
CUST_120,INV_9694,2024-03-09,255.72,clothing,credit card,returning,north,731.67,6,121.945,142
CUST_300,INV_9695,2024-03-24,98.69,electronics,cash on delivery,returning,west,811.0799999999999,10,81.10799999999999,124
CUST_723,INV_9696,2024-06-05,15.73,books,upi,returning,north,342.29,7,48.89857142857143,67
CUST_574,INV_9697,2024-03-25,57.33,books,cash on delivery,new,south,1145.9,15,76.39333333333335,157
CUST_962,INV_9698,2024-04-28,106.35,home,debit card,returning,north,1727.8,16,107.9875,166
CUST_435,INV_9699,2024-03-12,120.49,books,debit card,returning,north,852.01,12,71.00083333333333,173
CUST_67,INV_9700,2024-01-20,198.83,books,upi,new,east,823.55,9,91.50555555555555,144
CUST_764,INV_9701,2024-01-27,19.91,electronics,upi,loyal,south,189.22,5,37.844,143
CUST_921,INV_9702,2024-01-08,302.71,beauty,cash on delivery,new,west,1084.65,8,135.58125,156
CUST_458,INV_9703,2024-03-25,6.1,beauty,cash on delivery,new,south,1730.79,13,133.1376923076923,145
CUST_513,INV_9704,2024-03-01,412.04,home,debit card,new,north,1542.87,9,171.42999999999998,138
CUST_397,INV_9705,2024-06-04,195.03,books,credit card,returning,east,692.7,8,86.5875,90
CUST_619,INV_9706,2024-01-03,107.96,books,cash on delivery,new,west,1679.21,13,129.17000000000002,165
CUST_285,INV_9707,2024-01-07,132.8,beauty,debit card,loyal,south,482.17,7,68.88142857142857,134
CUST_560,INV_9708,2024-01-04,7.55,home,credit card,new,south,1191.05,12,99.25416666666666,167
CUST_139,INV_9709,2024-05-12,4.24,books,upi,new,north,1144.72,8,143.09,97
CUST_729,INV_9710,2024-05-18,10.73,home,upi,returning,north,707.35,9,78.59444444444445,140
CUST_555,INV_9711,2024-05-04,9.14,electronics,cash on delivery,returning,west,1410.72,14,100.76571428571428,147
CUST_928,INV_9712,2024-01-15,79.27,books,credit card,loyal,north,1642.5,21,78.21428571428571,169
CUST_780,INV_9713,2024-01-13,24.26,books,debit card,new,east,1254.05,14,89.575,168
CUST_589,INV_9714,2024-04-27,196.76,books,cash on delivery,new,west,970.4399999999999,7,138.6342857142857,102
CUST_727,INV_9715,2024-01-07,59.01,beauty,debit card,new,north,1229.15,12,102.42916666666667,160
CUST_893,INV_9716,2024-04-13,118.91,beauty,credit card,new,west,520.47,9,57.830000000000005,142
CUST_609,INV_9717,2024-01-06,105.81,books,cash on delivery,new,south,2235.26,16,139.70375,177
CUST_747,INV_9718,2024-03-04,38.54,books,credit card,new,west,1537.69,11,139.79,145
CUST_281,INV_9719,2024-06-26,27.86,electronics,credit card,returning,south,426.09000000000003,8,53.261250000000004,166
CUST_660,INV_9720,2024-01-30,41.92,electronics,credit card,loyal,west,1775.47,16,110.966875,162
CUST_923,INV_9721,2024-01-22,159.29,home,debit card,new,north,935.05,9,103.89444444444445,156
CUST_815,INV_9722,2024-06-01,88.26,home,upi,new,south,914.0699999999999,10,91.407,119
CUST_995,INV_9723,2024-06-04,29.24,beauty,cash on delivery,returning,west,1159.33,7,165.6185714285714,127
CUST_935,INV_9724,2024-04-27,170.29,clothing,debit card,new,east,2032.24,18,112.90222222222222,169
CUST_577,INV_9725,2024-03-24,5.63,electronics,credit card,returning,north,526.32,8,65.79,137
CUST_745,INV_9726,2024-06-15,120.13,home,debit card,loyal,west,789.68,7,112.81142857142856,163
CUST_456,INV_9727,2024-05-12,57.82,electronics,credit card,new,west,923.6800000000001,10,92.36800000000001,164
CUST_86,INV_9728,2024-05-22,131.41,electronics,credit card,loyal,south,824.3199999999999,11,74.93818181818182,145
CUST_78,INV_9729,2024-03-30,262.36,clothing,credit card,new,south,1628.28,14,116.30571428571429,164
CUST_204,INV_9730,2024-06-16,138.64,electronics,credit card,loyal,north,604.12,8,75.515,120
CUST_790,INV_9731,2024-04-30,58.33,clothing,debit card,loyal,south,1002.99,11,91.1809090909091,137
CUST_336,INV_9732,2024-04-15,16.37,clothing,credit card,new,west,1099.62,10,109.96199999999999,128
CUST_253,INV_9733,2024-03-09,164.17,electronics,debit card,loyal,west,1062.94,12,88.57833333333333,111
CUST_303,INV_9734,2024-04-04,61.75,electronics,debit card,returning,south,1490.35,11,135.48636363636362,146
CUST_379,INV_9735,2024-03-17,7.83,home,upi,returning,north,961.96,11,87.4509090909091,168
CUST_129,INV_9736,2024-06-19,126.96,electronics,debit card,loyal,east,1389.36,17,81.7270588235294,163
CUST_595,INV_9737,2024-01-01,34.51,electronics,upi,loyal,west,1111.22,13,85.47846153846154,179
CUST_275,INV_9738,2024-05-29,5.01,electronics,upi,returning,west,861.36,10,86.136,152
CUST_698,INV_9739,2024-03-02,233.05,home,upi,new,south,1683.8300000000002,15,112.25533333333334,111
CUST_557,INV_9740,2024-06-02,65.99,clothing,debit card,returning,east,1240.24,14,88.58857142857143,126
CUST_898,INV_9741,2024-01-18,32.98,home,upi,loyal,west,909.4,13,69.95384615384616,157
CUST_182,INV_9742,2024-02-17,126.01,electronics,cash on delivery,returning,east,1836.42,14,131.17285714285714,157
CUST_267,INV_9743,2024-05-16,217.07,books,credit card,new,east,1714.25,16,107.140625,141
CUST_807,INV_9744,2024-01-01,0.03,electronics,debit card,returning,west,190.21,7,27.172857142857143,144
CUST_321,INV_9745,2024-05-16,116.43,home,credit card,new,east,427.93,6,71.32166666666667,120
CUST_511,INV_9746,2024-05-30,145.68,home,debit card,loyal,east,820.69,8,102.58625,138
CUST_611,INV_9747,2024-04-16,23.56,beauty,upi,returning,south,1114.33,12,92.86083333333333,172
CUST_77,INV_9748,2024-06-21,67.26,books,cash on delivery,returning,south,547.69,10,54.769000000000005,140
CUST_783,INV_9749,2024-05-09,9.35,home,upi,new,east,979.42,8,122.4275,141
CUST_338,INV_9750,2024-05-21,137.34,clothing,debit card,returning,north,1012.3600000000001,9,112.48444444444446,154
CUST_673,INV_9751,2024-02-07,188.03,electronics,upi,returning,east,1697.43,10,169.743,139
CUST_555,INV_9752,2024-02-09,11.45,clothing,cash on delivery,new,west,1410.72,14,100.76571428571428,147
CUST_508,INV_9753,2024-03-22,169.53,home,credit card,returning,north,749.6,11,68.14545454545454,169
CUST_237,INV_9754,2024-01-16,147.65,home,credit card,new,south,942.61,7,134.65857142857143,135
CUST_133,INV_9755,2024-05-06,42.6,clothing,upi,loyal,north,854.97,11,77.72454545454546,109
CUST_972,INV_9756,2024-04-26,117.21,clothing,debit card,returning,south,2206.61,18,122.58944444444445,154
CUST_355,INV_9758,2024-05-13,268.53,electronics,credit card,new,east,1291.94,10,129.19400000000002,158
CUST_277,INV_9759,2024-01-03,79.94,clothing,cash on delivery,returning,south,620.09,13,47.69923076923077,170
CUST_17,INV_9760,2024-01-14,96.85,electronics,upi,new,west,1537.6100000000001,7,219.65857142857143,122
CUST_523,INV_9761,2024-03-06,109.26,books,upi,loyal,north,1222.61,11,111.14636363636363,172
CUST_179,INV_9762,2024-04-04,82.41,home,credit card,loyal,east,582.36,10,58.236000000000004,153
CUST_122,INV_9763,2024-03-26,194.33,clothing,debit card,returning,north,1014.54,7,144.93428571428572,145
CUST_245,INV_9764,2024-04-23,94.08,books,upi,loyal,north,731.02,10,73.102,168
CUST_733,INV_9765,2024-06-07,238.34,home,debit card,returning,west,988.9300000000001,12,82.41083333333334,94
CUST_372,INV_9766,2024-06-09,87.31,beauty,debit card,returning,north,476.82,7,68.11714285714285,101
CUST_50,INV_9767,2024-05-08,18.77,home,credit card,new,west,1402.2,8,175.275,128
CUST_999,INV_9768,2024-06-20,244.83,clothing,debit card,new,south,517.4000000000001,4,129.35000000000002,167
CUST_70,INV_9769,2024-01-15,114.45,books,cash on delivery,new,west,519.88,7,74.26857142857143,147
CUST_479,INV_9770,2024-02-06,120.14,books,cash on delivery,new,west,1529.98,12,127.49833333333333,144
CUST_559,INV_9771,2024-06-03,423.23,books,credit card,returning,south,1782.0,11,162.0,111
CUST_18,INV_9772,2024-06-24,7.82,home,upi,new,west,1436.15,15,95.74333333333334,167
CUST_773,INV_9773,2024-01-27,55.97,electronics,debit card,new,east,730.25,10,73.025,139
CUST_83,INV_9774,2024-01-12,27.32,electronics,cash on delivery,loyal,north,1386.48,14,99.03428571428572,166
CUST_154,INV_9775,2024-03-07,99.54,home,credit card,returning,west,894.68,11,81.33454545454545,146
CUST_564,INV_9776,2024-01-30,164.41,clothing,credit card,loyal,north,1502.43,8,187.80375,93
CUST_618,INV_9777,2024-04-05,339.06,home,debit card,loyal,west,1557.1,10,155.70999999999998,161
CUST_356,INV_9778,2024-05-14,60.62,electronics,credit card,loyal,south,905.13,8,113.14125,131
CUST_815,INV_9779,2024-02-03,154.28,home,upi,new,south,914.0699999999999,10,91.407,119
CUST_646,INV_9780,2024-02-01,248.95,books,debit card,returning,north,390.61,5,78.122,158
CUST_442,INV_9781,2024-04-26,114.99,clothing,upi,loyal,north,1684.2,14,120.3,146
CUST_68,INV_9782,2024-02-08,27.8,clothing,cash on delivery,loyal,north,1342.35,15,89.49,125
CUST_522,INV_9783,2024-04-05,93.61,beauty,cash on delivery,returning,south,659.8299999999999,11,59.98454545454545,165
CUST_142,INV_9784,2024-06-19,350.5,home,cash on delivery,new,north,1343.5,12,111.95833333333333,138
CUST_191,INV_9785,2024-06-19,438.63,books,cash on delivery,loyal,west,1744.07,14,124.57642857142856,154
CUST_386,INV_9786,2024-05-10,102.82,home,credit card,returning,west,2344.88,16,146.555,158
CUST_377,INV_9787,2024-06-22,218.03,beauty,upi,new,north,1043.45,13,80.26538461538462,166
CUST_580,INV_9788,2024-06-08,22.36,beauty,credit card,new,south,506.56,8,63.32,159
CUST_534,INV_9789,2024-02-12,28.25,home,credit card,new,west,468.87,6,78.145,109
CUST_692,INV_9790,2024-03-21,305.52,home,cash on delivery,new,south,2789.69,17,164.09941176470588,153
CUST_292,INV_9791,2024-01-03,14.53,home,upi,new,south,1356.77,9,150.75222222222223,141
CUST_8,INV_9792,2024-03-14,21.21,electronics,debit card,returning,south,779.15,6,129.85833333333332,156
CUST_270,INV_9793,2024-04-26,54.57,beauty,debit card,new,north,965.77,12,80.48083333333334,160
CUST_386,INV_9794,2024-03-03,89.06,clothing,debit card,loyal,south,2344.88,16,146.555,158
CUST_92,INV_9795,2024-04-20,92.59,electronics,upi,returning,south,1036.66,13,79.74307692307693,129
CUST_965,INV_9796,2024-02-09,34.53,books,cash on delivery,loyal,north,680.35,8,85.04375,139
CUST_528,INV_9797,2024-01-18,253.34,clothing,cash on delivery,loyal,east,1481.26,10,148.126,171
CUST_153,INV_9798,2024-03-07,246.63,clothing,upi,new,west,2354.16,19,123.90315789473684,138
CUST_404,INV_9799,2024-04-12,49.77,clothing,cash on delivery,new,north,401.87,13,30.913076923076922,161
CUST_839,INV_9800,2024-05-17,56.97,beauty,upi,returning,west,1780.11,16,111.256875,135
CUST_148,INV_9801,2024-06-28,121.23,books,upi,returning,north,1127.95,11,102.5409090909091,178
CUST_888,INV_9802,2024-02-15,108.77,electronics,debit card,loyal,north,922.5,13,70.96153846153847,151
CUST_266,INV_9803,2024-02-24,48.17,books,debit card,new,north,877.1,9,97.45555555555556,160
CUST_421,INV_9804,2024-06-22,53.49,electronics,credit card,new,west,1688.19,15,112.546,170
CUST_839,INV_9805,2024-03-15,42.78,beauty,upi,loyal,north,1780.11,16,111.256875,135
CUST_617,INV_9806,2024-04-06,26.84,books,debit card,new,north,1079.01,13,83.00076923076924,122
CUST_471,INV_9807,2024-01-26,61.27,clothing,debit card,returning,north,462.12,7,66.01714285714286,144
CUST_892,INV_9808,2024-06-03,115.97,books,debit card,loyal,west,1313.34,11,119.39454545454545,141
CUST_546,INV_9809,2024-06-14,135.47,beauty,cash on delivery,new,east,1600.3700000000001,13,123.10538461538462,158
CUST_630,INV_9810,2024-01-22,150.9,beauty,debit card,loyal,north,1144.15,11,104.01363636363637,164
CUST_525,INV_9811,2024-01-26,46.96,beauty,cash on delivery,new,north,1304.45,15,86.96333333333334,174
CUST_502,INV_9812,2024-06-11,144.66,electronics,debit card,new,north,948.38,12,79.03166666666667,165
CUST_13,INV_9813,2024-03-13,0.65,books,cash on delivery,new,north,778.9,10,77.89,76
CUST_777,INV_9814,2024-04-24,64.83,clothing,cash on delivery,returning,north,627.48,11,57.04363636363637,172
CUST_651,INV_9815,2024-02-20,157.94,clothing,debit card,loyal,east,474.01,8,59.25125,155
CUST_805,INV_9816,2024-04-22,99.44,home,upi,returning,south,875.45,12,72.95416666666667,171
CUST_363,INV_9817,2024-05-25,64.26,beauty,credit card,returning,south,1494.74,16,93.42125,141
CUST_118,INV_9818,2024-06-19,103.46,clothing,credit card,loyal,north,919.75,9,102.19444444444444,146
CUST_237,INV_9819,2024-01-12,237.46,beauty,upi,loyal,west,942.61,7,134.65857142857143,135
CUST_545,INV_9820,2024-01-03,83.56,clothing,debit card,new,east,707.49,11,64.31727272727272,143
CUST_168,INV_9821,2024-04-29,160.84,books,upi,new,east,671.21,5,134.24200000000002,157
CUST_521,INV_9822,2024-05-14,394.99,home,debit card,loyal,east,1074.26,7,153.46571428571428,129
CUST_633,INV_9823,2024-05-13,122.27,beauty,debit card,new,south,1314.47,13,101.11307692307693,161
CUST_912,INV_9824,2024-03-22,85.17,electronics,debit card,new,west,1248.99,11,113.54454545454546,158
CUST_656,INV_9825,2024-02-14,3.82,electronics,debit card,loyal,south,1419.27,11,129.02454545454546,135
CUST_962,INV_9826,2024-05-06,46.92,clothing,debit card,returning,east,1727.8,16,107.9875,166
CUST_957,INV_9827,2024-03-26,83.34,books,upi,loyal,south,1402.95,15,93.53,149
CUST_734,INV_9828,2024-04-24,159.56,beauty,upi,loyal,south,1246.28,10,124.628,150
CUST_882,INV_9829,2024-06-15,57.64,home,credit card,returning,north,1199.94,15,79.99600000000001,156
CUST_768,INV_9830,2024-06-27,322.03,books,debit card,new,north,2004.6799999999998,9,222.7422222222222,169
CUST_779,INV_9831,2024-01-09,31.72,clothing,upi,returning,north,603.65,9,67.07222222222222,153
CUST_870,INV_9832,2024-05-30,136.48,books,upi,returning,east,1217.66,12,101.47166666666668,169
CUST_515,INV_9833,2024-01-12,54.31,home,debit card,loyal,north,884.47,13,68.03615384615385,165
CUST_937,INV_9834,2024-04-25,66.55,books,debit card,new,east,1849.38,14,132.09857142857143,167
CUST_396,INV_9835,2024-03-28,162.2,beauty,upi,new,north,1235.97,10,123.59700000000001,163
CUST_865,INV_9836,2024-03-02,35.13,clothing,debit card,returning,east,636.91,13,48.99307692307692,136
CUST_105,INV_9837,2024-04-13,10.18,home,cash on delivery,loyal,south,1413.3799999999999,12,117.78166666666665,153
CUST_84,INV_9838,2024-03-13,73.45,clothing,upi,returning,west,715.28,8,89.41,97
CUST_213,INV_9839,2024-03-17,75.25,beauty,credit card,new,east,783.45,10,78.345,103
CUST_120,INV_9840,2024-02-09,159.54,home,debit card,new,south,731.67,6,121.945,142
CUST_131,INV_9841,2024-05-14,345.2,home,cash on delivery,loyal,north,1297.4,12,108.11666666666667,163
CUST_849,INV_9842,2024-01-17,5.69,clothing,credit card,loyal,south,1751.8999999999999,14,125.13571428571427,174
CUST_196,INV_9843,2024-04-28,89.57,books,credit card,returning,south,595.04,6,99.17333333333333,114
CUST_18,INV_9844,2024-05-05,114.34,books,credit card,loyal,west,1436.15,15,95.74333333333334,167
CUST_641,INV_9845,2024-06-26,425.46,electronics,debit card,returning,north,1177.91,8,147.23875,167
CUST_11,INV_9846,2024-01-24,285.75,electronics,credit card,loyal,east,2019.26,18,112.18111111111111,160
CUST_80,INV_9847,2024-01-02,124.64,home,upi,returning,east,786.99,8,98.37375,175
CUST_329,INV_9848,2024-04-01,73.77,clothing,upi,new,east,1777.21,10,177.721,163
CUST_865,INV_9849,2024-06-09,17.62,home,debit card,new,north,636.91,13,48.99307692307692,136
CUST_773,INV_9850,2024-05-28,48.48,clothing,debit card,new,east,730.25,10,73.025,139
CUST_391,INV_9851,2024-04-26,87.98,beauty,credit card,new,west,759.66,10,75.966,149
CUST_636,INV_9852,2024-02-22,129.17,electronics,debit card,new,south,1154.28,9,128.25333333333333,87
CUST_306,INV_9853,2024-02-15,100.9,home,upi,new,north,352.3,5,70.46000000000001,154
CUST_266,INV_9854,2024-02-14,125.22,beauty,upi,loyal,east,877.1,9,97.45555555555556,160
CUST_446,INV_9855,2024-01-09,56.06,books,upi,loyal,south,977.14,10,97.714,168
CUST_440,INV_9856,2024-01-06,130.06,electronics,debit card,loyal,south,952.15,14,68.01071428571429,154
CUST_894,INV_9857,2024-02-20,15.52,clothing,upi,returning,west,761.35,10,76.135,161
CUST_651,INV_9858,2024-04-28,17.74,books,debit card,loyal,east,474.01,8,59.25125,155
CUST_840,INV_9859,2024-02-04,17.77,books,cash on delivery,loyal,north,174.72,6,29.12,156
CUST_1,INV_9860,2024-03-22,221.52,beauty,credit card,returning,south,1418.52,9,157.61333333333334,158
CUST_519,INV_9861,2024-05-26,7.91,home,cash on delivery,returning,west,1053.73,14,75.26642857142858,151
CUST_761,INV_9862,2024-01-25,161.7,home,upi,new,south,890.0999999999999,9,98.89999999999999,163
CUST_650,INV_9863,2024-05-18,26.6,beauty,credit card,loyal,west,461.28000000000003,8,57.660000000000004,136
CUST_635,INV_9864,2024-01-17,63.19,books,upi,loyal,west,338.47,5,67.694,111
CUST_308,INV_9865,2024-02-05,247.64,electronics,upi,returning,south,595.39,9,66.15444444444444,148
CUST_739,INV_9866,2024-04-05,88.17,books,cash on delivery,new,south,1467.28,10,146.728,164
CUST_521,INV_9867,2024-01-21,23.59,beauty,upi,loyal,east,1074.26,7,153.46571428571428,129
CUST_468,INV_9868,2024-01-18,33.42,books,credit card,returning,north,428.27,7,61.18142857142857,169
CUST_211,INV_9869,2024-05-25,253.13,books,upi,returning,west,1284.27,8,160.53375,155
CUST_111,INV_9870,2024-01-01,55.71,books,credit card,loyal,west,1059.83,13,81.52538461538461,177
CUST_7,INV_9871,2024-05-21,88.43,books,cash on delivery,returning,south,1709.73,13,131.5176923076923,164
CUST_803,INV_9872,2024-05-15,61.61,electronics,debit card,returning,south,917.4300000000001,14,65.5307142857143,157
CUST_476,INV_9873,2024-02-20,47.55,clothing,upi,loyal,south,1088.04,15,72.536,158
CUST_873,INV_9874,2024-03-19,25.27,clothing,cash on delivery,new,north,468.77,6,78.12833333333333,127
CUST_459,INV_9875,2024-06-10,115.9,home,upi,loyal,south,1002.65,10,100.265,162
CUST_252,INV_9876,2024-02-05,126.67,clothing,credit card,new,west,1610.4199999999998,14,115.02999999999999,170
CUST_525,INV_9877,2024-03-02,32.14,clothing,upi,returning,west,1304.45,15,86.96333333333334,174
CUST_751,INV_9878,2024-05-08,155.59,clothing,debit card,loyal,west,1251.49,10,125.149,114
CUST_437,INV_9879,2024-03-25,192.78,books,upi,loyal,north,766.99,12,63.91583333333333,121
CUST_753,INV_9880,2024-02-11,253.42,books,debit card,new,north,1313.51,10,131.351,109
CUST_980,INV_9881,2024-01-01,17.58,electronics,debit card,returning,north,1345.78,11,122.34363636363636,143
CUST_853,INV_9882,2024-02-23,36.23,books,upi,loyal,north,665.79,9,73.97666666666666,154
CUST_660,INV_9883,2024-06-23,196.86,books,cash on delivery,loyal,east,1775.47,16,110.966875,162
CUST_235,INV_9884,2024-04-09,22.13,clothing,upi,returning,east,703.51,9,78.16777777777777,120
CUST_305,INV_9885,2024-02-08,0.35,electronics,debit card,new,east,1482.96,10,148.296,141
CUST_477,INV_9886,2024-06-06,204.66,electronics,cash on delivery,loyal,south,772.8199999999999,7,110.40285714285713,171
CUST_678,INV_9887,2024-01-07,39.52,clothing,debit card,returning,north,705.93,9,78.43666666666667,154
CUST_19,INV_9888,2024-05-29,53.53,clothing,debit card,loyal,north,2104.34,10,210.43400000000003,153
CUST_215,INV_9889,2024-04-30,59.12,electronics,upi,loyal,east,1566.6299999999999,12,130.55249999999998,135
CUST_854,INV_9890,2024-06-26,188.57,beauty,credit card,loyal,east,992.4300000000001,13,76.34076923076924,171
CUST_134,INV_9891,2024-02-14,41.23,clothing,upi,new,north,611.79,7,87.39857142857143,125
CUST_904,INV_9892,2024-03-14,222.82,clothing,credit card,returning,east,1353.9,11,123.08181818181819,166
CUST_128,INV_9893,2024-04-29,95.96,electronics,credit card,loyal,south,1228.05,16,76.753125,176
CUST_409,INV_9894,2024-03-12,74.93,beauty,upi,loyal,south,831.6800000000001,8,103.96000000000001,142
CUST_421,INV_9895,2024-05-17,39.4,beauty,credit card,loyal,south,1688.19,15,112.546,170
CUST_293,INV_9896,2024-05-21,27.93,home,debit card,new,west,1691.33,13,130.10230769230768,168
CUST_245,INV_9897,2024-02-15,97.83,beauty,cash on delivery,loyal,west,731.02,10,73.102,168
CUST_700,INV_9898,2024-05-02,59.22,clothing,upi,returning,north,734.36,10,73.436,142
CUST_555,INV_9899,2024-04-27,241.37,books,credit card,new,west,1410.72,14,100.76571428571428,147
CUST_85,INV_9900,2024-03-15,67.66,electronics,debit card,returning,east,780.99,11,70.99909090909091,156
CUST_555,INV_9901,2024-01-06,71.7,clothing,cash on delivery,loyal,south,1410.72,14,100.76571428571428,147
CUST_841,INV_9902,2024-01-21,53.91,electronics,credit card,loyal,south,637.4,8,79.675,155
CUST_374,INV_9903,2024-05-26,155.71,beauty,credit card,new,west,1235.58,13,95.04461538461538,162
CUST_445,INV_9904,2024-04-12,55.31,electronics,debit card,loyal,south,794.53,11,72.23,146
CUST_377,INV_9905,2024-03-28,31.38,clothing,cash on delivery,returning,south,1043.45,13,80.26538461538462,166
CUST_389,INV_9906,2024-04-08,198.07,books,cash on delivery,returning,south,1622.9,15,108.19333333333334,171
CUST_656,INV_9907,2024-03-02,90.84,clothing,debit card,returning,east,1419.27,11,129.02454545454546,135
CUST_50,INV_9908,2024-04-16,89.53,home,cash on delivery,loyal,west,1402.2,8,175.275,128
CUST_241,INV_9909,2024-03-23,94.37,electronics,upi,loyal,south,1114.7,12,92.89166666666667,155
CUST_293,INV_9910,2024-05-31,126.88,clothing,cash on delivery,new,south,1691.33,13,130.10230769230768,168
CUST_919,INV_9911,2024-02-25,37.55,beauty,credit card,new,south,1715.16,15,114.34400000000001,174
CUST_562,INV_9912,2024-06-10,3.44,beauty,cash on delivery,returning,north,1821.19,13,140.09153846153848,176
CUST_265,INV_9913,2024-01-22,166.39,clothing,upi,returning,east,731.36,9,81.26222222222222,129
CUST_119,INV_9914,2024-03-08,13.8,home,upi,new,west,1011.79,11,91.9809090909091,163
CUST_711,INV_9915,2024-01-10,127.95,electronics,credit card,new,south,1223.05,9,135.89444444444445,153
CUST_916,INV_9916,2024-03-06,8.59,home,credit card,returning,east,1850.32,16,115.645,127
CUST_247,INV_9917,2024-01-08,47.05,books,upi,new,south,871.75,9,96.86111111111111,159
CUST_69,INV_9918,2024-05-02,6.51,clothing,debit card,loyal,west,580.79,8,72.59875,151
CUST_852,INV_9919,2024-02-07,73.86,home,upi,loyal,west,1323.13,13,101.77923076923078,126
CUST_56,INV_9920,2024-05-02,105.88,books,cash on delivery,new,north,385.46,6,64.24333333333333,131
CUST_381,INV_9921,2024-03-02,18.81,home,credit card,new,north,1291.66,10,129.166,129
CUST_38,INV_9922,2024-06-04,46.46,books,debit card,loyal,north,1482.14,19,78.00736842105263,161
CUST_983,INV_9923,2024-05-17,266.27,beauty,upi,loyal,north,1420.05,15,94.67,178
CUST_800,INV_9924,2024-02-14,58.41,beauty,credit card,returning,south,509.39,7,72.77,148
CUST_442,INV_9925,2024-03-05,162.22,clothing,cash on delivery,new,east,1684.2,14,120.3,146
CUST_17,INV_9926,2024-03-07,261.98,home,debit card,loyal,south,1537.6100000000001,7,219.65857142857143,122
CUST_951,INV_9927,2024-05-16,366.3,beauty,debit card,new,north,1323.99,12,110.3325,141
CUST_731,INV_9928,2024-05-12,228.59,electronics,debit card,loyal,north,1332.29,12,111.02416666666666,153
CUST_824,INV_9929,2024-04-15,38.19,beauty,cash on delivery,loyal,south,2560.0699999999997,19,134.74052631578945,159
CUST_755,INV_9930,2024-05-17,328.54,beauty,credit card,new,south,562.57,6,93.76166666666667,139
CUST_351,INV_9931,2024-05-19,167.34,home,upi,returning,east,887.71,9,98.63444444444445,165
CUST_971,INV_9932,2024-03-22,181.51,books,credit card,loyal,east,658.75,8,82.34375,161
CUST_815,INV_9933,2024-02-27,1.53,electronics,cash on delivery,new,west,914.0699999999999,10,91.407,119
CUST_297,INV_9934,2024-05-28,308.43,electronics,credit card,loyal,east,943.38,9,104.82,163
CUST_282,INV_9935,2024-05-28,150.55,books,debit card,new,east,2115.36,18,117.52000000000001,148
CUST_585,INV_9936,2024-05-10,146.09,home,upi,new,north,685.78,10,68.578,150
CUST_109,INV_9937,2024-03-09,8.5,beauty,cash on delivery,loyal,north,633.8199999999999,5,126.76399999999998,100
CUST_179,INV_9938,2024-03-29,26.47,books,debit card,returning,west,582.36,10,58.236000000000004,153
CUST_937,INV_9939,2024-03-04,327.71,electronics,credit card,loyal,west,1849.38,14,132.09857142857143,167
CUST_543,INV_9940,2024-06-25,69.45,electronics,debit card,loyal,east,729.12,10,72.912,179
CUST_745,INV_9941,2024-03-12,50.73,beauty,credit card,returning,east,789.68,7,112.81142857142856,163
CUST_793,INV_9942,2024-01-17,183.22,beauty,credit card,returning,west,1227.72,15,81.848,141
CUST_24,INV_9943,2024-03-13,9.14,clothing,cash on delivery,new,west,1497.66,16,93.60375,163
CUST_842,INV_9944,2024-06-08,53.95,books,credit card,new,north,704.37,8,88.04625,149
CUST_790,INV_9945,2024-03-10,47.11,beauty,debit card,returning,west,1002.99,11,91.1809090909091,137
CUST_737,INV_9946,2024-04-22,43.06,clothing,cash on delivery,returning,north,1151.37,11,104.66999999999999,159
CUST_56,INV_9947,2024-01-21,36.77,home,upi,loyal,north,385.46,6,64.24333333333333,131
CUST_179,INV_9948,2024-05-14,23.58,electronics,cash on delivery,returning,west,582.36,10,58.236000000000004,153
CUST_231,INV_9949,2024-01-07,18.98,books,debit card,loyal,west,1369.29,10,136.929,176
CUST_893,INV_9950,2024-04-20,102.28,home,credit card,loyal,east,520.47,9,57.830000000000005,142
CUST_342,INV_9951,2024-01-27,251.82,books,cash on delivery,loyal,east,881.05,13,67.77307692307691,151
CUST_476,INV_9952,2024-01-08,71.1,books,cash on delivery,returning,north,1088.04,15,72.536,158
CUST_798,INV_9953,2024-01-28,35.38,beauty,cash on delivery,returning,north,1315.81,7,187.97285714285712,145
CUST_575,INV_9954,2024-02-16,17.34,clothing,debit card,loyal,west,542.46,8,67.8075,137
CUST_454,INV_9955,2024-03-26,177.28,books,credit card,returning,south,1356.76,14,96.91142857142857,178
CUST_231,INV_9956,2024-01-10,355.76,home,upi,new,south,1369.29,10,136.929,176
CUST_288,INV_9957,2024-04-23,42.95,books,upi,new,west,1444.41,15,96.29400000000001,150
CUST_212,INV_9958,2024-02-02,34.38,clothing,credit card,loyal,north,783.83,9,87.09222222222223,133
CUST_257,INV_9959,2024-05-14,92.0,electronics,upi,returning,north,431.55,7,61.65,153
CUST_529,INV_9960,2024-05-10,149.31,books,credit card,new,south,973.99,12,81.16583333333334,133
CUST_686,INV_9961,2024-01-14,60.77,home,cash on delivery,loyal,east,778.83,13,59.910000000000004,142
CUST_928,INV_9962,2024-06-20,99.44,electronics,cash on delivery,new,north,1642.5,21,78.21428571428571,169
CUST_228,INV_9963,2024-02-15,126.07,electronics,debit card,loyal,west,1295.1399999999999,14,92.50999999999999,145
CUST_225,INV_9964,2024-03-01,323.38,beauty,cash on delivery,loyal,north,1552.4299999999998,13,119.41769230769229,158
CUST_595,INV_9965,2024-06-12,18.04,beauty,debit card,loyal,north,1111.22,13,85.47846153846154,179
CUST_802,INV_9966,2024-01-13,594.55,books,upi,new,east,1426.79,12,118.89916666666666,159
CUST_434,INV_9967,2024-01-16,49.78,home,upi,loyal,south,1873.11,16,117.069375,161
CUST_881,INV_9968,2024-05-12,128.45,beauty,cash on delivery,loyal,east,900.24,9,100.02666666666667,79
CUST_757,INV_9969,2024-02-07,84.96,clothing,credit card,new,west,1097.94,17,64.58470588235295,170
CUST_401,INV_9970,2024-06-26,66.68,clothing,upi,loyal,west,584.6600000000001,8,73.08250000000001,166
CUST_621,INV_9971,2024-02-07,119.76,electronics,upi,new,east,1010.19,11,91.83545454545455,172
CUST_765,INV_9972,2024-04-12,50.38,electronics,upi,loyal,west,629.97,5,125.994,141
CUST_87,INV_9973,2024-02-25,13.48,electronics,credit card,returning,west,869.63,11,79.05727272727273,164
CUST_583,INV_9974,2024-03-03,67.12,clothing,cash on delivery,returning,north,949.73,12,79.14416666666666,167
CUST_892,INV_9975,2024-04-29,73.8,beauty,debit card,new,west,1313.34,11,119.39454545454545,141
CUST_541,INV_9976,2024-02-17,22.55,beauty,credit card,loyal,north,922.86,13,70.98923076923077,142
CUST_683,INV_9977,2024-04-14,274.29,books,credit card,new,west,555.6600000000001,5,111.13200000000002,94
CUST_308,INV_9978,2024-02-28,25.81,home,upi,loyal,south,595.39,9,66.15444444444444,148
CUST_905,INV_9979,2024-03-17,52.63,clothing,debit card,new,east,1365.3600000000001,11,124.12363636363638,133
CUST_342,INV_9980,2024-06-20,16.83,electronics,credit card,returning,south,881.05,13,67.77307692307691,151
CUST_435,INV_9981,2024-05-06,76.74,home,upi,new,east,852.01,12,71.00083333333333,173
CUST_176,INV_9982,2024-02-24,36.76,electronics,credit card,returning,north,1919.6100000000001,12,159.9675,145
CUST_138,INV_9983,2024-02-24,67.19,home,upi,returning,south,1076.78,10,107.678,169
CUST_193,INV_9984,2024-05-08,25.44,home,debit card,returning,east,1323.7,13,101.82307692307693,165
CUST_185,INV_9985,2024-05-15,5.53,beauty,debit card,new,north,445.11,6,74.185,142
CUST_217,INV_9986,2024-05-06,151.06,books,upi,new,west,1137.8400000000001,13,87.52615384615386,138
CUST_163,INV_9987,2024-05-11,102.47,books,cash on delivery,returning,west,1121.61,13,86.2776923076923,130
CUST_160,INV_9988,2024-03-25,41.66,electronics,credit card,new,north,1260.26,17,74.13294117647058,158
CUST_942,INV_9989,2024-04-24,4.87,clothing,cash on delivery,loyal,east,1124.26,11,102.20545454545454,165
CUST_524,INV_9990,2024-02-27,200.67,books,credit card,returning,north,1104.35,12,92.02916666666665,130
CUST_807,INV_9991,2024-02-06,18.61,clothing,debit card,loyal,east,190.21,7,27.172857142857143,144
CUST_600,INV_9992,2024-02-18,266.99,electronics,credit card,returning,east,1760.6799999999998,14,125.76285714285713,168
CUST_835,INV_9993,2024-03-07,65.12,clothing,upi,loyal,east,915.88,11,83.26181818181819,162
CUST_41,INV_9994,2024-01-19,41.61,home,upi,returning,west,1050.08,9,116.67555555555555,161
CUST_914,INV_9995,2024-05-08,135.39,home,upi,returning,east,1795.96,18,99.77555555555556,170
CUST_209,INV_9996,2024-01-29,209.43,electronics,cash on delivery,returning,north,1118.48,11,101.68,159
CUST_740,INV_9997,2024-03-27,46.32,clothing,debit card,new,west,683.99,8,85.49875,81
CUST_861,INV_9998,2024-02-02,52.31,clothing,debit card,loyal,east,1233.14,8,154.1425,135
CUST_274,INV_9999,2024-04-28,56.77,electronics,debit card,returning,west,652.3000000000001,6,108.71666666666668,123
